[2026-01-12T14:33:09.930Z] eerrr
[2026-01-15T12:23:39.080Z] 
Invalid `prisma.user_device.delete()` invocation:


An operation failed because it depends on one or more records that were required but not found. No record was found for a delete.
[2026-01-15T12:23:40.766Z] 
Invalid `prisma.user_device.delete()` invocation:


An operation failed because it depends on one or more records that were required but not found. No record was found for a delete.
[2026-01-15T12:33:44.223Z] 
Invalid `prisma.user_device.delete()` invocation:


An operation failed because it depends on one or more records that were required but not found. No record was found for a delete.
[2026-01-17T06:01:03.240Z] 
Invalid `prisma.role.findUnique()` invocation:


read ECONNRESET
[2026-01-17T12:45:07.466Z] Cannot read properties of undefined (reading 'id')
[2026-01-21T14:17:07.690Z] 
Invalid `prisma.user.findMany()` invocation:

{
  select: {
    id: true,
    first_name: true,
    last_name: true,
    username: true,
    email: true,
    roles: {
      select: {
        role: {
          select: {
            name: true,
            id: true
          }
        }
      }
    }
  },
  skip: 0,
  take: 10,
  orderBy: {
    id: "ASC"
        ~~~~~
  }
}

Invalid value for argument `id`. Expected SortOrder.
[2026-01-21T14:19:35.145Z] 
Invalid `prisma.user.findMany()` invocation:

{
  select: {
    id: true,
    first_name: true,
    last_name: true,
    username: true,
    email: true,
    roles: {
      select: {
        role: {
          select: {
            name: true,
            id: true
          }
        }
      }
    }
  },
  skip: 0,
  take: 10,
  orderBy: {
    id: "ASC"
        ~~~~~
  }
}

Invalid value for argument `id`. Expected SortOrder.
[2026-01-22T07:02:27.401Z] 
Invalid `prisma.user.findMany()` invocation:

{
  select: {
    id: true,
    first_name: true,
    last_name: true,
    username: true,
    email: true,
    roles: {
      select: {
        role: {
          select: {
            name: true,
            id: true
          }
        }
      }
    }
  },
  take: 10,
  orderBy: {
    id: "asc"
  },
+ skip: Int
}

Argument `skip` is missing.
[2026-01-22T07:02:27.474Z] 
Invalid `prisma.user.findMany()` invocation:

{
  select: {
    id: true,
    first_name: true,
    last_name: true,
    username: true,
    email: true,
    roles: {
      select: {
        role: {
          select: {
            name: true,
            id: true
          }
        }
      }
    }
  },
  take: 10,
  orderBy: {
    id: "asc"
  },
+ skip: Int
}

Argument `skip` is missing.
[2026-01-22T07:02:29.998Z] 
Invalid `prisma.user.findMany()` invocation:

{
  select: {
    id: true,
    first_name: true,
    last_name: true,
    username: true,
    email: true,
    roles: {
      select: {
        role: {
          select: {
            name: true,
            id: true
          }
        }
      }
    }
  },
  take: 10,
  orderBy: {
    id: "asc"
  },
+ skip: Int
}

Argument `skip` is missing.
[2026-01-22T07:02:30.038Z] 
Invalid `prisma.user.findMany()` invocation:

{
  select: {
    id: true,
    first_name: true,
    last_name: true,
    username: true,
    email: true,
    roles: {
      select: {
        role: {
          select: {
            name: true,
            id: true
          }
        }
      }
    }
  },
  take: 10,
  orderBy: {
    id: "asc"
  },
+ skip: Int
}

Argument `skip` is missing.
[2026-01-22T07:02:33.814Z] 
Invalid `prisma.user.findMany()` invocation:

{
  select: {
    id: true,
    first_name: true,
    last_name: true,
    username: true,
    email: true,
    roles: {
      select: {
        role: {
          select: {
            name: true,
            id: true
          }
        }
      }
    }
  },
  take: 10,
  orderBy: {
    id: "asc"
  },
+ skip: Int
}

Argument `skip` is missing.
[2026-01-22T07:02:33.905Z] 
Invalid `prisma.user.findMany()` invocation:

{
  select: {
    id: true,
    first_name: true,
    last_name: true,
    username: true,
    email: true,
    roles: {
      select: {
        role: {
          select: {
            name: true,
            id: true
          }
        }
      }
    }
  },
  take: 10,
  orderBy: {
    id: "asc"
  },
+ skip: Int
}

Argument `skip` is missing.
[2026-01-22T07:03:17.252Z] 
Invalid `prisma.user.findMany()` invocation:

{
  select: {
    id: true,
    first_name: true,
    last_name: true,
    username: true,
    email: true,
    roles: {
      select: {
        role: {
          select: {
            name: true,
            id: true
          }
        }
      }
    }
  },
  take: 10,
  orderBy: {
    id: "asc"
  },
+ skip: Int
}

Argument `skip` is missing.
[2026-01-22T07:03:17.363Z] 
Invalid `prisma.user.findMany()` invocation:

{
  select: {
    id: true,
    first_name: true,
    last_name: true,
    username: true,
    email: true,
    roles: {
      select: {
        role: {
          select: {
            name: true,
            id: true
          }
        }
      }
    }
  },
  take: 10,
  orderBy: {
    id: "asc"
  },
+ skip: Int
}

Argument `skip` is missing.
[2026-01-22T07:05:18.989Z] 
Invalid `prisma.user.findMany()` invocation:

{
  select: {
    id: true,
    first_name: true,
    last_name: true,
    username: true,
    email: true,
    roles: {
      select: {
        role: {
          select: {
            name: true,
            id: true
          }
        }
      }
    }
  },
  take: 10,
  orderBy: {
    id: "asc"
  },
+ skip: Int
}

Argument `skip` is missing.
[2026-01-22T07:05:19.143Z] 
Invalid `prisma.user.findMany()` invocation:

{
  select: {
    id: true,
    first_name: true,
    last_name: true,
    username: true,
    email: true,
    roles: {
      select: {
        role: {
          select: {
            name: true,
            id: true
          }
        }
      }
    }
  },
  take: 10,
  orderBy: {
    id: "asc"
  },
+ skip: Int
}

Argument `skip` is missing.
[2026-01-22T07:06:57.480Z] 
Invalid `prisma.user.findMany()` invocation:

{
  select: {
    id: true,
    first_name: true,
    last_name: true,
    username: true,
    email: true,
    roles: {
      select: {
        role: {
          select: {
            name: true,
            id: true
          }
        }
      }
    }
  },
  take: 10,
  orderBy: {
    id: "asc"
  },
+ skip: Int
}

Argument `skip` is missing.
[2026-01-22T07:06:57.511Z] 
Invalid `prisma.user.findMany()` invocation:

{
  select: {
    id: true,
    first_name: true,
    last_name: true,
    username: true,
    email: true,
    roles: {
      select: {
        role: {
          select: {
            name: true,
            id: true
          }
        }
      }
    }
  },
  take: 10,
  orderBy: {
    id: "asc"
  },
+ skip: Int
}

Argument `skip` is missing.
[2026-01-22T11:36:45.733Z] 
Invalid `prisma.user.findMany()` invocation:

{
  select: {
    id: true,
    first_name: true,
    last_name: true,
    username: true,
    email: true,
    roles: {
      select: {
        role: {
          select: {
            name: true,
            id: true
          }
        }
      }
    }
  },
  skip: 0,
  take: 10,
  orderBy: {
    roleIds: "asc",
    ~~~~~~~
?   id?: SortOrder,
?   first_name?: SortOrder,
?   last_name?: SortOrder,
?   username?: SortOrder,
?   email?: SortOrder,
?   password?: SortOrder,
?   created_at?: SortOrder,
?   roles?: User_RoleOrderByRelationAggregateInput,
?   permissions?: User_permissionOrderByRelationAggregateInput,
?   categories?: CategoryOrderByRelationAggregateInput,
?   devices?: User_deviceOrderByRelationAggregateInput,
?   _relevance?: UserOrderByRelevanceInput
  }
}

Unknown argument `roleIds`. Did you mean `roles`? Available options are marked with ?.
[2026-01-22T11:36:45.744Z] 
Invalid `prisma.user.findMany()` invocation:

{
  select: {
    id: true,
    first_name: true,
    last_name: true,
    username: true,
    email: true,
    roles: {
      select: {
        role: {
          select: {
            name: true,
            id: true
          }
        }
      }
    }
  },
  skip: 0,
  take: 10,
  orderBy: {
    roles: "asc"
           ~~~~~
  }
}

Argument `roles`: Invalid value provided. Expected User_RoleOrderByRelationAggregateInput, provided String.
[2026-01-22T11:36:45.788Z] 
Invalid `prisma.user.findMany()` invocation:

{
  select: {
    id: true,
    first_name: true,
    last_name: true,
    username: true,
    email: true,
    roles: {
      select: {
        role: {
          select: {
            name: true,
            id: true
          }
        }
      }
    }
  },
  skip: 0,
  take: 10,
  orderBy: {
    roleIds: "asc",
    ~~~~~~~
?   id?: SortOrder,
?   first_name?: SortOrder,
?   last_name?: SortOrder,
?   username?: SortOrder,
?   email?: SortOrder,
?   password?: SortOrder,
?   created_at?: SortOrder,
?   roles?: User_RoleOrderByRelationAggregateInput,
?   permissions?: User_permissionOrderByRelationAggregateInput,
?   categories?: CategoryOrderByRelationAggregateInput,
?   devices?: User_deviceOrderByRelationAggregateInput,
?   _relevance?: UserOrderByRelevanceInput
  }
}

Unknown argument `roleIds`. Did you mean `roles`? Available options are marked with ?.
[2026-01-22T11:36:45.792Z] 
Invalid `prisma.user.findMany()` invocation:

{
  select: {
    id: true,
    first_name: true,
    last_name: true,
    username: true,
    email: true,
    roles: {
      select: {
        role: {
          select: {
            name: true,
            id: true
          }
        }
      }
    }
  },
  skip: 0,
  take: 10,
  orderBy: {
    roles: "asc"
           ~~~~~
  }
}

Argument `roles`: Invalid value provided. Expected User_RoleOrderByRelationAggregateInput, provided String.
[2026-01-22T11:36:45.852Z] 
Invalid `prisma.user.findMany()` invocation:

{
  select: {
    id: true,
    first_name: true,
    last_name: true,
    username: true,
    email: true,
    roles: {
      select: {
        role: {
          select: {
            name: true,
            id: true
          }
        }
      }
    }
  },
  skip: 0,
  take: 10,
  orderBy: {
    roleIds: "asc",
    ~~~~~~~
?   id?: SortOrder,
?   first_name?: SortOrder,
?   last_name?: SortOrder,
?   username?: SortOrder,
?   email?: SortOrder,
?   password?: SortOrder,
?   created_at?: SortOrder,
?   roles?: User_RoleOrderByRelationAggregateInput,
?   permissions?: User_permissionOrderByRelationAggregateInput,
?   categories?: CategoryOrderByRelationAggregateInput,
?   devices?: User_deviceOrderByRelationAggregateInput,
?   _relevance?: UserOrderByRelevanceInput
  }
}

Unknown argument `roleIds`. Did you mean `roles`? Available options are marked with ?.
[2026-01-22T11:36:45.879Z] 
Invalid `prisma.user.findMany()` invocation:

{
  select: {
    id: true,
    first_name: true,
    last_name: true,
    username: true,
    email: true,
    roles: {
      select: {
        role: {
          select: {
            name: true,
            id: true
          }
        }
      }
    }
  },
  skip: 0,
  take: 10,
  orderBy: {
    roles: "asc"
           ~~~~~
  }
}

Argument `roles`: Invalid value provided. Expected User_RoleOrderByRelationAggregateInput, provided String.
[2026-01-22T11:36:45.889Z] 
Invalid `prisma.user.findMany()` invocation:

{
  select: {
    id: true,
    first_name: true,
    last_name: true,
    username: true,
    email: true,
    roles: {
      select: {
        role: {
          select: {
            name: true,
            id: true
          }
        }
      }
    }
  },
  skip: 0,
  take: 10,
  orderBy: {
    roleIds: "asc",
    ~~~~~~~
?   id?: SortOrder,
?   first_name?: SortOrder,
?   last_name?: SortOrder,
?   username?: SortOrder,
?   email?: SortOrder,
?   password?: SortOrder,
?   created_at?: SortOrder,
?   roles?: User_RoleOrderByRelationAggregateInput,
?   permissions?: User_permissionOrderByRelationAggregateInput,
?   categories?: CategoryOrderByRelationAggregateInput,
?   devices?: User_deviceOrderByRelationAggregateInput,
?   _relevance?: UserOrderByRelevanceInput
  }
}

Unknown argument `roleIds`. Did you mean `roles`? Available options are marked with ?.
[2026-01-22T11:36:45.914Z] 
Invalid `prisma.user.findMany()` invocation:

{
  select: {
    id: true,
    first_name: true,
    last_name: true,
    username: true,
    email: true,
    roles: {
      select: {
        role: {
          select: {
            name: true,
            id: true
          }
        }
      }
    }
  },
  skip: 0,
  take: 10,
  orderBy: {
    roles: "asc"
           ~~~~~
  }
}

Argument `roles`: Invalid value provided. Expected User_RoleOrderByRelationAggregateInput, provided String.
[2026-01-22T11:36:45.965Z] 
Invalid `prisma.user.findMany()` invocation:

{
  select: {
    id: true,
    first_name: true,
    last_name: true,
    username: true,
    email: true,
    roles: {
      select: {
        role: {
          select: {
            name: true,
            id: true
          }
        }
      }
    }
  },
  skip: 0,
  take: 10,
  orderBy: {
    roleIds: "asc",
    ~~~~~~~
?   id?: SortOrder,
?   first_name?: SortOrder,
?   last_name?: SortOrder,
?   username?: SortOrder,
?   email?: SortOrder,
?   password?: SortOrder,
?   created_at?: SortOrder,
?   roles?: User_RoleOrderByRelationAggregateInput,
?   permissions?: User_permissionOrderByRelationAggregateInput,
?   categories?: CategoryOrderByRelationAggregateInput,
?   devices?: User_deviceOrderByRelationAggregateInput,
?   _relevance?: UserOrderByRelevanceInput
  }
}

Unknown argument `roleIds`. Did you mean `roles`? Available options are marked with ?.
[2026-01-22T11:36:45.986Z] 
Invalid `prisma.user.findMany()` invocation:

{
  select: {
    id: true,
    first_name: true,
    last_name: true,
    username: true,
    email: true,
    roles: {
      select: {
        role: {
          select: {
            name: true,
            id: true
          }
        }
      }
    }
  },
  skip: 0,
  take: 10,
  orderBy: {
    roles: "asc"
           ~~~~~
  }
}

Argument `roles`: Invalid value provided. Expected User_RoleOrderByRelationAggregateInput, provided String.
[2026-01-22T11:36:45.999Z] 
Invalid `prisma.user.findMany()` invocation:

{
  select: {
    id: true,
    first_name: true,
    last_name: true,
    username: true,
    email: true,
    roles: {
      select: {
        role: {
          select: {
            name: true,
            id: true
          }
        }
      }
    }
  },
  skip: 0,
  take: 10,
  orderBy: {
    roleIds: "asc",
    ~~~~~~~
?   id?: SortOrder,
?   first_name?: SortOrder,
?   last_name?: SortOrder,
?   username?: SortOrder,
?   email?: SortOrder,
?   password?: SortOrder,
?   created_at?: SortOrder,
?   roles?: User_RoleOrderByRelationAggregateInput,
?   permissions?: User_permissionOrderByRelationAggregateInput,
?   categories?: CategoryOrderByRelationAggregateInput,
?   devices?: User_deviceOrderByRelationAggregateInput,
?   _relevance?: UserOrderByRelevanceInput
  }
}

Unknown argument `roleIds`. Did you mean `roles`? Available options are marked with ?.
[2026-01-22T11:36:46.026Z] 
Invalid `prisma.user.findMany()` invocation:

{
  select: {
    id: true,
    first_name: true,
    last_name: true,
    username: true,
    email: true,
    roles: {
      select: {
        role: {
          select: {
            name: true,
            id: true
          }
        }
      }
    }
  },
  skip: 0,
  take: 10,
  orderBy: {
    roles: "asc"
           ~~~~~
  }
}

Argument `roles`: Invalid value provided. Expected User_RoleOrderByRelationAggregateInput, provided String.
[2026-01-22T11:36:46.076Z] 
Invalid `prisma.user.findMany()` invocation:

{
  select: {
    id: true,
    first_name: true,
    last_name: true,
    username: true,
    email: true,
    roles: {
      select: {
        role: {
          select: {
            name: true,
            id: true
          }
        }
      }
    }
  },
  skip: 0,
  take: 10,
  orderBy: {
    roleIds: "asc",
    ~~~~~~~
?   id?: SortOrder,
?   first_name?: SortOrder,
?   last_name?: SortOrder,
?   username?: SortOrder,
?   email?: SortOrder,
?   password?: SortOrder,
?   created_at?: SortOrder,
?   roles?: User_RoleOrderByRelationAggregateInput,
?   permissions?: User_permissionOrderByRelationAggregateInput,
?   categories?: CategoryOrderByRelationAggregateInput,
?   devices?: User_deviceOrderByRelationAggregateInput,
?   _relevance?: UserOrderByRelevanceInput
  }
}

Unknown argument `roleIds`. Did you mean `roles`? Available options are marked with ?.
[2026-01-22T11:36:46.107Z] 
Invalid `prisma.user.findMany()` invocation:

{
  select: {
    id: true,
    first_name: true,
    last_name: true,
    username: true,
    email: true,
    roles: {
      select: {
        role: {
          select: {
            name: true,
            id: true
          }
        }
      }
    }
  },
  skip: 0,
  take: 10,
  orderBy: {
    roles: "asc"
           ~~~~~
  }
}

Argument `roles`: Invalid value provided. Expected User_RoleOrderByRelationAggregateInput, provided String.
[2026-01-22T11:36:46.126Z] 
Invalid `prisma.user.findMany()` invocation:

{
  select: {
    id: true,
    first_name: true,
    last_name: true,
    username: true,
    email: true,
    roles: {
      select: {
        role: {
          select: {
            name: true,
            id: true
          }
        }
      }
    }
  },
  skip: 0,
  take: 10,
  orderBy: {
    roleIds: "asc",
    ~~~~~~~
?   id?: SortOrder,
?   first_name?: SortOrder,
?   last_name?: SortOrder,
?   username?: SortOrder,
?   email?: SortOrder,
?   password?: SortOrder,
?   created_at?: SortOrder,
?   roles?: User_RoleOrderByRelationAggregateInput,
?   permissions?: User_permissionOrderByRelationAggregateInput,
?   categories?: CategoryOrderByRelationAggregateInput,
?   devices?: User_deviceOrderByRelationAggregateInput,
?   _relevance?: UserOrderByRelevanceInput
  }
}

Unknown argument `roleIds`. Did you mean `roles`? Available options are marked with ?.
[2026-01-22T11:36:46.161Z] 
Invalid `prisma.user.findMany()` invocation:

{
  select: {
    id: true,
    first_name: true,
    last_name: true,
    username: true,
    email: true,
    roles: {
      select: {
        role: {
          select: {
            name: true,
            id: true
          }
        }
      }
    }
  },
  skip: 0,
  take: 10,
  orderBy: {
    roles: "asc"
           ~~~~~
  }
}

Argument `roles`: Invalid value provided. Expected User_RoleOrderByRelationAggregateInput, provided String.
[2026-01-22T11:36:46.184Z] 
Invalid `prisma.user.findMany()` invocation:

{
  select: {
    id: true,
    first_name: true,
    last_name: true,
    username: true,
    email: true,
    roles: {
      select: {
        role: {
          select: {
            name: true,
            id: true
          }
        }
      }
    }
  },
  skip: 0,
  take: 10,
  orderBy: {
    roleIds: "asc",
    ~~~~~~~
?   id?: SortOrder,
?   first_name?: SortOrder,
?   last_name?: SortOrder,
?   username?: SortOrder,
?   email?: SortOrder,
?   password?: SortOrder,
?   created_at?: SortOrder,
?   roles?: User_RoleOrderByRelationAggregateInput,
?   permissions?: User_permissionOrderByRelationAggregateInput,
?   categories?: CategoryOrderByRelationAggregateInput,
?   devices?: User_deviceOrderByRelationAggregateInput,
?   _relevance?: UserOrderByRelevanceInput
  }
}

Unknown argument `roleIds`. Did you mean `roles`? Available options are marked with ?.
[2026-01-22T11:36:46.203Z] 
Invalid `prisma.user.findMany()` invocation:

{
  select: {
    id: true,
    first_name: true,
    last_name: true,
    username: true,
    email: true,
    roles: {
      select: {
        role: {
          select: {
            name: true,
            id: true
          }
        }
      }
    }
  },
  skip: 0,
  take: 10,
  orderBy: {
    roles: "asc"
           ~~~~~
  }
}

Argument `roles`: Invalid value provided. Expected User_RoleOrderByRelationAggregateInput, provided String.
[2026-01-22T11:36:46.231Z] 
Invalid `prisma.user.findMany()` invocation:

{
  select: {
    id: true,
    first_name: true,
    last_name: true,
    username: true,
    email: true,
    roles: {
      select: {
        role: {
          select: {
            name: true,
            id: true
          }
        }
      }
    }
  },
  skip: 0,
  take: 10,
  orderBy: {
    roleIds: "asc",
    ~~~~~~~
?   id?: SortOrder,
?   first_name?: SortOrder,
?   last_name?: SortOrder,
?   username?: SortOrder,
?   email?: SortOrder,
?   password?: SortOrder,
?   created_at?: SortOrder,
?   roles?: User_RoleOrderByRelationAggregateInput,
?   permissions?: User_permissionOrderByRelationAggregateInput,
?   categories?: CategoryOrderByRelationAggregateInput,
?   devices?: User_deviceOrderByRelationAggregateInput,
?   _relevance?: UserOrderByRelevanceInput
  }
}

Unknown argument `roleIds`. Did you mean `roles`? Available options are marked with ?.
[2026-01-22T11:36:46.238Z] 
Invalid `prisma.user.findMany()` invocation:

{
  select: {
    id: true,
    first_name: true,
    last_name: true,
    username: true,
    email: true,
    roles: {
      select: {
        role: {
          select: {
            name: true,
            id: true
          }
        }
      }
    }
  },
  skip: 0,
  take: 10,
  orderBy: {
    roles: "asc"
           ~~~~~
  }
}

Argument `roles`: Invalid value provided. Expected User_RoleOrderByRelationAggregateInput, provided String.
[2026-01-22T11:36:46.268Z] 
Invalid `prisma.user.findMany()` invocation:

{
  select: {
    id: true,
    first_name: true,
    last_name: true,
    username: true,
    email: true,
    roles: {
      select: {
        role: {
          select: {
            name: true,
            id: true
          }
        }
      }
    }
  },
  skip: 0,
  take: 10,
  orderBy: {
    roleIds: "asc",
    ~~~~~~~
?   id?: SortOrder,
?   first_name?: SortOrder,
?   last_name?: SortOrder,
?   username?: SortOrder,
?   email?: SortOrder,
?   password?: SortOrder,
?   created_at?: SortOrder,
?   roles?: User_RoleOrderByRelationAggregateInput,
?   permissions?: User_permissionOrderByRelationAggregateInput,
?   categories?: CategoryOrderByRelationAggregateInput,
?   devices?: User_deviceOrderByRelationAggregateInput,
?   _relevance?: UserOrderByRelevanceInput
  }
}

Unknown argument `roleIds`. Did you mean `roles`? Available options are marked with ?.
[2026-01-22T11:36:46.282Z] 
Invalid `prisma.user.findMany()` invocation:

{
  select: {
    id: true,
    first_name: true,
    last_name: true,
    username: true,
    email: true,
    roles: {
      select: {
        role: {
          select: {
            name: true,
            id: true
          }
        }
      }
    }
  },
  skip: 0,
  take: 10,
  orderBy: {
    roles: "asc"
           ~~~~~
  }
}

Argument `roles`: Invalid value provided. Expected User_RoleOrderByRelationAggregateInput, provided String.
[2026-01-22T11:36:46.309Z] 
Invalid `prisma.user.findMany()` invocation:

{
  select: {
    id: true,
    first_name: true,
    last_name: true,
    username: true,
    email: true,
    roles: {
      select: {
        role: {
          select: {
            name: true,
            id: true
          }
        }
      }
    }
  },
  skip: 0,
  take: 10,
  orderBy: {
    roleIds: "asc",
    ~~~~~~~
?   id?: SortOrder,
?   first_name?: SortOrder,
?   last_name?: SortOrder,
?   username?: SortOrder,
?   email?: SortOrder,
?   password?: SortOrder,
?   created_at?: SortOrder,
?   roles?: User_RoleOrderByRelationAggregateInput,
?   permissions?: User_permissionOrderByRelationAggregateInput,
?   categories?: CategoryOrderByRelationAggregateInput,
?   devices?: User_deviceOrderByRelationAggregateInput,
?   _relevance?: UserOrderByRelevanceInput
  }
}

Unknown argument `roleIds`. Did you mean `roles`? Available options are marked with ?.
[2026-01-22T11:36:46.335Z] 
Invalid `prisma.user.findMany()` invocation:

{
  select: {
    id: true,
    first_name: true,
    last_name: true,
    username: true,
    email: true,
    roles: {
      select: {
        role: {
          select: {
            name: true,
            id: true
          }
        }
      }
    }
  },
  skip: 0,
  take: 10,
  orderBy: {
    roles: "asc"
           ~~~~~
  }
}

Argument `roles`: Invalid value provided. Expected User_RoleOrderByRelationAggregateInput, provided String.
[2026-01-22T11:36:46.364Z] 
Invalid `prisma.user.findMany()` invocation:

{
  select: {
    id: true,
    first_name: true,
    last_name: true,
    username: true,
    email: true,
    roles: {
      select: {
        role: {
          select: {
            name: true,
            id: true
          }
        }
      }
    }
  },
  skip: 0,
  take: 10,
  orderBy: {
    roleIds: "asc",
    ~~~~~~~
?   id?: SortOrder,
?   first_name?: SortOrder,
?   last_name?: SortOrder,
?   username?: SortOrder,
?   email?: SortOrder,
?   password?: SortOrder,
?   created_at?: SortOrder,
?   roles?: User_RoleOrderByRelationAggregateInput,
?   permissions?: User_permissionOrderByRelationAggregateInput,
?   categories?: CategoryOrderByRelationAggregateInput,
?   devices?: User_deviceOrderByRelationAggregateInput,
?   _relevance?: UserOrderByRelevanceInput
  }
}

Unknown argument `roleIds`. Did you mean `roles`? Available options are marked with ?.
[2026-01-22T11:36:46.392Z] 
Invalid `prisma.user.findMany()` invocation:

{
  select: {
    id: true,
    first_name: true,
    last_name: true,
    username: true,
    email: true,
    roles: {
      select: {
        role: {
          select: {
            name: true,
            id: true
          }
        }
      }
    }
  },
  skip: 0,
  take: 10,
  orderBy: {
    roles: "asc"
           ~~~~~
  }
}

Argument `roles`: Invalid value provided. Expected User_RoleOrderByRelationAggregateInput, provided String.
[2026-01-22T11:36:46.399Z] 
Invalid `prisma.user.findMany()` invocation:

{
  select: {
    id: true,
    first_name: true,
    last_name: true,
    username: true,
    email: true,
    roles: {
      select: {
        role: {
          select: {
            name: true,
            id: true
          }
        }
      }
    }
  },
  skip: 0,
  take: 10,
  orderBy: {
    roleIds: "asc",
    ~~~~~~~
?   id?: SortOrder,
?   first_name?: SortOrder,
?   last_name?: SortOrder,
?   username?: SortOrder,
?   email?: SortOrder,
?   password?: SortOrder,
?   created_at?: SortOrder,
?   roles?: User_RoleOrderByRelationAggregateInput,
?   permissions?: User_permissionOrderByRelationAggregateInput,
?   categories?: CategoryOrderByRelationAggregateInput,
?   devices?: User_deviceOrderByRelationAggregateInput,
?   _relevance?: UserOrderByRelevanceInput
  }
}

Unknown argument `roleIds`. Did you mean `roles`? Available options are marked with ?.
[2026-01-22T11:36:46.438Z] 
Invalid `prisma.user.findMany()` invocation:

{
  select: {
    id: true,
    first_name: true,
    last_name: true,
    username: true,
    email: true,
    roles: {
      select: {
        role: {
          select: {
            name: true,
            id: true
          }
        }
      }
    }
  },
  skip: 0,
  take: 10,
  orderBy: {
    roles: "asc"
           ~~~~~
  }
}

Argument `roles`: Invalid value provided. Expected User_RoleOrderByRelationAggregateInput, provided String.
[2026-01-22T11:36:46.475Z] 
Invalid `prisma.user.findMany()` invocation:

{
  select: {
    id: true,
    first_name: true,
    last_name: true,
    username: true,
    email: true,
    roles: {
      select: {
        role: {
          select: {
            name: true,
            id: true
          }
        }
      }
    }
  },
  skip: 0,
  take: 10,
  orderBy: {
    roleIds: "asc",
    ~~~~~~~
?   id?: SortOrder,
?   first_name?: SortOrder,
?   last_name?: SortOrder,
?   username?: SortOrder,
?   email?: SortOrder,
?   password?: SortOrder,
?   created_at?: SortOrder,
?   roles?: User_RoleOrderByRelationAggregateInput,
?   permissions?: User_permissionOrderByRelationAggregateInput,
?   categories?: CategoryOrderByRelationAggregateInput,
?   devices?: User_deviceOrderByRelationAggregateInput,
?   _relevance?: UserOrderByRelevanceInput
  }
}

Unknown argument `roleIds`. Did you mean `roles`? Available options are marked with ?.
[2026-01-22T11:36:46.486Z] 
Invalid `prisma.user.findMany()` invocation:

{
  select: {
    id: true,
    first_name: true,
    last_name: true,
    username: true,
    email: true,
    roles: {
      select: {
        role: {
          select: {
            name: true,
            id: true
          }
        }
      }
    }
  },
  skip: 0,
  take: 10,
  orderBy: {
    roles: "asc"
           ~~~~~
  }
}

Argument `roles`: Invalid value provided. Expected User_RoleOrderByRelationAggregateInput, provided String.
[2026-01-22T11:36:46.516Z] 
Invalid `prisma.user.findMany()` invocation:

{
  select: {
    id: true,
    first_name: true,
    last_name: true,
    username: true,
    email: true,
    roles: {
      select: {
        role: {
          select: {
            name: true,
            id: true
          }
        }
      }
    }
  },
  skip: 0,
  take: 10,
  orderBy: {
    roleIds: "asc",
    ~~~~~~~
?   id?: SortOrder,
?   first_name?: SortOrder,
?   last_name?: SortOrder,
?   username?: SortOrder,
?   email?: SortOrder,
?   password?: SortOrder,
?   created_at?: SortOrder,
?   roles?: User_RoleOrderByRelationAggregateInput,
?   permissions?: User_permissionOrderByRelationAggregateInput,
?   categories?: CategoryOrderByRelationAggregateInput,
?   devices?: User_deviceOrderByRelationAggregateInput,
?   _relevance?: UserOrderByRelevanceInput
  }
}

Unknown argument `roleIds`. Did you mean `roles`? Available options are marked with ?.
[2026-01-22T11:36:46.521Z] 
Invalid `prisma.user.findMany()` invocation:

{
  select: {
    id: true,
    first_name: true,
    last_name: true,
    username: true,
    email: true,
    roles: {
      select: {
        role: {
          select: {
            name: true,
            id: true
          }
        }
      }
    }
  },
  skip: 0,
  take: 10,
  orderBy: {
    roles: "asc"
           ~~~~~
  }
}

Argument `roles`: Invalid value provided. Expected User_RoleOrderByRelationAggregateInput, provided String.
[2026-01-22T11:36:46.585Z] 
Invalid `prisma.user.findMany()` invocation:

{
  select: {
    id: true,
    first_name: true,
    last_name: true,
    username: true,
    email: true,
    roles: {
      select: {
        role: {
          select: {
            name: true,
            id: true
          }
        }
      }
    }
  },
  skip: 0,
  take: 10,
  orderBy: {
    roleIds: "asc",
    ~~~~~~~
?   id?: SortOrder,
?   first_name?: SortOrder,
?   last_name?: SortOrder,
?   username?: SortOrder,
?   email?: SortOrder,
?   password?: SortOrder,
?   created_at?: SortOrder,
?   roles?: User_RoleOrderByRelationAggregateInput,
?   permissions?: User_permissionOrderByRelationAggregateInput,
?   categories?: CategoryOrderByRelationAggregateInput,
?   devices?: User_deviceOrderByRelationAggregateInput,
?   _relevance?: UserOrderByRelevanceInput
  }
}

Unknown argument `roleIds`. Did you mean `roles`? Available options are marked with ?.
[2026-01-22T11:36:46.590Z] 
Invalid `prisma.user.findMany()` invocation:

{
  select: {
    id: true,
    first_name: true,
    last_name: true,
    username: true,
    email: true,
    roles: {
      select: {
        role: {
          select: {
            name: true,
            id: true
          }
        }
      }
    }
  },
  skip: 0,
  take: 10,
  orderBy: {
    roles: "asc"
           ~~~~~
  }
}

Argument `roles`: Invalid value provided. Expected User_RoleOrderByRelationAggregateInput, provided String.
[2026-01-22T11:36:46.617Z] 
Invalid `prisma.user.findMany()` invocation:

{
  select: {
    id: true,
    first_name: true,
    last_name: true,
    username: true,
    email: true,
    roles: {
      select: {
        role: {
          select: {
            name: true,
            id: true
          }
        }
      }
    }
  },
  skip: 0,
  take: 10,
  orderBy: {
    roleIds: "asc",
    ~~~~~~~
?   id?: SortOrder,
?   first_name?: SortOrder,
?   last_name?: SortOrder,
?   username?: SortOrder,
?   email?: SortOrder,
?   password?: SortOrder,
?   created_at?: SortOrder,
?   roles?: User_RoleOrderByRelationAggregateInput,
?   permissions?: User_permissionOrderByRelationAggregateInput,
?   categories?: CategoryOrderByRelationAggregateInput,
?   devices?: User_deviceOrderByRelationAggregateInput,
?   _relevance?: UserOrderByRelevanceInput
  }
}

Unknown argument `roleIds`. Did you mean `roles`? Available options are marked with ?.
[2026-01-22T11:36:46.636Z] 
Invalid `prisma.user.findMany()` invocation:

{
  select: {
    id: true,
    first_name: true,
    last_name: true,
    username: true,
    email: true,
    roles: {
      select: {
        role: {
          select: {
            name: true,
            id: true
          }
        }
      }
    }
  },
  skip: 0,
  take: 10,
  orderBy: {
    roles: "asc"
           ~~~~~
  }
}

Argument `roles`: Invalid value provided. Expected User_RoleOrderByRelationAggregateInput, provided String.
[2026-01-22T11:36:46.689Z] 
Invalid `prisma.user.findMany()` invocation:

{
  select: {
    id: true,
    first_name: true,
    last_name: true,
    username: true,
    email: true,
    roles: {
      select: {
        role: {
          select: {
            name: true,
            id: true
          }
        }
      }
    }
  },
  skip: 0,
  take: 10,
  orderBy: {
    roleIds: "asc",
    ~~~~~~~
?   id?: SortOrder,
?   first_name?: SortOrder,
?   last_name?: SortOrder,
?   username?: SortOrder,
?   email?: SortOrder,
?   password?: SortOrder,
?   created_at?: SortOrder,
?   roles?: User_RoleOrderByRelationAggregateInput,
?   permissions?: User_permissionOrderByRelationAggregateInput,
?   categories?: CategoryOrderByRelationAggregateInput,
?   devices?: User_deviceOrderByRelationAggregateInput,
?   _relevance?: UserOrderByRelevanceInput
  }
}

Unknown argument `roleIds`. Did you mean `roles`? Available options are marked with ?.
[2026-01-22T11:36:46.696Z] 
Invalid `prisma.user.findMany()` invocation:

{
  select: {
    id: true,
    first_name: true,
    last_name: true,
    username: true,
    email: true,
    roles: {
      select: {
        role: {
          select: {
            name: true,
            id: true
          }
        }
      }
    }
  },
  skip: 0,
  take: 10,
  orderBy: {
    roles: "asc"
           ~~~~~
  }
}

Argument `roles`: Invalid value provided. Expected User_RoleOrderByRelationAggregateInput, provided String.
[2026-01-22T11:36:46.720Z] 
Invalid `prisma.user.findMany()` invocation:

{
  select: {
    id: true,
    first_name: true,
    last_name: true,
    username: true,
    email: true,
    roles: {
      select: {
        role: {
          select: {
            name: true,
            id: true
          }
        }
      }
    }
  },
  skip: 0,
  take: 10,
  orderBy: {
    roleIds: "asc",
    ~~~~~~~
?   id?: SortOrder,
?   first_name?: SortOrder,
?   last_name?: SortOrder,
?   username?: SortOrder,
?   email?: SortOrder,
?   password?: SortOrder,
?   created_at?: SortOrder,
?   roles?: User_RoleOrderByRelationAggregateInput,
?   permissions?: User_permissionOrderByRelationAggregateInput,
?   categories?: CategoryOrderByRelationAggregateInput,
?   devices?: User_deviceOrderByRelationAggregateInput,
?   _relevance?: UserOrderByRelevanceInput
  }
}

Unknown argument `roleIds`. Did you mean `roles`? Available options are marked with ?.
[2026-01-22T11:36:46.734Z] 
Invalid `prisma.user.findMany()` invocation:

{
  select: {
    id: true,
    first_name: true,
    last_name: true,
    username: true,
    email: true,
    roles: {
      select: {
        role: {
          select: {
            name: true,
            id: true
          }
        }
      }
    }
  },
  skip: 0,
  take: 10,
  orderBy: {
    roles: "asc"
           ~~~~~
  }
}

Argument `roles`: Invalid value provided. Expected User_RoleOrderByRelationAggregateInput, provided String.
[2026-01-22T11:36:46.785Z] 
Invalid `prisma.user.findMany()` invocation:

{
  select: {
    id: true,
    first_name: true,
    last_name: true,
    username: true,
    email: true,
    roles: {
      select: {
        role: {
          select: {
            name: true,
            id: true
          }
        }
      }
    }
  },
  skip: 0,
  take: 10,
  orderBy: {
    roleIds: "asc",
    ~~~~~~~
?   id?: SortOrder,
?   first_name?: SortOrder,
?   last_name?: SortOrder,
?   username?: SortOrder,
?   email?: SortOrder,
?   password?: SortOrder,
?   created_at?: SortOrder,
?   roles?: User_RoleOrderByRelationAggregateInput,
?   permissions?: User_permissionOrderByRelationAggregateInput,
?   categories?: CategoryOrderByRelationAggregateInput,
?   devices?: User_deviceOrderByRelationAggregateInput,
?   _relevance?: UserOrderByRelevanceInput
  }
}

Unknown argument `roleIds`. Did you mean `roles`? Available options are marked with ?.
[2026-01-22T11:36:46.790Z] 
Invalid `prisma.user.findMany()` invocation:

{
  select: {
    id: true,
    first_name: true,
    last_name: true,
    username: true,
    email: true,
    roles: {
      select: {
        role: {
          select: {
            name: true,
            id: true
          }
        }
      }
    }
  },
  skip: 0,
  take: 10,
  orderBy: {
    roles: "asc"
           ~~~~~
  }
}

Argument `roles`: Invalid value provided. Expected User_RoleOrderByRelationAggregateInput, provided String.
[2026-01-22T11:36:46.820Z] 
Invalid `prisma.user.findMany()` invocation:

{
  select: {
    id: true,
    first_name: true,
    last_name: true,
    username: true,
    email: true,
    roles: {
      select: {
        role: {
          select: {
            name: true,
            id: true
          }
        }
      }
    }
  },
  skip: 0,
  take: 10,
  orderBy: {
    roleIds: "asc",
    ~~~~~~~
?   id?: SortOrder,
?   first_name?: SortOrder,
?   last_name?: SortOrder,
?   username?: SortOrder,
?   email?: SortOrder,
?   password?: SortOrder,
?   created_at?: SortOrder,
?   roles?: User_RoleOrderByRelationAggregateInput,
?   permissions?: User_permissionOrderByRelationAggregateInput,
?   categories?: CategoryOrderByRelationAggregateInput,
?   devices?: User_deviceOrderByRelationAggregateInput,
?   _relevance?: UserOrderByRelevanceInput
  }
}

Unknown argument `roleIds`. Did you mean `roles`? Available options are marked with ?.
[2026-01-22T11:36:46.835Z] 
Invalid `prisma.user.findMany()` invocation:

{
  select: {
    id: true,
    first_name: true,
    last_name: true,
    username: true,
    email: true,
    roles: {
      select: {
        role: {
          select: {
            name: true,
            id: true
          }
        }
      }
    }
  },
  skip: 0,
  take: 10,
  orderBy: {
    roles: "asc"
           ~~~~~
  }
}

Argument `roles`: Invalid value provided. Expected User_RoleOrderByRelationAggregateInput, provided String.
[2026-01-22T11:36:46.899Z] 
Invalid `prisma.user.findMany()` invocation:

{
  select: {
    id: true,
    first_name: true,
    last_name: true,
    username: true,
    email: true,
    roles: {
      select: {
        role: {
          select: {
            name: true,
            id: true
          }
        }
      }
    }
  },
  skip: 0,
  take: 10,
  orderBy: {
    roleIds: "asc",
    ~~~~~~~
?   id?: SortOrder,
?   first_name?: SortOrder,
?   last_name?: SortOrder,
?   username?: SortOrder,
?   email?: SortOrder,
?   password?: SortOrder,
?   created_at?: SortOrder,
?   roles?: User_RoleOrderByRelationAggregateInput,
?   permissions?: User_permissionOrderByRelationAggregateInput,
?   categories?: CategoryOrderByRelationAggregateInput,
?   devices?: User_deviceOrderByRelationAggregateInput,
?   _relevance?: UserOrderByRelevanceInput
  }
}

Unknown argument `roleIds`. Did you mean `roles`? Available options are marked with ?.
[2026-01-22T11:36:46.926Z] 
Invalid `prisma.user.findMany()` invocation:

{
  select: {
    id: true,
    first_name: true,
    last_name: true,
    username: true,
    email: true,
    roles: {
      select: {
        role: {
          select: {
            name: true,
            id: true
          }
        }
      }
    }
  },
  skip: 0,
  take: 10,
  orderBy: {
    roles: "asc"
           ~~~~~
  }
}

Argument `roles`: Invalid value provided. Expected User_RoleOrderByRelationAggregateInput, provided String.
[2026-01-22T11:36:46.935Z] 
Invalid `prisma.user.findMany()` invocation:

{
  select: {
    id: true,
    first_name: true,
    last_name: true,
    username: true,
    email: true,
    roles: {
      select: {
        role: {
          select: {
            name: true,
            id: true
          }
        }
      }
    }
  },
  skip: 0,
  take: 10,
  orderBy: {
    roleIds: "asc",
    ~~~~~~~
?   id?: SortOrder,
?   first_name?: SortOrder,
?   last_name?: SortOrder,
?   username?: SortOrder,
?   email?: SortOrder,
?   password?: SortOrder,
?   created_at?: SortOrder,
?   roles?: User_RoleOrderByRelationAggregateInput,
?   permissions?: User_permissionOrderByRelationAggregateInput,
?   categories?: CategoryOrderByRelationAggregateInput,
?   devices?: User_deviceOrderByRelationAggregateInput,
?   _relevance?: UserOrderByRelevanceInput
  }
}

Unknown argument `roleIds`. Did you mean `roles`? Available options are marked with ?.
[2026-01-22T11:36:46.962Z] 
Invalid `prisma.user.findMany()` invocation:

{
  select: {
    id: true,
    first_name: true,
    last_name: true,
    username: true,
    email: true,
    roles: {
      select: {
        role: {
          select: {
            name: true,
            id: true
          }
        }
      }
    }
  },
  skip: 0,
  take: 10,
  orderBy: {
    roles: "asc"
           ~~~~~
  }
}

Argument `roles`: Invalid value provided. Expected User_RoleOrderByRelationAggregateInput, provided String.
[2026-01-22T11:36:47.082Z] 
Invalid `prisma.user.findMany()` invocation:

{
  select: {
    id: true,
    first_name: true,
    last_name: true,
    username: true,
    email: true,
    roles: {
      select: {
        role: {
          select: {
            name: true,
            id: true
          }
        }
      }
    }
  },
  skip: 0,
  take: 10,
  orderBy: {
    roleIds: "asc",
    ~~~~~~~
?   id?: SortOrder,
?   first_name?: SortOrder,
?   last_name?: SortOrder,
?   username?: SortOrder,
?   email?: SortOrder,
?   password?: SortOrder,
?   created_at?: SortOrder,
?   roles?: User_RoleOrderByRelationAggregateInput,
?   permissions?: User_permissionOrderByRelationAggregateInput,
?   categories?: CategoryOrderByRelationAggregateInput,
?   devices?: User_deviceOrderByRelationAggregateInput,
?   _relevance?: UserOrderByRelevanceInput
  }
}

Unknown argument `roleIds`. Did you mean `roles`? Available options are marked with ?.
[2026-01-22T11:36:47.103Z] 
Invalid `prisma.user.findMany()` invocation:

{
  select: {
    id: true,
    first_name: true,
    last_name: true,
    username: true,
    email: true,
    roles: {
      select: {
        role: {
          select: {
            name: true,
            id: true
          }
        }
      }
    }
  },
  skip: 0,
  take: 10,
  orderBy: {
    roles: "asc"
           ~~~~~
  }
}

Argument `roles`: Invalid value provided. Expected User_RoleOrderByRelationAggregateInput, provided String.
[2026-01-22T11:36:47.117Z] 
Invalid `prisma.user.findMany()` invocation:

{
  select: {
    id: true,
    first_name: true,
    last_name: true,
    username: true,
    email: true,
    roles: {
      select: {
        role: {
          select: {
            name: true,
            id: true
          }
        }
      }
    }
  },
  skip: 0,
  take: 10,
  orderBy: {
    roleIds: "asc",
    ~~~~~~~
?   id?: SortOrder,
?   first_name?: SortOrder,
?   last_name?: SortOrder,
?   username?: SortOrder,
?   email?: SortOrder,
?   password?: SortOrder,
?   created_at?: SortOrder,
?   roles?: User_RoleOrderByRelationAggregateInput,
?   permissions?: User_permissionOrderByRelationAggregateInput,
?   categories?: CategoryOrderByRelationAggregateInput,
?   devices?: User_deviceOrderByRelationAggregateInput,
?   _relevance?: UserOrderByRelevanceInput
  }
}

Unknown argument `roleIds`. Did you mean `roles`? Available options are marked with ?.
[2026-01-22T11:36:47.138Z] 
Invalid `prisma.user.findMany()` invocation:

{
  select: {
    id: true,
    first_name: true,
    last_name: true,
    username: true,
    email: true,
    roles: {
      select: {
        role: {
          select: {
            name: true,
            id: true
          }
        }
      }
    }
  },
  skip: 0,
  take: 10,
  orderBy: {
    roles: "asc"
           ~~~~~
  }
}

Argument `roles`: Invalid value provided. Expected User_RoleOrderByRelationAggregateInput, provided String.
[2026-01-22T11:36:47.212Z] 
Invalid `prisma.user.findMany()` invocation:

{
  select: {
    id: true,
    first_name: true,
    last_name: true,
    username: true,
    email: true,
    roles: {
      select: {
        role: {
          select: {
            name: true,
            id: true
          }
        }
      }
    }
  },
  skip: 0,
  take: 10,
  orderBy: {
    roleIds: "asc",
    ~~~~~~~
?   id?: SortOrder,
?   first_name?: SortOrder,
?   last_name?: SortOrder,
?   username?: SortOrder,
?   email?: SortOrder,
?   password?: SortOrder,
?   created_at?: SortOrder,
?   roles?: User_RoleOrderByRelationAggregateInput,
?   permissions?: User_permissionOrderByRelationAggregateInput,
?   categories?: CategoryOrderByRelationAggregateInput,
?   devices?: User_deviceOrderByRelationAggregateInput,
?   _relevance?: UserOrderByRelevanceInput
  }
}

Unknown argument `roleIds`. Did you mean `roles`? Available options are marked with ?.
[2026-01-22T11:36:47.242Z] 
Invalid `prisma.user.findMany()` invocation:

{
  select: {
    id: true,
    first_name: true,
    last_name: true,
    username: true,
    email: true,
    roles: {
      select: {
        role: {
          select: {
            name: true,
            id: true
          }
        }
      }
    }
  },
  skip: 0,
  take: 10,
  orderBy: {
    roles: "asc"
           ~~~~~
  }
}

Argument `roles`: Invalid value provided. Expected User_RoleOrderByRelationAggregateInput, provided String.
[2026-01-22T11:36:47.256Z] 
Invalid `prisma.user.findMany()` invocation:

{
  select: {
    id: true,
    first_name: true,
    last_name: true,
    username: true,
    email: true,
    roles: {
      select: {
        role: {
          select: {
            name: true,
            id: true
          }
        }
      }
    }
  },
  skip: 0,
  take: 10,
  orderBy: {
    roleIds: "asc",
    ~~~~~~~
?   id?: SortOrder,
?   first_name?: SortOrder,
?   last_name?: SortOrder,
?   username?: SortOrder,
?   email?: SortOrder,
?   password?: SortOrder,
?   created_at?: SortOrder,
?   roles?: User_RoleOrderByRelationAggregateInput,
?   permissions?: User_permissionOrderByRelationAggregateInput,
?   categories?: CategoryOrderByRelationAggregateInput,
?   devices?: User_deviceOrderByRelationAggregateInput,
?   _relevance?: UserOrderByRelevanceInput
  }
}

Unknown argument `roleIds`. Did you mean `roles`? Available options are marked with ?.
[2026-01-22T11:36:47.278Z] 
Invalid `prisma.user.findMany()` invocation:

{
  select: {
    id: true,
    first_name: true,
    last_name: true,
    username: true,
    email: true,
    roles: {
      select: {
        role: {
          select: {
            name: true,
            id: true
          }
        }
      }
    }
  },
  skip: 0,
  take: 10,
  orderBy: {
    roles: "asc"
           ~~~~~
  }
}

Argument `roles`: Invalid value provided. Expected User_RoleOrderByRelationAggregateInput, provided String.
[2026-01-22T11:36:47.345Z] 
Invalid `prisma.user.findMany()` invocation:

{
  select: {
    id: true,
    first_name: true,
    last_name: true,
    username: true,
    email: true,
    roles: {
      select: {
        role: {
          select: {
            name: true,
            id: true
          }
        }
      }
    }
  },
  skip: 0,
  take: 10,
  orderBy: {
    roleIds: "asc",
    ~~~~~~~
?   id?: SortOrder,
?   first_name?: SortOrder,
?   last_name?: SortOrder,
?   username?: SortOrder,
?   email?: SortOrder,
?   password?: SortOrder,
?   created_at?: SortOrder,
?   roles?: User_RoleOrderByRelationAggregateInput,
?   permissions?: User_permissionOrderByRelationAggregateInput,
?   categories?: CategoryOrderByRelationAggregateInput,
?   devices?: User_deviceOrderByRelationAggregateInput,
?   _relevance?: UserOrderByRelevanceInput
  }
}

Unknown argument `roleIds`. Did you mean `roles`? Available options are marked with ?.
[2026-01-22T11:36:47.366Z] 
Invalid `prisma.user.findMany()` invocation:

{
  select: {
    id: true,
    first_name: true,
    last_name: true,
    username: true,
    email: true,
    roles: {
      select: {
        role: {
          select: {
            name: true,
            id: true
          }
        }
      }
    }
  },
  skip: 0,
  take: 10,
  orderBy: {
    roles: "asc"
           ~~~~~
  }
}

Argument `roles`: Invalid value provided. Expected User_RoleOrderByRelationAggregateInput, provided String.
[2026-01-22T11:36:47.382Z] 
Invalid `prisma.user.findMany()` invocation:

{
  select: {
    id: true,
    first_name: true,
    last_name: true,
    username: true,
    email: true,
    roles: {
      select: {
        role: {
          select: {
            name: true,
            id: true
          }
        }
      }
    }
  },
  skip: 0,
  take: 10,
  orderBy: {
    roleIds: "asc",
    ~~~~~~~
?   id?: SortOrder,
?   first_name?: SortOrder,
?   last_name?: SortOrder,
?   username?: SortOrder,
?   email?: SortOrder,
?   password?: SortOrder,
?   created_at?: SortOrder,
?   roles?: User_RoleOrderByRelationAggregateInput,
?   permissions?: User_permissionOrderByRelationAggregateInput,
?   categories?: CategoryOrderByRelationAggregateInput,
?   devices?: User_deviceOrderByRelationAggregateInput,
?   _relevance?: UserOrderByRelevanceInput
  }
}

Unknown argument `roleIds`. Did you mean `roles`? Available options are marked with ?.
[2026-01-22T11:36:47.405Z] 
Invalid `prisma.user.findMany()` invocation:

{
  select: {
    id: true,
    first_name: true,
    last_name: true,
    username: true,
    email: true,
    roles: {
      select: {
        role: {
          select: {
            name: true,
            id: true
          }
        }
      }
    }
  },
  skip: 0,
  take: 10,
  orderBy: {
    roles: "asc"
           ~~~~~
  }
}

Argument `roles`: Invalid value provided. Expected User_RoleOrderByRelationAggregateInput, provided String.
[2026-01-22T11:36:47.464Z] 
Invalid `prisma.user.findMany()` invocation:

{
  select: {
    id: true,
    first_name: true,
    last_name: true,
    username: true,
    email: true,
    roles: {
      select: {
        role: {
          select: {
            name: true,
            id: true
          }
        }
      }
    }
  },
  skip: 0,
  take: 10,
  orderBy: {
    roleIds: "asc",
    ~~~~~~~
?   id?: SortOrder,
?   first_name?: SortOrder,
?   last_name?: SortOrder,
?   username?: SortOrder,
?   email?: SortOrder,
?   password?: SortOrder,
?   created_at?: SortOrder,
?   roles?: User_RoleOrderByRelationAggregateInput,
?   permissions?: User_permissionOrderByRelationAggregateInput,
?   categories?: CategoryOrderByRelationAggregateInput,
?   devices?: User_deviceOrderByRelationAggregateInput,
?   _relevance?: UserOrderByRelevanceInput
  }
}

Unknown argument `roleIds`. Did you mean `roles`? Available options are marked with ?.
[2026-01-22T11:36:47.488Z] 
Invalid `prisma.user.findMany()` invocation:

{
  select: {
    id: true,
    first_name: true,
    last_name: true,
    username: true,
    email: true,
    roles: {
      select: {
        role: {
          select: {
            name: true,
            id: true
          }
        }
      }
    }
  },
  skip: 0,
  take: 10,
  orderBy: {
    roles: "asc"
           ~~~~~
  }
}

Argument `roles`: Invalid value provided. Expected User_RoleOrderByRelationAggregateInput, provided String.
[2026-01-22T11:36:47.504Z] 
Invalid `prisma.user.findMany()` invocation:

{
  select: {
    id: true,
    first_name: true,
    last_name: true,
    username: true,
    email: true,
    roles: {
      select: {
        role: {
          select: {
            name: true,
            id: true
          }
        }
      }
    }
  },
  skip: 0,
  take: 10,
  orderBy: {
    roleIds: "asc",
    ~~~~~~~
?   id?: SortOrder,
?   first_name?: SortOrder,
?   last_name?: SortOrder,
?   username?: SortOrder,
?   email?: SortOrder,
?   password?: SortOrder,
?   created_at?: SortOrder,
?   roles?: User_RoleOrderByRelationAggregateInput,
?   permissions?: User_permissionOrderByRelationAggregateInput,
?   categories?: CategoryOrderByRelationAggregateInput,
?   devices?: User_deviceOrderByRelationAggregateInput,
?   _relevance?: UserOrderByRelevanceInput
  }
}

Unknown argument `roleIds`. Did you mean `roles`? Available options are marked with ?.
[2026-01-22T11:36:47.525Z] 
Invalid `prisma.user.findMany()` invocation:

{
  select: {
    id: true,
    first_name: true,
    last_name: true,
    username: true,
    email: true,
    roles: {
      select: {
        role: {
          select: {
            name: true,
            id: true
          }
        }
      }
    }
  },
  skip: 0,
  take: 10,
  orderBy: {
    roles: "asc"
           ~~~~~
  }
}

Argument `roles`: Invalid value provided. Expected User_RoleOrderByRelationAggregateInput, provided String.
[2026-01-22T11:36:47.588Z] 
Invalid `prisma.user.findMany()` invocation:

{
  select: {
    id: true,
    first_name: true,
    last_name: true,
    username: true,
    email: true,
    roles: {
      select: {
        role: {
          select: {
            name: true,
            id: true
          }
        }
      }
    }
  },
  skip: 0,
  take: 10,
  orderBy: {
    roleIds: "asc",
    ~~~~~~~
?   id?: SortOrder,
?   first_name?: SortOrder,
?   last_name?: SortOrder,
?   username?: SortOrder,
?   email?: SortOrder,
?   password?: SortOrder,
?   created_at?: SortOrder,
?   roles?: User_RoleOrderByRelationAggregateInput,
?   permissions?: User_permissionOrderByRelationAggregateInput,
?   categories?: CategoryOrderByRelationAggregateInput,
?   devices?: User_deviceOrderByRelationAggregateInput,
?   _relevance?: UserOrderByRelevanceInput
  }
}

Unknown argument `roleIds`. Did you mean `roles`? Available options are marked with ?.
[2026-01-22T11:36:47.615Z] 
Invalid `prisma.user.findMany()` invocation:

{
  select: {
    id: true,
    first_name: true,
    last_name: true,
    username: true,
    email: true,
    roles: {
      select: {
        role: {
          select: {
            name: true,
            id: true
          }
        }
      }
    }
  },
  skip: 0,
  take: 10,
  orderBy: {
    roles: "asc"
           ~~~~~
  }
}

Argument `roles`: Invalid value provided. Expected User_RoleOrderByRelationAggregateInput, provided String.
[2026-01-22T11:36:47.620Z] 
Invalid `prisma.user.findMany()` invocation:

{
  select: {
    id: true,
    first_name: true,
    last_name: true,
    username: true,
    email: true,
    roles: {
      select: {
        role: {
          select: {
            name: true,
            id: true
          }
        }
      }
    }
  },
  skip: 0,
  take: 10,
  orderBy: {
    roleIds: "asc",
    ~~~~~~~
?   id?: SortOrder,
?   first_name?: SortOrder,
?   last_name?: SortOrder,
?   username?: SortOrder,
?   email?: SortOrder,
?   password?: SortOrder,
?   created_at?: SortOrder,
?   roles?: User_RoleOrderByRelationAggregateInput,
?   permissions?: User_permissionOrderByRelationAggregateInput,
?   categories?: CategoryOrderByRelationAggregateInput,
?   devices?: User_deviceOrderByRelationAggregateInput,
?   _relevance?: UserOrderByRelevanceInput
  }
}

Unknown argument `roleIds`. Did you mean `roles`? Available options are marked with ?.
[2026-01-22T11:36:47.643Z] 
Invalid `prisma.user.findMany()` invocation:

{
  select: {
    id: true,
    first_name: true,
    last_name: true,
    username: true,
    email: true,
    roles: {
      select: {
        role: {
          select: {
            name: true,
            id: true
          }
        }
      }
    }
  },
  skip: 0,
  take: 10,
  orderBy: {
    roles: "asc"
           ~~~~~
  }
}

Argument `roles`: Invalid value provided. Expected User_RoleOrderByRelationAggregateInput, provided String.
[2026-01-22T11:36:47.704Z] 
Invalid `prisma.user.findMany()` invocation:

{
  select: {
    id: true,
    first_name: true,
    last_name: true,
    username: true,
    email: true,
    roles: {
      select: {
        role: {
          select: {
            name: true,
            id: true
          }
        }
      }
    }
  },
  skip: 0,
  take: 10,
  orderBy: {
    roleIds: "asc",
    ~~~~~~~
?   id?: SortOrder,
?   first_name?: SortOrder,
?   last_name?: SortOrder,
?   username?: SortOrder,
?   email?: SortOrder,
?   password?: SortOrder,
?   created_at?: SortOrder,
?   roles?: User_RoleOrderByRelationAggregateInput,
?   permissions?: User_permissionOrderByRelationAggregateInput,
?   categories?: CategoryOrderByRelationAggregateInput,
?   devices?: User_deviceOrderByRelationAggregateInput,
?   _relevance?: UserOrderByRelevanceInput
  }
}

Unknown argument `roleIds`. Did you mean `roles`? Available options are marked with ?.
[2026-01-22T11:36:47.735Z] 
Invalid `prisma.user.findMany()` invocation:

{
  select: {
    id: true,
    first_name: true,
    last_name: true,
    username: true,
    email: true,
    roles: {
      select: {
        role: {
          select: {
            name: true,
            id: true
          }
        }
      }
    }
  },
  skip: 0,
  take: 10,
  orderBy: {
    roles: "asc"
           ~~~~~
  }
}

Argument `roles`: Invalid value provided. Expected User_RoleOrderByRelationAggregateInput, provided String.
[2026-01-22T11:36:47.752Z] 
Invalid `prisma.user.findMany()` invocation:

{
  select: {
    id: true,
    first_name: true,
    last_name: true,
    username: true,
    email: true,
    roles: {
      select: {
        role: {
          select: {
            name: true,
            id: true
          }
        }
      }
    }
  },
  skip: 0,
  take: 10,
  orderBy: {
    roleIds: "asc",
    ~~~~~~~
?   id?: SortOrder,
?   first_name?: SortOrder,
?   last_name?: SortOrder,
?   username?: SortOrder,
?   email?: SortOrder,
?   password?: SortOrder,
?   created_at?: SortOrder,
?   roles?: User_RoleOrderByRelationAggregateInput,
?   permissions?: User_permissionOrderByRelationAggregateInput,
?   categories?: CategoryOrderByRelationAggregateInput,
?   devices?: User_deviceOrderByRelationAggregateInput,
?   _relevance?: UserOrderByRelevanceInput
  }
}

Unknown argument `roleIds`. Did you mean `roles`? Available options are marked with ?.
[2026-01-22T11:36:47.779Z] 
Invalid `prisma.user.findMany()` invocation:

{
  select: {
    id: true,
    first_name: true,
    last_name: true,
    username: true,
    email: true,
    roles: {
      select: {
        role: {
          select: {
            name: true,
            id: true
          }
        }
      }
    }
  },
  skip: 0,
  take: 10,
  orderBy: {
    roles: "asc"
           ~~~~~
  }
}

Argument `roles`: Invalid value provided. Expected User_RoleOrderByRelationAggregateInput, provided String.
[2026-01-22T11:36:47.825Z] 
Invalid `prisma.user.findMany()` invocation:

{
  select: {
    id: true,
    first_name: true,
    last_name: true,
    username: true,
    email: true,
    roles: {
      select: {
        role: {
          select: {
            name: true,
            id: true
          }
        }
      }
    }
  },
  skip: 0,
  take: 10,
  orderBy: {
    roleIds: "asc",
    ~~~~~~~
?   id?: SortOrder,
?   first_name?: SortOrder,
?   last_name?: SortOrder,
?   username?: SortOrder,
?   email?: SortOrder,
?   password?: SortOrder,
?   created_at?: SortOrder,
?   roles?: User_RoleOrderByRelationAggregateInput,
?   permissions?: User_permissionOrderByRelationAggregateInput,
?   categories?: CategoryOrderByRelationAggregateInput,
?   devices?: User_deviceOrderByRelationAggregateInput,
?   _relevance?: UserOrderByRelevanceInput
  }
}

Unknown argument `roleIds`. Did you mean `roles`? Available options are marked with ?.
[2026-01-22T11:36:47.848Z] 
Invalid `prisma.user.findMany()` invocation:

{
  select: {
    id: true,
    first_name: true,
    last_name: true,
    username: true,
    email: true,
    roles: {
      select: {
        role: {
          select: {
            name: true,
            id: true
          }
        }
      }
    }
  },
  skip: 0,
  take: 10,
  orderBy: {
    roles: "asc"
           ~~~~~
  }
}

Argument `roles`: Invalid value provided. Expected User_RoleOrderByRelationAggregateInput, provided String.
[2026-01-22T11:36:47.858Z] 
Invalid `prisma.user.findMany()` invocation:

{
  select: {
    id: true,
    first_name: true,
    last_name: true,
    username: true,
    email: true,
    roles: {
      select: {
        role: {
          select: {
            name: true,
            id: true
          }
        }
      }
    }
  },
  skip: 0,
  take: 10,
  orderBy: {
    roleIds: "asc",
    ~~~~~~~
?   id?: SortOrder,
?   first_name?: SortOrder,
?   last_name?: SortOrder,
?   username?: SortOrder,
?   email?: SortOrder,
?   password?: SortOrder,
?   created_at?: SortOrder,
?   roles?: User_RoleOrderByRelationAggregateInput,
?   permissions?: User_permissionOrderByRelationAggregateInput,
?   categories?: CategoryOrderByRelationAggregateInput,
?   devices?: User_deviceOrderByRelationAggregateInput,
?   _relevance?: UserOrderByRelevanceInput
  }
}

Unknown argument `roleIds`. Did you mean `roles`? Available options are marked with ?.
[2026-01-22T11:36:47.880Z] 
Invalid `prisma.user.findMany()` invocation:

{
  select: {
    id: true,
    first_name: true,
    last_name: true,
    username: true,
    email: true,
    roles: {
      select: {
        role: {
          select: {
            name: true,
            id: true
          }
        }
      }
    }
  },
  skip: 0,
  take: 10,
  orderBy: {
    roles: "asc"
           ~~~~~
  }
}

Argument `roles`: Invalid value provided. Expected User_RoleOrderByRelationAggregateInput, provided String.
[2026-01-22T11:36:47.952Z] 
Invalid `prisma.user.findMany()` invocation:

{
  select: {
    id: true,
    first_name: true,
    last_name: true,
    username: true,
    email: true,
    roles: {
      select: {
        role: {
          select: {
            name: true,
            id: true
          }
        }
      }
    }
  },
  skip: 0,
  take: 10,
  orderBy: {
    roleIds: "asc",
    ~~~~~~~
?   id?: SortOrder,
?   first_name?: SortOrder,
?   last_name?: SortOrder,
?   username?: SortOrder,
?   email?: SortOrder,
?   password?: SortOrder,
?   created_at?: SortOrder,
?   roles?: User_RoleOrderByRelationAggregateInput,
?   permissions?: User_permissionOrderByRelationAggregateInput,
?   categories?: CategoryOrderByRelationAggregateInput,
?   devices?: User_deviceOrderByRelationAggregateInput,
?   _relevance?: UserOrderByRelevanceInput
  }
}

Unknown argument `roleIds`. Did you mean `roles`? Available options are marked with ?.
[2026-01-22T11:36:47.991Z] 
Invalid `prisma.user.findMany()` invocation:

{
  select: {
    id: true,
    first_name: true,
    last_name: true,
    username: true,
    email: true,
    roles: {
      select: {
        role: {
          select: {
            name: true,
            id: true
          }
        }
      }
    }
  },
  skip: 0,
  take: 10,
  orderBy: {
    roles: "asc"
           ~~~~~
  }
}

Argument `roles`: Invalid value provided. Expected User_RoleOrderByRelationAggregateInput, provided String.
[2026-01-22T11:36:48.005Z] 
Invalid `prisma.user.findMany()` invocation:

{
  select: {
    id: true,
    first_name: true,
    last_name: true,
    username: true,
    email: true,
    roles: {
      select: {
        role: {
          select: {
            name: true,
            id: true
          }
        }
      }
    }
  },
  skip: 0,
  take: 10,
  orderBy: {
    roleIds: "asc",
    ~~~~~~~
?   id?: SortOrder,
?   first_name?: SortOrder,
?   last_name?: SortOrder,
?   username?: SortOrder,
?   email?: SortOrder,
?   password?: SortOrder,
?   created_at?: SortOrder,
?   roles?: User_RoleOrderByRelationAggregateInput,
?   permissions?: User_permissionOrderByRelationAggregateInput,
?   categories?: CategoryOrderByRelationAggregateInput,
?   devices?: User_deviceOrderByRelationAggregateInput,
?   _relevance?: UserOrderByRelevanceInput
  }
}

Unknown argument `roleIds`. Did you mean `roles`? Available options are marked with ?.
[2026-01-22T11:36:48.042Z] 
Invalid `prisma.user.findMany()` invocation:

{
  select: {
    id: true,
    first_name: true,
    last_name: true,
    username: true,
    email: true,
    roles: {
      select: {
        role: {
          select: {
            name: true,
            id: true
          }
        }
      }
    }
  },
  skip: 0,
  take: 10,
  orderBy: {
    roles: "asc"
           ~~~~~
  }
}

Argument `roles`: Invalid value provided. Expected User_RoleOrderByRelationAggregateInput, provided String.
[2026-01-22T11:36:48.155Z] 
Invalid `prisma.user.findMany()` invocation:

{
  select: {
    id: true,
    first_name: true,
    last_name: true,
    username: true,
    email: true,
    roles: {
      select: {
        role: {
          select: {
            name: true,
            id: true
          }
        }
      }
    }
  },
  skip: 0,
  take: 10,
  orderBy: {
    roleIds: "asc",
    ~~~~~~~
?   id?: SortOrder,
?   first_name?: SortOrder,
?   last_name?: SortOrder,
?   username?: SortOrder,
?   email?: SortOrder,
?   password?: SortOrder,
?   created_at?: SortOrder,
?   roles?: User_RoleOrderByRelationAggregateInput,
?   permissions?: User_permissionOrderByRelationAggregateInput,
?   categories?: CategoryOrderByRelationAggregateInput,
?   devices?: User_deviceOrderByRelationAggregateInput,
?   _relevance?: UserOrderByRelevanceInput
  }
}

Unknown argument `roleIds`. Did you mean `roles`? Available options are marked with ?.
[2026-01-22T11:36:48.187Z] 
Invalid `prisma.user.findMany()` invocation:

{
  select: {
    id: true,
    first_name: true,
    last_name: true,
    username: true,
    email: true,
    roles: {
      select: {
        role: {
          select: {
            name: true,
            id: true
          }
        }
      }
    }
  },
  skip: 0,
  take: 10,
  orderBy: {
    roles: "asc"
           ~~~~~
  }
}

Argument `roles`: Invalid value provided. Expected User_RoleOrderByRelationAggregateInput, provided String.
[2026-01-22T11:36:48.217Z] 
Invalid `prisma.user.findMany()` invocation:

{
  select: {
    id: true,
    first_name: true,
    last_name: true,
    username: true,
    email: true,
    roles: {
      select: {
        role: {
          select: {
            name: true,
            id: true
          }
        }
      }
    }
  },
  skip: 0,
  take: 10,
  orderBy: {
    roleIds: "asc",
    ~~~~~~~
?   id?: SortOrder,
?   first_name?: SortOrder,
?   last_name?: SortOrder,
?   username?: SortOrder,
?   email?: SortOrder,
?   password?: SortOrder,
?   created_at?: SortOrder,
?   roles?: User_RoleOrderByRelationAggregateInput,
?   permissions?: User_permissionOrderByRelationAggregateInput,
?   categories?: CategoryOrderByRelationAggregateInput,
?   devices?: User_deviceOrderByRelationAggregateInput,
?   _relevance?: UserOrderByRelevanceInput
  }
}

Unknown argument `roleIds`. Did you mean `roles`? Available options are marked with ?.
[2026-01-22T11:36:48.242Z] 
Invalid `prisma.user.findMany()` invocation:

{
  select: {
    id: true,
    first_name: true,
    last_name: true,
    username: true,
    email: true,
    roles: {
      select: {
        role: {
          select: {
            name: true,
            id: true
          }
        }
      }
    }
  },
  skip: 0,
  take: 10,
  orderBy: {
    roles: "asc"
           ~~~~~
  }
}

Argument `roles`: Invalid value provided. Expected User_RoleOrderByRelationAggregateInput, provided String.
[2026-01-22T11:36:48.272Z] 
Invalid `prisma.user.findMany()` invocation:

{
  select: {
    id: true,
    first_name: true,
    last_name: true,
    username: true,
    email: true,
    roles: {
      select: {
        role: {
          select: {
            name: true,
            id: true
          }
        }
      }
    }
  },
  skip: 0,
  take: 10,
  orderBy: {
    roleIds: "asc",
    ~~~~~~~
?   id?: SortOrder,
?   first_name?: SortOrder,
?   last_name?: SortOrder,
?   username?: SortOrder,
?   email?: SortOrder,
?   password?: SortOrder,
?   created_at?: SortOrder,
?   roles?: User_RoleOrderByRelationAggregateInput,
?   permissions?: User_permissionOrderByRelationAggregateInput,
?   categories?: CategoryOrderByRelationAggregateInput,
?   devices?: User_deviceOrderByRelationAggregateInput,
?   _relevance?: UserOrderByRelevanceInput
  }
}

Unknown argument `roleIds`. Did you mean `roles`? Available options are marked with ?.
[2026-01-22T11:36:48.290Z] 
Invalid `prisma.user.findMany()` invocation:

{
  select: {
    id: true,
    first_name: true,
    last_name: true,
    username: true,
    email: true,
    roles: {
      select: {
        role: {
          select: {
            name: true,
            id: true
          }
        }
      }
    }
  },
  skip: 0,
  take: 10,
  orderBy: {
    roles: "asc"
           ~~~~~
  }
}

Argument `roles`: Invalid value provided. Expected User_RoleOrderByRelationAggregateInput, provided String.
[2026-01-22T11:36:48.306Z] 
Invalid `prisma.user.findMany()` invocation:

{
  select: {
    id: true,
    first_name: true,
    last_name: true,
    username: true,
    email: true,
    roles: {
      select: {
        role: {
          select: {
            name: true,
            id: true
          }
        }
      }
    }
  },
  skip: 0,
  take: 10,
  orderBy: {
    roleIds: "asc",
    ~~~~~~~
?   id?: SortOrder,
?   first_name?: SortOrder,
?   last_name?: SortOrder,
?   username?: SortOrder,
?   email?: SortOrder,
?   password?: SortOrder,
?   created_at?: SortOrder,
?   roles?: User_RoleOrderByRelationAggregateInput,
?   permissions?: User_permissionOrderByRelationAggregateInput,
?   categories?: CategoryOrderByRelationAggregateInput,
?   devices?: User_deviceOrderByRelationAggregateInput,
?   _relevance?: UserOrderByRelevanceInput
  }
}

Unknown argument `roleIds`. Did you mean `roles`? Available options are marked with ?.
[2026-01-22T11:36:48.324Z] 
Invalid `prisma.user.findMany()` invocation:

{
  select: {
    id: true,
    first_name: true,
    last_name: true,
    username: true,
    email: true,
    roles: {
      select: {
        role: {
          select: {
            name: true,
            id: true
          }
        }
      }
    }
  },
  skip: 0,
  take: 10,
  orderBy: {
    roles: "asc"
           ~~~~~
  }
}

Argument `roles`: Invalid value provided. Expected User_RoleOrderByRelationAggregateInput, provided String.
[2026-01-22T11:36:48.367Z] 
Invalid `prisma.user.findMany()` invocation:

{
  select: {
    id: true,
    first_name: true,
    last_name: true,
    username: true,
    email: true,
    roles: {
      select: {
        role: {
          select: {
            name: true,
            id: true
          }
        }
      }
    }
  },
  skip: 0,
  take: 10,
  orderBy: {
    roleIds: "asc",
    ~~~~~~~
?   id?: SortOrder,
?   first_name?: SortOrder,
?   last_name?: SortOrder,
?   username?: SortOrder,
?   email?: SortOrder,
?   password?: SortOrder,
?   created_at?: SortOrder,
?   roles?: User_RoleOrderByRelationAggregateInput,
?   permissions?: User_permissionOrderByRelationAggregateInput,
?   categories?: CategoryOrderByRelationAggregateInput,
?   devices?: User_deviceOrderByRelationAggregateInput,
?   _relevance?: UserOrderByRelevanceInput
  }
}

Unknown argument `roleIds`. Did you mean `roles`? Available options are marked with ?.
[2026-01-22T11:36:48.383Z] 
Invalid `prisma.user.findMany()` invocation:

{
  select: {
    id: true,
    first_name: true,
    last_name: true,
    username: true,
    email: true,
    roles: {
      select: {
        role: {
          select: {
            name: true,
            id: true
          }
        }
      }
    }
  },
  skip: 0,
  take: 10,
  orderBy: {
    roles: "asc"
           ~~~~~
  }
}

Argument `roles`: Invalid value provided. Expected User_RoleOrderByRelationAggregateInput, provided String.
[2026-01-22T11:36:48.407Z] 
Invalid `prisma.user.findMany()` invocation:

{
  select: {
    id: true,
    first_name: true,
    last_name: true,
    username: true,
    email: true,
    roles: {
      select: {
        role: {
          select: {
            name: true,
            id: true
          }
        }
      }
    }
  },
  skip: 0,
  take: 10,
  orderBy: {
    roleIds: "asc",
    ~~~~~~~
?   id?: SortOrder,
?   first_name?: SortOrder,
?   last_name?: SortOrder,
?   username?: SortOrder,
?   email?: SortOrder,
?   password?: SortOrder,
?   created_at?: SortOrder,
?   roles?: User_RoleOrderByRelationAggregateInput,
?   permissions?: User_permissionOrderByRelationAggregateInput,
?   categories?: CategoryOrderByRelationAggregateInput,
?   devices?: User_deviceOrderByRelationAggregateInput,
?   _relevance?: UserOrderByRelevanceInput
  }
}

Unknown argument `roleIds`. Did you mean `roles`? Available options are marked with ?.
[2026-01-22T11:36:48.421Z] 
Invalid `prisma.user.findMany()` invocation:

{
  select: {
    id: true,
    first_name: true,
    last_name: true,
    username: true,
    email: true,
    roles: {
      select: {
        role: {
          select: {
            name: true,
            id: true
          }
        }
      }
    }
  },
  skip: 0,
  take: 10,
  orderBy: {
    roles: "asc"
           ~~~~~
  }
}

Argument `roles`: Invalid value provided. Expected User_RoleOrderByRelationAggregateInput, provided String.
[2026-01-22T11:36:48.483Z] 
Invalid `prisma.user.findMany()` invocation:

{
  select: {
    id: true,
    first_name: true,
    last_name: true,
    username: true,
    email: true,
    roles: {
      select: {
        role: {
          select: {
            name: true,
            id: true
          }
        }
      }
    }
  },
  skip: 0,
  take: 10,
  orderBy: {
    roleIds: "asc",
    ~~~~~~~
?   id?: SortOrder,
?   first_name?: SortOrder,
?   last_name?: SortOrder,
?   username?: SortOrder,
?   email?: SortOrder,
?   password?: SortOrder,
?   created_at?: SortOrder,
?   roles?: User_RoleOrderByRelationAggregateInput,
?   permissions?: User_permissionOrderByRelationAggregateInput,
?   categories?: CategoryOrderByRelationAggregateInput,
?   devices?: User_deviceOrderByRelationAggregateInput,
?   _relevance?: UserOrderByRelevanceInput
  }
}

Unknown argument `roleIds`. Did you mean `roles`? Available options are marked with ?.
[2026-01-22T11:36:48.506Z] 
Invalid `prisma.user.findMany()` invocation:

{
  select: {
    id: true,
    first_name: true,
    last_name: true,
    username: true,
    email: true,
    roles: {
      select: {
        role: {
          select: {
            name: true,
            id: true
          }
        }
      }
    }
  },
  skip: 0,
  take: 10,
  orderBy: {
    roles: "asc"
           ~~~~~
  }
}

Argument `roles`: Invalid value provided. Expected User_RoleOrderByRelationAggregateInput, provided String.
[2026-01-22T11:36:48.543Z] 
Invalid `prisma.user.findMany()` invocation:

{
  select: {
    id: true,
    first_name: true,
    last_name: true,
    username: true,
    email: true,
    roles: {
      select: {
        role: {
          select: {
            name: true,
            id: true
          }
        }
      }
    }
  },
  skip: 0,
  take: 10,
  orderBy: {
    roleIds: "asc",
    ~~~~~~~
?   id?: SortOrder,
?   first_name?: SortOrder,
?   last_name?: SortOrder,
?   username?: SortOrder,
?   email?: SortOrder,
?   password?: SortOrder,
?   created_at?: SortOrder,
?   roles?: User_RoleOrderByRelationAggregateInput,
?   permissions?: User_permissionOrderByRelationAggregateInput,
?   categories?: CategoryOrderByRelationAggregateInput,
?   devices?: User_deviceOrderByRelationAggregateInput,
?   _relevance?: UserOrderByRelevanceInput
  }
}

Unknown argument `roleIds`. Did you mean `roles`? Available options are marked with ?.
[2026-01-22T11:36:48.550Z] 
Invalid `prisma.user.findMany()` invocation:

{
  select: {
    id: true,
    first_name: true,
    last_name: true,
    username: true,
    email: true,
    roles: {
      select: {
        role: {
          select: {
            name: true,
            id: true
          }
        }
      }
    }
  },
  skip: 0,
  take: 10,
  orderBy: {
    roles: "asc"
           ~~~~~
  }
}

Argument `roles`: Invalid value provided. Expected User_RoleOrderByRelationAggregateInput, provided String.
[2026-01-22T11:36:48.606Z] 
Invalid `prisma.user.findMany()` invocation:

{
  select: {
    id: true,
    first_name: true,
    last_name: true,
    username: true,
    email: true,
    roles: {
      select: {
        role: {
          select: {
            name: true,
            id: true
          }
        }
      }
    }
  },
  skip: 0,
  take: 10,
  orderBy: {
    roleIds: "asc",
    ~~~~~~~
?   id?: SortOrder,
?   first_name?: SortOrder,
?   last_name?: SortOrder,
?   username?: SortOrder,
?   email?: SortOrder,
?   password?: SortOrder,
?   created_at?: SortOrder,
?   roles?: User_RoleOrderByRelationAggregateInput,
?   permissions?: User_permissionOrderByRelationAggregateInput,
?   categories?: CategoryOrderByRelationAggregateInput,
?   devices?: User_deviceOrderByRelationAggregateInput,
?   _relevance?: UserOrderByRelevanceInput
  }
}

Unknown argument `roleIds`. Did you mean `roles`? Available options are marked with ?.
[2026-01-22T11:36:48.642Z] 
Invalid `prisma.user.findMany()` invocation:

{
  select: {
    id: true,
    first_name: true,
    last_name: true,
    username: true,
    email: true,
    roles: {
      select: {
        role: {
          select: {
            name: true,
            id: true
          }
        }
      }
    }
  },
  skip: 0,
  take: 10,
  orderBy: {
    roles: "asc"
           ~~~~~
  }
}

Argument `roles`: Invalid value provided. Expected User_RoleOrderByRelationAggregateInput, provided String.
[2026-01-22T11:36:48.658Z] 
Invalid `prisma.user.findMany()` invocation:

{
  select: {
    id: true,
    first_name: true,
    last_name: true,
    username: true,
    email: true,
    roles: {
      select: {
        role: {
          select: {
            name: true,
            id: true
          }
        }
      }
    }
  },
  skip: 0,
  take: 10,
  orderBy: {
    roleIds: "asc",
    ~~~~~~~
?   id?: SortOrder,
?   first_name?: SortOrder,
?   last_name?: SortOrder,
?   username?: SortOrder,
?   email?: SortOrder,
?   password?: SortOrder,
?   created_at?: SortOrder,
?   roles?: User_RoleOrderByRelationAggregateInput,
?   permissions?: User_permissionOrderByRelationAggregateInput,
?   categories?: CategoryOrderByRelationAggregateInput,
?   devices?: User_deviceOrderByRelationAggregateInput,
?   _relevance?: UserOrderByRelevanceInput
  }
}

Unknown argument `roleIds`. Did you mean `roles`? Available options are marked with ?.
[2026-01-22T11:36:48.685Z] 
Invalid `prisma.user.findMany()` invocation:

{
  select: {
    id: true,
    first_name: true,
    last_name: true,
    username: true,
    email: true,
    roles: {
      select: {
        role: {
          select: {
            name: true,
            id: true
          }
        }
      }
    }
  },
  skip: 0,
  take: 10,
  orderBy: {
    roles: "asc"
           ~~~~~
  }
}

Argument `roles`: Invalid value provided. Expected User_RoleOrderByRelationAggregateInput, provided String.
[2026-01-22T11:36:48.721Z] 
Invalid `prisma.user.findMany()` invocation:

{
  select: {
    id: true,
    first_name: true,
    last_name: true,
    username: true,
    email: true,
    roles: {
      select: {
        role: {
          select: {
            name: true,
            id: true
          }
        }
      }
    }
  },
  skip: 0,
  take: 10,
  orderBy: {
    roleIds: "asc",
    ~~~~~~~
?   id?: SortOrder,
?   first_name?: SortOrder,
?   last_name?: SortOrder,
?   username?: SortOrder,
?   email?: SortOrder,
?   password?: SortOrder,
?   created_at?: SortOrder,
?   roles?: User_RoleOrderByRelationAggregateInput,
?   permissions?: User_permissionOrderByRelationAggregateInput,
?   categories?: CategoryOrderByRelationAggregateInput,
?   devices?: User_deviceOrderByRelationAggregateInput,
?   _relevance?: UserOrderByRelevanceInput
  }
}

Unknown argument `roleIds`. Did you mean `roles`? Available options are marked with ?.
[2026-01-22T11:36:48.725Z] 
Invalid `prisma.user.findMany()` invocation:

{
  select: {
    id: true,
    first_name: true,
    last_name: true,
    username: true,
    email: true,
    roles: {
      select: {
        role: {
          select: {
            name: true,
            id: true
          }
        }
      }
    }
  },
  skip: 0,
  take: 10,
  orderBy: {
    roles: "asc"
           ~~~~~
  }
}

Argument `roles`: Invalid value provided. Expected User_RoleOrderByRelationAggregateInput, provided String.
[2026-01-22T11:36:48.755Z] 
Invalid `prisma.user.findMany()` invocation:

{
  select: {
    id: true,
    first_name: true,
    last_name: true,
    username: true,
    email: true,
    roles: {
      select: {
        role: {
          select: {
            name: true,
            id: true
          }
        }
      }
    }
  },
  skip: 0,
  take: 10,
  orderBy: {
    roleIds: "asc",
    ~~~~~~~
?   id?: SortOrder,
?   first_name?: SortOrder,
?   last_name?: SortOrder,
?   username?: SortOrder,
?   email?: SortOrder,
?   password?: SortOrder,
?   created_at?: SortOrder,
?   roles?: User_RoleOrderByRelationAggregateInput,
?   permissions?: User_permissionOrderByRelationAggregateInput,
?   categories?: CategoryOrderByRelationAggregateInput,
?   devices?: User_deviceOrderByRelationAggregateInput,
?   _relevance?: UserOrderByRelevanceInput
  }
}

Unknown argument `roleIds`. Did you mean `roles`? Available options are marked with ?.
[2026-01-22T11:36:48.760Z] 
Invalid `prisma.user.findMany()` invocation:

{
  select: {
    id: true,
    first_name: true,
    last_name: true,
    username: true,
    email: true,
    roles: {
      select: {
        role: {
          select: {
            name: true,
            id: true
          }
        }
      }
    }
  },
  skip: 0,
  take: 10,
  orderBy: {
    roles: "asc"
           ~~~~~
  }
}

Argument `roles`: Invalid value provided. Expected User_RoleOrderByRelationAggregateInput, provided String.
[2026-01-22T11:36:48.825Z] 
Invalid `prisma.user.findMany()` invocation:

{
  select: {
    id: true,
    first_name: true,
    last_name: true,
    username: true,
    email: true,
    roles: {
      select: {
        role: {
          select: {
            name: true,
            id: true
          }
        }
      }
    }
  },
  skip: 0,
  take: 10,
  orderBy: {
    roleIds: "asc",
    ~~~~~~~
?   id?: SortOrder,
?   first_name?: SortOrder,
?   last_name?: SortOrder,
?   username?: SortOrder,
?   email?: SortOrder,
?   password?: SortOrder,
?   created_at?: SortOrder,
?   roles?: User_RoleOrderByRelationAggregateInput,
?   permissions?: User_permissionOrderByRelationAggregateInput,
?   categories?: CategoryOrderByRelationAggregateInput,
?   devices?: User_deviceOrderByRelationAggregateInput,
?   _relevance?: UserOrderByRelevanceInput
  }
}

Unknown argument `roleIds`. Did you mean `roles`? Available options are marked with ?.
[2026-01-22T11:36:48.836Z] 
Invalid `prisma.user.findMany()` invocation:

{
  select: {
    id: true,
    first_name: true,
    last_name: true,
    username: true,
    email: true,
    roles: {
      select: {
        role: {
          select: {
            name: true,
            id: true
          }
        }
      }
    }
  },
  skip: 0,
  take: 10,
  orderBy: {
    roles: "asc"
           ~~~~~
  }
}

Argument `roles`: Invalid value provided. Expected User_RoleOrderByRelationAggregateInput, provided String.
[2026-01-22T11:36:48.886Z] 
Invalid `prisma.user.findMany()` invocation:

{
  select: {
    id: true,
    first_name: true,
    last_name: true,
    username: true,
    email: true,
    roles: {
      select: {
        role: {
          select: {
            name: true,
            id: true
          }
        }
      }
    }
  },
  skip: 0,
  take: 10,
  orderBy: {
    roleIds: "asc",
    ~~~~~~~
?   id?: SortOrder,
?   first_name?: SortOrder,
?   last_name?: SortOrder,
?   username?: SortOrder,
?   email?: SortOrder,
?   password?: SortOrder,
?   created_at?: SortOrder,
?   roles?: User_RoleOrderByRelationAggregateInput,
?   permissions?: User_permissionOrderByRelationAggregateInput,
?   categories?: CategoryOrderByRelationAggregateInput,
?   devices?: User_deviceOrderByRelationAggregateInput,
?   _relevance?: UserOrderByRelevanceInput
  }
}

Unknown argument `roleIds`. Did you mean `roles`? Available options are marked with ?.
[2026-01-22T11:36:48.898Z] 
Invalid `prisma.user.findMany()` invocation:

{
  select: {
    id: true,
    first_name: true,
    last_name: true,
    username: true,
    email: true,
    roles: {
      select: {
        role: {
          select: {
            name: true,
            id: true
          }
        }
      }
    }
  },
  skip: 0,
  take: 10,
  orderBy: {
    roles: "asc"
           ~~~~~
  }
}

Argument `roles`: Invalid value provided. Expected User_RoleOrderByRelationAggregateInput, provided String.
[2026-01-22T11:36:48.957Z] 
Invalid `prisma.user.findMany()` invocation:

{
  select: {
    id: true,
    first_name: true,
    last_name: true,
    username: true,
    email: true,
    roles: {
      select: {
        role: {
          select: {
            name: true,
            id: true
          }
        }
      }
    }
  },
  skip: 0,
  take: 10,
  orderBy: {
    roleIds: "asc",
    ~~~~~~~
?   id?: SortOrder,
?   first_name?: SortOrder,
?   last_name?: SortOrder,
?   username?: SortOrder,
?   email?: SortOrder,
?   password?: SortOrder,
?   created_at?: SortOrder,
?   roles?: User_RoleOrderByRelationAggregateInput,
?   permissions?: User_permissionOrderByRelationAggregateInput,
?   categories?: CategoryOrderByRelationAggregateInput,
?   devices?: User_deviceOrderByRelationAggregateInput,
?   _relevance?: UserOrderByRelevanceInput
  }
}

Unknown argument `roleIds`. Did you mean `roles`? Available options are marked with ?.
[2026-01-22T11:36:48.972Z] 
Invalid `prisma.user.findMany()` invocation:

{
  select: {
    id: true,
    first_name: true,
    last_name: true,
    username: true,
    email: true,
    roles: {
      select: {
        role: {
          select: {
            name: true,
            id: true
          }
        }
      }
    }
  },
  skip: 0,
  take: 10,
  orderBy: {
    roles: "asc"
           ~~~~~
  }
}

Argument `roles`: Invalid value provided. Expected User_RoleOrderByRelationAggregateInput, provided String.
[2026-01-22T11:36:49.000Z] 
Invalid `prisma.user.findMany()` invocation:

{
  select: {
    id: true,
    first_name: true,
    last_name: true,
    username: true,
    email: true,
    roles: {
      select: {
        role: {
          select: {
            name: true,
            id: true
          }
        }
      }
    }
  },
  skip: 0,
  take: 10,
  orderBy: {
    roleIds: "asc",
    ~~~~~~~
?   id?: SortOrder,
?   first_name?: SortOrder,
?   last_name?: SortOrder,
?   username?: SortOrder,
?   email?: SortOrder,
?   password?: SortOrder,
?   created_at?: SortOrder,
?   roles?: User_RoleOrderByRelationAggregateInput,
?   permissions?: User_permissionOrderByRelationAggregateInput,
?   categories?: CategoryOrderByRelationAggregateInput,
?   devices?: User_deviceOrderByRelationAggregateInput,
?   _relevance?: UserOrderByRelevanceInput
  }
}

Unknown argument `roleIds`. Did you mean `roles`? Available options are marked with ?.
[2026-01-22T11:36:49.017Z] 
Invalid `prisma.user.findMany()` invocation:

{
  select: {
    id: true,
    first_name: true,
    last_name: true,
    username: true,
    email: true,
    roles: {
      select: {
        role: {
          select: {
            name: true,
            id: true
          }
        }
      }
    }
  },
  skip: 0,
  take: 10,
  orderBy: {
    roles: "asc"
           ~~~~~
  }
}

Argument `roles`: Invalid value provided. Expected User_RoleOrderByRelationAggregateInput, provided String.
[2026-01-22T11:36:49.077Z] 
Invalid `prisma.user.findMany()` invocation:

{
  select: {
    id: true,
    first_name: true,
    last_name: true,
    username: true,
    email: true,
    roles: {
      select: {
        role: {
          select: {
            name: true,
            id: true
          }
        }
      }
    }
  },
  skip: 0,
  take: 10,
  orderBy: {
    roleIds: "asc",
    ~~~~~~~
?   id?: SortOrder,
?   first_name?: SortOrder,
?   last_name?: SortOrder,
?   username?: SortOrder,
?   email?: SortOrder,
?   password?: SortOrder,
?   created_at?: SortOrder,
?   roles?: User_RoleOrderByRelationAggregateInput,
?   permissions?: User_permissionOrderByRelationAggregateInput,
?   categories?: CategoryOrderByRelationAggregateInput,
?   devices?: User_deviceOrderByRelationAggregateInput,
?   _relevance?: UserOrderByRelevanceInput
  }
}

Unknown argument `roleIds`. Did you mean `roles`? Available options are marked with ?.
[2026-01-22T11:36:49.101Z] 
Invalid `prisma.user.findMany()` invocation:

{
  select: {
    id: true,
    first_name: true,
    last_name: true,
    username: true,
    email: true,
    roles: {
      select: {
        role: {
          select: {
            name: true,
            id: true
          }
        }
      }
    }
  },
  skip: 0,
  take: 10,
  orderBy: {
    roles: "asc"
           ~~~~~
  }
}

Argument `roles`: Invalid value provided. Expected User_RoleOrderByRelationAggregateInput, provided String.
[2026-01-22T11:36:49.121Z] 
Invalid `prisma.user.findMany()` invocation:

{
  select: {
    id: true,
    first_name: true,
    last_name: true,
    username: true,
    email: true,
    roles: {
      select: {
        role: {
          select: {
            name: true,
            id: true
          }
        }
      }
    }
  },
  skip: 0,
  take: 10,
  orderBy: {
    roleIds: "asc",
    ~~~~~~~
?   id?: SortOrder,
?   first_name?: SortOrder,
?   last_name?: SortOrder,
?   username?: SortOrder,
?   email?: SortOrder,
?   password?: SortOrder,
?   created_at?: SortOrder,
?   roles?: User_RoleOrderByRelationAggregateInput,
?   permissions?: User_permissionOrderByRelationAggregateInput,
?   categories?: CategoryOrderByRelationAggregateInput,
?   devices?: User_deviceOrderByRelationAggregateInput,
?   _relevance?: UserOrderByRelevanceInput
  }
}

Unknown argument `roleIds`. Did you mean `roles`? Available options are marked with ?.
[2026-01-22T11:36:49.164Z] 
Invalid `prisma.user.findMany()` invocation:

{
  select: {
    id: true,
    first_name: true,
    last_name: true,
    username: true,
    email: true,
    roles: {
      select: {
        role: {
          select: {
            name: true,
            id: true
          }
        }
      }
    }
  },
  skip: 0,
  take: 10,
  orderBy: {
    roles: "asc"
           ~~~~~
  }
}

Argument `roles`: Invalid value provided. Expected User_RoleOrderByRelationAggregateInput, provided String.
[2026-01-22T11:36:49.205Z] 
Invalid `prisma.user.findMany()` invocation:

{
  select: {
    id: true,
    first_name: true,
    last_name: true,
    username: true,
    email: true,
    roles: {
      select: {
        role: {
          select: {
            name: true,
            id: true
          }
        }
      }
    }
  },
  skip: 0,
  take: 10,
  orderBy: {
    roleIds: "asc",
    ~~~~~~~
?   id?: SortOrder,
?   first_name?: SortOrder,
?   last_name?: SortOrder,
?   username?: SortOrder,
?   email?: SortOrder,
?   password?: SortOrder,
?   created_at?: SortOrder,
?   roles?: User_RoleOrderByRelationAggregateInput,
?   permissions?: User_permissionOrderByRelationAggregateInput,
?   categories?: CategoryOrderByRelationAggregateInput,
?   devices?: User_deviceOrderByRelationAggregateInput,
?   _relevance?: UserOrderByRelevanceInput
  }
}

Unknown argument `roleIds`. Did you mean `roles`? Available options are marked with ?.
[2026-01-22T11:36:49.225Z] 
Invalid `prisma.user.findMany()` invocation:

{
  select: {
    id: true,
    first_name: true,
    last_name: true,
    username: true,
    email: true,
    roles: {
      select: {
        role: {
          select: {
            name: true,
            id: true
          }
        }
      }
    }
  },
  skip: 0,
  take: 10,
  orderBy: {
    roles: "asc"
           ~~~~~
  }
}

Argument `roles`: Invalid value provided. Expected User_RoleOrderByRelationAggregateInput, provided String.
[2026-01-22T11:36:49.261Z] 
Invalid `prisma.user.findMany()` invocation:

{
  select: {
    id: true,
    first_name: true,
    last_name: true,
    username: true,
    email: true,
    roles: {
      select: {
        role: {
          select: {
            name: true,
            id: true
          }
        }
      }
    }
  },
  skip: 0,
  take: 10,
  orderBy: {
    roleIds: "asc",
    ~~~~~~~
?   id?: SortOrder,
?   first_name?: SortOrder,
?   last_name?: SortOrder,
?   username?: SortOrder,
?   email?: SortOrder,
?   password?: SortOrder,
?   created_at?: SortOrder,
?   roles?: User_RoleOrderByRelationAggregateInput,
?   permissions?: User_permissionOrderByRelationAggregateInput,
?   categories?: CategoryOrderByRelationAggregateInput,
?   devices?: User_deviceOrderByRelationAggregateInput,
?   _relevance?: UserOrderByRelevanceInput
  }
}

Unknown argument `roleIds`. Did you mean `roles`? Available options are marked with ?.
[2026-01-22T11:36:49.279Z] 
Invalid `prisma.user.findMany()` invocation:

{
  select: {
    id: true,
    first_name: true,
    last_name: true,
    username: true,
    email: true,
    roles: {
      select: {
        role: {
          select: {
            name: true,
            id: true
          }
        }
      }
    }
  },
  skip: 0,
  take: 10,
  orderBy: {
    roles: "asc"
           ~~~~~
  }
}

Argument `roles`: Invalid value provided. Expected User_RoleOrderByRelationAggregateInput, provided String.
[2026-01-22T11:36:49.311Z] 
Invalid `prisma.user.findMany()` invocation:

{
  select: {
    id: true,
    first_name: true,
    last_name: true,
    username: true,
    email: true,
    roles: {
      select: {
        role: {
          select: {
            name: true,
            id: true
          }
        }
      }
    }
  },
  skip: 0,
  take: 10,
  orderBy: {
    roleIds: "asc",
    ~~~~~~~
?   id?: SortOrder,
?   first_name?: SortOrder,
?   last_name?: SortOrder,
?   username?: SortOrder,
?   email?: SortOrder,
?   password?: SortOrder,
?   created_at?: SortOrder,
?   roles?: User_RoleOrderByRelationAggregateInput,
?   permissions?: User_permissionOrderByRelationAggregateInput,
?   categories?: CategoryOrderByRelationAggregateInput,
?   devices?: User_deviceOrderByRelationAggregateInput,
?   _relevance?: UserOrderByRelevanceInput
  }
}

Unknown argument `roleIds`. Did you mean `roles`? Available options are marked with ?.
[2026-01-22T11:36:49.333Z] 
Invalid `prisma.user.findMany()` invocation:

{
  select: {
    id: true,
    first_name: true,
    last_name: true,
    username: true,
    email: true,
    roles: {
      select: {
        role: {
          select: {
            name: true,
            id: true
          }
        }
      }
    }
  },
  skip: 0,
  take: 10,
  orderBy: {
    roles: "asc"
           ~~~~~
  }
}

Argument `roles`: Invalid value provided. Expected User_RoleOrderByRelationAggregateInput, provided String.
[2026-01-22T11:36:49.355Z] 
Invalid `prisma.user.findMany()` invocation:

{
  select: {
    id: true,
    first_name: true,
    last_name: true,
    username: true,
    email: true,
    roles: {
      select: {
        role: {
          select: {
            name: true,
            id: true
          }
        }
      }
    }
  },
  skip: 0,
  take: 10,
  orderBy: {
    roleIds: "asc",
    ~~~~~~~
?   id?: SortOrder,
?   first_name?: SortOrder,
?   last_name?: SortOrder,
?   username?: SortOrder,
?   email?: SortOrder,
?   password?: SortOrder,
?   created_at?: SortOrder,
?   roles?: User_RoleOrderByRelationAggregateInput,
?   permissions?: User_permissionOrderByRelationAggregateInput,
?   categories?: CategoryOrderByRelationAggregateInput,
?   devices?: User_deviceOrderByRelationAggregateInput,
?   _relevance?: UserOrderByRelevanceInput
  }
}

Unknown argument `roleIds`. Did you mean `roles`? Available options are marked with ?.
[2026-01-22T11:36:49.382Z] 
Invalid `prisma.user.findMany()` invocation:

{
  select: {
    id: true,
    first_name: true,
    last_name: true,
    username: true,
    email: true,
    roles: {
      select: {
        role: {
          select: {
            name: true,
            id: true
          }
        }
      }
    }
  },
  skip: 0,
  take: 10,
  orderBy: {
    roles: "asc"
           ~~~~~
  }
}

Argument `roles`: Invalid value provided. Expected User_RoleOrderByRelationAggregateInput, provided String.
[2026-01-22T11:36:49.418Z] 
Invalid `prisma.user.findMany()` invocation:

{
  select: {
    id: true,
    first_name: true,
    last_name: true,
    username: true,
    email: true,
    roles: {
      select: {
        role: {
          select: {
            name: true,
            id: true
          }
        }
      }
    }
  },
  skip: 0,
  take: 10,
  orderBy: {
    roleIds: "asc",
    ~~~~~~~
?   id?: SortOrder,
?   first_name?: SortOrder,
?   last_name?: SortOrder,
?   username?: SortOrder,
?   email?: SortOrder,
?   password?: SortOrder,
?   created_at?: SortOrder,
?   roles?: User_RoleOrderByRelationAggregateInput,
?   permissions?: User_permissionOrderByRelationAggregateInput,
?   categories?: CategoryOrderByRelationAggregateInput,
?   devices?: User_deviceOrderByRelationAggregateInput,
?   _relevance?: UserOrderByRelevanceInput
  }
}

Unknown argument `roleIds`. Did you mean `roles`? Available options are marked with ?.
[2026-01-22T11:36:49.433Z] 
Invalid `prisma.user.findMany()` invocation:

{
  select: {
    id: true,
    first_name: true,
    last_name: true,
    username: true,
    email: true,
    roles: {
      select: {
        role: {
          select: {
            name: true,
            id: true
          }
        }
      }
    }
  },
  skip: 0,
  take: 10,
  orderBy: {
    roles: "asc"
           ~~~~~
  }
}

Argument `roles`: Invalid value provided. Expected User_RoleOrderByRelationAggregateInput, provided String.
[2026-01-22T11:36:49.456Z] 
Invalid `prisma.user.findMany()` invocation:

{
  select: {
    id: true,
    first_name: true,
    last_name: true,
    username: true,
    email: true,
    roles: {
      select: {
        role: {
          select: {
            name: true,
            id: true
          }
        }
      }
    }
  },
  skip: 0,
  take: 10,
  orderBy: {
    roleIds: "asc",
    ~~~~~~~
?   id?: SortOrder,
?   first_name?: SortOrder,
?   last_name?: SortOrder,
?   username?: SortOrder,
?   email?: SortOrder,
?   password?: SortOrder,
?   created_at?: SortOrder,
?   roles?: User_RoleOrderByRelationAggregateInput,
?   permissions?: User_permissionOrderByRelationAggregateInput,
?   categories?: CategoryOrderByRelationAggregateInput,
?   devices?: User_deviceOrderByRelationAggregateInput,
?   _relevance?: UserOrderByRelevanceInput
  }
}

Unknown argument `roleIds`. Did you mean `roles`? Available options are marked with ?.
[2026-01-22T11:36:49.482Z] 
Invalid `prisma.user.findMany()` invocation:

{
  select: {
    id: true,
    first_name: true,
    last_name: true,
    username: true,
    email: true,
    roles: {
      select: {
        role: {
          select: {
            name: true,
            id: true
          }
        }
      }
    }
  },
  skip: 0,
  take: 10,
  orderBy: {
    roles: "asc"
           ~~~~~
  }
}

Argument `roles`: Invalid value provided. Expected User_RoleOrderByRelationAggregateInput, provided String.
[2026-01-22T11:36:49.533Z] 
Invalid `prisma.user.findMany()` invocation:

{
  select: {
    id: true,
    first_name: true,
    last_name: true,
    username: true,
    email: true,
    roles: {
      select: {
        role: {
          select: {
            name: true,
            id: true
          }
        }
      }
    }
  },
  skip: 0,
  take: 10,
  orderBy: {
    roleIds: "asc",
    ~~~~~~~
?   id?: SortOrder,
?   first_name?: SortOrder,
?   last_name?: SortOrder,
?   username?: SortOrder,
?   email?: SortOrder,
?   password?: SortOrder,
?   created_at?: SortOrder,
?   roles?: User_RoleOrderByRelationAggregateInput,
?   permissions?: User_permissionOrderByRelationAggregateInput,
?   categories?: CategoryOrderByRelationAggregateInput,
?   devices?: User_deviceOrderByRelationAggregateInput,
?   _relevance?: UserOrderByRelevanceInput
  }
}

Unknown argument `roleIds`. Did you mean `roles`? Available options are marked with ?.
[2026-01-22T11:36:49.551Z] 
Invalid `prisma.user.findMany()` invocation:

{
  select: {
    id: true,
    first_name: true,
    last_name: true,
    username: true,
    email: true,
    roles: {
      select: {
        role: {
          select: {
            name: true,
            id: true
          }
        }
      }
    }
  },
  skip: 0,
  take: 10,
  orderBy: {
    roles: "asc"
           ~~~~~
  }
}

Argument `roles`: Invalid value provided. Expected User_RoleOrderByRelationAggregateInput, provided String.
[2026-01-22T11:36:49.588Z] 
Invalid `prisma.user.findMany()` invocation:

{
  select: {
    id: true,
    first_name: true,
    last_name: true,
    username: true,
    email: true,
    roles: {
      select: {
        role: {
          select: {
            name: true,
            id: true
          }
        }
      }
    }
  },
  skip: 0,
  take: 10,
  orderBy: {
    roleIds: "asc",
    ~~~~~~~
?   id?: SortOrder,
?   first_name?: SortOrder,
?   last_name?: SortOrder,
?   username?: SortOrder,
?   email?: SortOrder,
?   password?: SortOrder,
?   created_at?: SortOrder,
?   roles?: User_RoleOrderByRelationAggregateInput,
?   permissions?: User_permissionOrderByRelationAggregateInput,
?   categories?: CategoryOrderByRelationAggregateInput,
?   devices?: User_deviceOrderByRelationAggregateInput,
?   _relevance?: UserOrderByRelevanceInput
  }
}

Unknown argument `roleIds`. Did you mean `roles`? Available options are marked with ?.
[2026-01-22T11:36:49.591Z] 
Invalid `prisma.user.findMany()` invocation:

{
  select: {
    id: true,
    first_name: true,
    last_name: true,
    username: true,
    email: true,
    roles: {
      select: {
        role: {
          select: {
            name: true,
            id: true
          }
        }
      }
    }
  },
  skip: 0,
  take: 10,
  orderBy: {
    roles: "asc"
           ~~~~~
  }
}

Argument `roles`: Invalid value provided. Expected User_RoleOrderByRelationAggregateInput, provided String.
[2026-01-22T11:36:49.643Z] 
Invalid `prisma.user.findMany()` invocation:

{
  select: {
    id: true,
    first_name: true,
    last_name: true,
    username: true,
    email: true,
    roles: {
      select: {
        role: {
          select: {
            name: true,
            id: true
          }
        }
      }
    }
  },
  skip: 0,
  take: 10,
  orderBy: {
    roleIds: "asc",
    ~~~~~~~
?   id?: SortOrder,
?   first_name?: SortOrder,
?   last_name?: SortOrder,
?   username?: SortOrder,
?   email?: SortOrder,
?   password?: SortOrder,
?   created_at?: SortOrder,
?   roles?: User_RoleOrderByRelationAggregateInput,
?   permissions?: User_permissionOrderByRelationAggregateInput,
?   categories?: CategoryOrderByRelationAggregateInput,
?   devices?: User_deviceOrderByRelationAggregateInput,
?   _relevance?: UserOrderByRelevanceInput
  }
}

Unknown argument `roleIds`. Did you mean `roles`? Available options are marked with ?.
[2026-01-22T11:36:49.661Z] 
Invalid `prisma.user.findMany()` invocation:

{
  select: {
    id: true,
    first_name: true,
    last_name: true,
    username: true,
    email: true,
    roles: {
      select: {
        role: {
          select: {
            name: true,
            id: true
          }
        }
      }
    }
  },
  skip: 0,
  take: 10,
  orderBy: {
    roles: "asc"
           ~~~~~
  }
}

Argument `roles`: Invalid value provided. Expected User_RoleOrderByRelationAggregateInput, provided String.
[2026-01-22T11:36:49.682Z] 
Invalid `prisma.user.findMany()` invocation:

{
  select: {
    id: true,
    first_name: true,
    last_name: true,
    username: true,
    email: true,
    roles: {
      select: {
        role: {
          select: {
            name: true,
            id: true
          }
        }
      }
    }
  },
  skip: 0,
  take: 10,
  orderBy: {
    roleIds: "asc",
    ~~~~~~~
?   id?: SortOrder,
?   first_name?: SortOrder,
?   last_name?: SortOrder,
?   username?: SortOrder,
?   email?: SortOrder,
?   password?: SortOrder,
?   created_at?: SortOrder,
?   roles?: User_RoleOrderByRelationAggregateInput,
?   permissions?: User_permissionOrderByRelationAggregateInput,
?   categories?: CategoryOrderByRelationAggregateInput,
?   devices?: User_deviceOrderByRelationAggregateInput,
?   _relevance?: UserOrderByRelevanceInput
  }
}

Unknown argument `roleIds`. Did you mean `roles`? Available options are marked with ?.
[2026-01-22T11:36:49.705Z] 
Invalid `prisma.user.findMany()` invocation:

{
  select: {
    id: true,
    first_name: true,
    last_name: true,
    username: true,
    email: true,
    roles: {
      select: {
        role: {
          select: {
            name: true,
            id: true
          }
        }
      }
    }
  },
  skip: 0,
  take: 10,
  orderBy: {
    roles: "asc"
           ~~~~~
  }
}

Argument `roles`: Invalid value provided. Expected User_RoleOrderByRelationAggregateInput, provided String.
[2026-01-22T11:36:49.745Z] 
Invalid `prisma.user.findMany()` invocation:

{
  select: {
    id: true,
    first_name: true,
    last_name: true,
    username: true,
    email: true,
    roles: {
      select: {
        role: {
          select: {
            name: true,
            id: true
          }
        }
      }
    }
  },
  skip: 0,
  take: 10,
  orderBy: {
    roleIds: "asc",
    ~~~~~~~
?   id?: SortOrder,
?   first_name?: SortOrder,
?   last_name?: SortOrder,
?   username?: SortOrder,
?   email?: SortOrder,
?   password?: SortOrder,
?   created_at?: SortOrder,
?   roles?: User_RoleOrderByRelationAggregateInput,
?   permissions?: User_permissionOrderByRelationAggregateInput,
?   categories?: CategoryOrderByRelationAggregateInput,
?   devices?: User_deviceOrderByRelationAggregateInput,
?   _relevance?: UserOrderByRelevanceInput
  }
}

Unknown argument `roleIds`. Did you mean `roles`? Available options are marked with ?.
[2026-01-22T11:36:49.762Z] 
Invalid `prisma.user.findMany()` invocation:

{
  select: {
    id: true,
    first_name: true,
    last_name: true,
    username: true,
    email: true,
    roles: {
      select: {
        role: {
          select: {
            name: true,
            id: true
          }
        }
      }
    }
  },
  skip: 0,
  take: 10,
  orderBy: {
    roles: "asc"
           ~~~~~
  }
}

Argument `roles`: Invalid value provided. Expected User_RoleOrderByRelationAggregateInput, provided String.
[2026-01-22T11:36:49.791Z] 
Invalid `prisma.user.findMany()` invocation:

{
  select: {
    id: true,
    first_name: true,
    last_name: true,
    username: true,
    email: true,
    roles: {
      select: {
        role: {
          select: {
            name: true,
            id: true
          }
        }
      }
    }
  },
  skip: 0,
  take: 10,
  orderBy: {
    roleIds: "asc",
    ~~~~~~~
?   id?: SortOrder,
?   first_name?: SortOrder,
?   last_name?: SortOrder,
?   username?: SortOrder,
?   email?: SortOrder,
?   password?: SortOrder,
?   created_at?: SortOrder,
?   roles?: User_RoleOrderByRelationAggregateInput,
?   permissions?: User_permissionOrderByRelationAggregateInput,
?   categories?: CategoryOrderByRelationAggregateInput,
?   devices?: User_deviceOrderByRelationAggregateInput,
?   _relevance?: UserOrderByRelevanceInput
  }
}

Unknown argument `roleIds`. Did you mean `roles`? Available options are marked with ?.
[2026-01-22T11:36:49.818Z] 
Invalid `prisma.user.findMany()` invocation:

{
  select: {
    id: true,
    first_name: true,
    last_name: true,
    username: true,
    email: true,
    roles: {
      select: {
        role: {
          select: {
            name: true,
            id: true
          }
        }
      }
    }
  },
  skip: 0,
  take: 10,
  orderBy: {
    roles: "asc"
           ~~~~~
  }
}

Argument `roles`: Invalid value provided. Expected User_RoleOrderByRelationAggregateInput, provided String.
[2026-01-22T11:36:49.850Z] 
Invalid `prisma.user.findMany()` invocation:

{
  select: {
    id: true,
    first_name: true,
    last_name: true,
    username: true,
    email: true,
    roles: {
      select: {
        role: {
          select: {
            name: true,
            id: true
          }
        }
      }
    }
  },
  skip: 0,
  take: 10,
  orderBy: {
    roleIds: "asc",
    ~~~~~~~
?   id?: SortOrder,
?   first_name?: SortOrder,
?   last_name?: SortOrder,
?   username?: SortOrder,
?   email?: SortOrder,
?   password?: SortOrder,
?   created_at?: SortOrder,
?   roles?: User_RoleOrderByRelationAggregateInput,
?   permissions?: User_permissionOrderByRelationAggregateInput,
?   categories?: CategoryOrderByRelationAggregateInput,
?   devices?: User_deviceOrderByRelationAggregateInput,
?   _relevance?: UserOrderByRelevanceInput
  }
}

Unknown argument `roleIds`. Did you mean `roles`? Available options are marked with ?.
[2026-01-22T11:36:49.864Z] 
Invalid `prisma.user.findMany()` invocation:

{
  select: {
    id: true,
    first_name: true,
    last_name: true,
    username: true,
    email: true,
    roles: {
      select: {
        role: {
          select: {
            name: true,
            id: true
          }
        }
      }
    }
  },
  skip: 0,
  take: 10,
  orderBy: {
    roles: "asc"
           ~~~~~
  }
}

Argument `roles`: Invalid value provided. Expected User_RoleOrderByRelationAggregateInput, provided String.
[2026-01-22T11:36:49.919Z] 
Invalid `prisma.user.findMany()` invocation:

{
  select: {
    id: true,
    first_name: true,
    last_name: true,
    username: true,
    email: true,
    roles: {
      select: {
        role: {
          select: {
            name: true,
            id: true
          }
        }
      }
    }
  },
  skip: 0,
  take: 10,
  orderBy: {
    roleIds: "asc",
    ~~~~~~~
?   id?: SortOrder,
?   first_name?: SortOrder,
?   last_name?: SortOrder,
?   username?: SortOrder,
?   email?: SortOrder,
?   password?: SortOrder,
?   created_at?: SortOrder,
?   roles?: User_RoleOrderByRelationAggregateInput,
?   permissions?: User_permissionOrderByRelationAggregateInput,
?   categories?: CategoryOrderByRelationAggregateInput,
?   devices?: User_deviceOrderByRelationAggregateInput,
?   _relevance?: UserOrderByRelevanceInput
  }
}

Unknown argument `roleIds`. Did you mean `roles`? Available options are marked with ?.
[2026-01-22T11:36:49.940Z] 
Invalid `prisma.user.findMany()` invocation:

{
  select: {
    id: true,
    first_name: true,
    last_name: true,
    username: true,
    email: true,
    roles: {
      select: {
        role: {
          select: {
            name: true,
            id: true
          }
        }
      }
    }
  },
  skip: 0,
  take: 10,
  orderBy: {
    roles: "asc"
           ~~~~~
  }
}

Argument `roles`: Invalid value provided. Expected User_RoleOrderByRelationAggregateInput, provided String.
[2026-01-22T11:36:50.002Z] 
Invalid `prisma.user.findMany()` invocation:

{
  select: {
    id: true,
    first_name: true,
    last_name: true,
    username: true,
    email: true,
    roles: {
      select: {
        role: {
          select: {
            name: true,
            id: true
          }
        }
      }
    }
  },
  skip: 0,
  take: 10,
  orderBy: {
    roleIds: "asc",
    ~~~~~~~
?   id?: SortOrder,
?   first_name?: SortOrder,
?   last_name?: SortOrder,
?   username?: SortOrder,
?   email?: SortOrder,
?   password?: SortOrder,
?   created_at?: SortOrder,
?   roles?: User_RoleOrderByRelationAggregateInput,
?   permissions?: User_permissionOrderByRelationAggregateInput,
?   categories?: CategoryOrderByRelationAggregateInput,
?   devices?: User_deviceOrderByRelationAggregateInput,
?   _relevance?: UserOrderByRelevanceInput
  }
}

Unknown argument `roleIds`. Did you mean `roles`? Available options are marked with ?.
[2026-01-22T11:36:50.027Z] 
Invalid `prisma.user.findMany()` invocation:

{
  select: {
    id: true,
    first_name: true,
    last_name: true,
    username: true,
    email: true,
    roles: {
      select: {
        role: {
          select: {
            name: true,
            id: true
          }
        }
      }
    }
  },
  skip: 0,
  take: 10,
  orderBy: {
    roles: "asc"
           ~~~~~
  }
}

Argument `roles`: Invalid value provided. Expected User_RoleOrderByRelationAggregateInput, provided String.
[2026-01-22T11:36:50.037Z] 
Invalid `prisma.user.findMany()` invocation:

{
  select: {
    id: true,
    first_name: true,
    last_name: true,
    username: true,
    email: true,
    roles: {
      select: {
        role: {
          select: {
            name: true,
            id: true
          }
        }
      }
    }
  },
  skip: 0,
  take: 10,
  orderBy: {
    roleIds: "asc",
    ~~~~~~~
?   id?: SortOrder,
?   first_name?: SortOrder,
?   last_name?: SortOrder,
?   username?: SortOrder,
?   email?: SortOrder,
?   password?: SortOrder,
?   created_at?: SortOrder,
?   roles?: User_RoleOrderByRelationAggregateInput,
?   permissions?: User_permissionOrderByRelationAggregateInput,
?   categories?: CategoryOrderByRelationAggregateInput,
?   devices?: User_deviceOrderByRelationAggregateInput,
?   _relevance?: UserOrderByRelevanceInput
  }
}

Unknown argument `roleIds`. Did you mean `roles`? Available options are marked with ?.
[2026-01-22T11:36:50.067Z] 
Invalid `prisma.user.findMany()` invocation:

{
  select: {
    id: true,
    first_name: true,
    last_name: true,
    username: true,
    email: true,
    roles: {
      select: {
        role: {
          select: {
            name: true,
            id: true
          }
        }
      }
    }
  },
  skip: 0,
  take: 10,
  orderBy: {
    roles: "asc"
           ~~~~~
  }
}

Argument `roles`: Invalid value provided. Expected User_RoleOrderByRelationAggregateInput, provided String.
[2026-01-22T11:36:50.126Z] 
Invalid `prisma.user.findMany()` invocation:

{
  select: {
    id: true,
    first_name: true,
    last_name: true,
    username: true,
    email: true,
    roles: {
      select: {
        role: {
          select: {
            name: true,
            id: true
          }
        }
      }
    }
  },
  skip: 0,
  take: 10,
  orderBy: {
    roleIds: "asc",
    ~~~~~~~
?   id?: SortOrder,
?   first_name?: SortOrder,
?   last_name?: SortOrder,
?   username?: SortOrder,
?   email?: SortOrder,
?   password?: SortOrder,
?   created_at?: SortOrder,
?   roles?: User_RoleOrderByRelationAggregateInput,
?   permissions?: User_permissionOrderByRelationAggregateInput,
?   categories?: CategoryOrderByRelationAggregateInput,
?   devices?: User_deviceOrderByRelationAggregateInput,
?   _relevance?: UserOrderByRelevanceInput
  }
}

Unknown argument `roleIds`. Did you mean `roles`? Available options are marked with ?.
[2026-01-22T11:36:50.137Z] 
Invalid `prisma.user.findMany()` invocation:

{
  select: {
    id: true,
    first_name: true,
    last_name: true,
    username: true,
    email: true,
    roles: {
      select: {
        role: {
          select: {
            name: true,
            id: true
          }
        }
      }
    }
  },
  skip: 0,
  take: 10,
  orderBy: {
    roles: "asc"
           ~~~~~
  }
}

Argument `roles`: Invalid value provided. Expected User_RoleOrderByRelationAggregateInput, provided String.
[2026-01-22T11:36:50.163Z] 
Invalid `prisma.user.findMany()` invocation:

{
  select: {
    id: true,
    first_name: true,
    last_name: true,
    username: true,
    email: true,
    roles: {
      select: {
        role: {
          select: {
            name: true,
            id: true
          }
        }
      }
    }
  },
  skip: 0,
  take: 10,
  orderBy: {
    roleIds: "asc",
    ~~~~~~~
?   id?: SortOrder,
?   first_name?: SortOrder,
?   last_name?: SortOrder,
?   username?: SortOrder,
?   email?: SortOrder,
?   password?: SortOrder,
?   created_at?: SortOrder,
?   roles?: User_RoleOrderByRelationAggregateInput,
?   permissions?: User_permissionOrderByRelationAggregateInput,
?   categories?: CategoryOrderByRelationAggregateInput,
?   devices?: User_deviceOrderByRelationAggregateInput,
?   _relevance?: UserOrderByRelevanceInput
  }
}

Unknown argument `roleIds`. Did you mean `roles`? Available options are marked with ?.
[2026-01-22T11:36:50.181Z] 
Invalid `prisma.user.findMany()` invocation:

{
  select: {
    id: true,
    first_name: true,
    last_name: true,
    username: true,
    email: true,
    roles: {
      select: {
        role: {
          select: {
            name: true,
            id: true
          }
        }
      }
    }
  },
  skip: 0,
  take: 10,
  orderBy: {
    roles: "asc"
           ~~~~~
  }
}

Argument `roles`: Invalid value provided. Expected User_RoleOrderByRelationAggregateInput, provided String.
[2026-01-22T11:36:50.252Z] 
Invalid `prisma.user.findMany()` invocation:

{
  select: {
    id: true,
    first_name: true,
    last_name: true,
    username: true,
    email: true,
    roles: {
      select: {
        role: {
          select: {
            name: true,
            id: true
          }
        }
      }
    }
  },
  skip: 0,
  take: 10,
  orderBy: {
    roleIds: "asc",
    ~~~~~~~
?   id?: SortOrder,
?   first_name?: SortOrder,
?   last_name?: SortOrder,
?   username?: SortOrder,
?   email?: SortOrder,
?   password?: SortOrder,
?   created_at?: SortOrder,
?   roles?: User_RoleOrderByRelationAggregateInput,
?   permissions?: User_permissionOrderByRelationAggregateInput,
?   categories?: CategoryOrderByRelationAggregateInput,
?   devices?: User_deviceOrderByRelationAggregateInput,
?   _relevance?: UserOrderByRelevanceInput
  }
}

Unknown argument `roleIds`. Did you mean `roles`? Available options are marked with ?.
[2026-01-22T11:36:50.307Z] 
Invalid `prisma.user.findMany()` invocation:

{
  select: {
    id: true,
    first_name: true,
    last_name: true,
    username: true,
    email: true,
    roles: {
      select: {
        role: {
          select: {
            name: true,
            id: true
          }
        }
      }
    }
  },
  skip: 0,
  take: 10,
  orderBy: {
    roles: "asc"
           ~~~~~
  }
}

Argument `roles`: Invalid value provided. Expected User_RoleOrderByRelationAggregateInput, provided String.
[2026-01-22T11:36:50.310Z] 
Invalid `prisma.user.findMany()` invocation:

{
  select: {
    id: true,
    first_name: true,
    last_name: true,
    username: true,
    email: true,
    roles: {
      select: {
        role: {
          select: {
            name: true,
            id: true
          }
        }
      }
    }
  },
  skip: 0,
  take: 10,
  orderBy: {
    roleIds: "asc",
    ~~~~~~~
?   id?: SortOrder,
?   first_name?: SortOrder,
?   last_name?: SortOrder,
?   username?: SortOrder,
?   email?: SortOrder,
?   password?: SortOrder,
?   created_at?: SortOrder,
?   roles?: User_RoleOrderByRelationAggregateInput,
?   permissions?: User_permissionOrderByRelationAggregateInput,
?   categories?: CategoryOrderByRelationAggregateInput,
?   devices?: User_deviceOrderByRelationAggregateInput,
?   _relevance?: UserOrderByRelevanceInput
  }
}

Unknown argument `roleIds`. Did you mean `roles`? Available options are marked with ?.
[2026-01-22T11:36:50.340Z] 
Invalid `prisma.user.findMany()` invocation:

{
  select: {
    id: true,
    first_name: true,
    last_name: true,
    username: true,
    email: true,
    roles: {
      select: {
        role: {
          select: {
            name: true,
            id: true
          }
        }
      }
    }
  },
  skip: 0,
  take: 10,
  orderBy: {
    roles: "asc"
           ~~~~~
  }
}

Argument `roles`: Invalid value provided. Expected User_RoleOrderByRelationAggregateInput, provided String.
[2026-01-22T11:36:50.404Z] 
Invalid `prisma.user.findMany()` invocation:

{
  select: {
    id: true,
    first_name: true,
    last_name: true,
    username: true,
    email: true,
    roles: {
      select: {
        role: {
          select: {
            name: true,
            id: true
          }
        }
      }
    }
  },
  skip: 0,
  take: 10,
  orderBy: {
    roleIds: "asc",
    ~~~~~~~
?   id?: SortOrder,
?   first_name?: SortOrder,
?   last_name?: SortOrder,
?   username?: SortOrder,
?   email?: SortOrder,
?   password?: SortOrder,
?   created_at?: SortOrder,
?   roles?: User_RoleOrderByRelationAggregateInput,
?   permissions?: User_permissionOrderByRelationAggregateInput,
?   categories?: CategoryOrderByRelationAggregateInput,
?   devices?: User_deviceOrderByRelationAggregateInput,
?   _relevance?: UserOrderByRelevanceInput
  }
}

Unknown argument `roleIds`. Did you mean `roles`? Available options are marked with ?.
[2026-01-22T11:36:50.436Z] 
Invalid `prisma.user.findMany()` invocation:

{
  select: {
    id: true,
    first_name: true,
    last_name: true,
    username: true,
    email: true,
    roles: {
      select: {
        role: {
          select: {
            name: true,
            id: true
          }
        }
      }
    }
  },
  skip: 0,
  take: 10,
  orderBy: {
    roles: "asc"
           ~~~~~
  }
}

Argument `roles`: Invalid value provided. Expected User_RoleOrderByRelationAggregateInput, provided String.
[2026-01-22T11:36:50.443Z] 
Invalid `prisma.user.findMany()` invocation:

{
  select: {
    id: true,
    first_name: true,
    last_name: true,
    username: true,
    email: true,
    roles: {
      select: {
        role: {
          select: {
            name: true,
            id: true
          }
        }
      }
    }
  },
  skip: 0,
  take: 10,
  orderBy: {
    roleIds: "asc",
    ~~~~~~~
?   id?: SortOrder,
?   first_name?: SortOrder,
?   last_name?: SortOrder,
?   username?: SortOrder,
?   email?: SortOrder,
?   password?: SortOrder,
?   created_at?: SortOrder,
?   roles?: User_RoleOrderByRelationAggregateInput,
?   permissions?: User_permissionOrderByRelationAggregateInput,
?   categories?: CategoryOrderByRelationAggregateInput,
?   devices?: User_deviceOrderByRelationAggregateInput,
?   _relevance?: UserOrderByRelevanceInput
  }
}

Unknown argument `roleIds`. Did you mean `roles`? Available options are marked with ?.
[2026-01-22T11:36:50.469Z] 
Invalid `prisma.user.findMany()` invocation:

{
  select: {
    id: true,
    first_name: true,
    last_name: true,
    username: true,
    email: true,
    roles: {
      select: {
        role: {
          select: {
            name: true,
            id: true
          }
        }
      }
    }
  },
  skip: 0,
  take: 10,
  orderBy: {
    roles: "asc"
           ~~~~~
  }
}

Argument `roles`: Invalid value provided. Expected User_RoleOrderByRelationAggregateInput, provided String.
[2026-01-22T11:36:50.516Z] 
Invalid `prisma.user.findMany()` invocation:

{
  select: {
    id: true,
    first_name: true,
    last_name: true,
    username: true,
    email: true,
    roles: {
      select: {
        role: {
          select: {
            name: true,
            id: true
          }
        }
      }
    }
  },
  skip: 0,
  take: 10,
  orderBy: {
    roleIds: "asc",
    ~~~~~~~
?   id?: SortOrder,
?   first_name?: SortOrder,
?   last_name?: SortOrder,
?   username?: SortOrder,
?   email?: SortOrder,
?   password?: SortOrder,
?   created_at?: SortOrder,
?   roles?: User_RoleOrderByRelationAggregateInput,
?   permissions?: User_permissionOrderByRelationAggregateInput,
?   categories?: CategoryOrderByRelationAggregateInput,
?   devices?: User_deviceOrderByRelationAggregateInput,
?   _relevance?: UserOrderByRelevanceInput
  }
}

Unknown argument `roleIds`. Did you mean `roles`? Available options are marked with ?.
[2026-01-22T11:36:50.542Z] 
Invalid `prisma.user.findMany()` invocation:

{
  select: {
    id: true,
    first_name: true,
    last_name: true,
    username: true,
    email: true,
    roles: {
      select: {
        role: {
          select: {
            name: true,
            id: true
          }
        }
      }
    }
  },
  skip: 0,
  take: 10,
  orderBy: {
    roles: "asc"
           ~~~~~
  }
}

Argument `roles`: Invalid value provided. Expected User_RoleOrderByRelationAggregateInput, provided String.
[2026-01-22T11:36:50.555Z] 
Invalid `prisma.user.findMany()` invocation:

{
  select: {
    id: true,
    first_name: true,
    last_name: true,
    username: true,
    email: true,
    roles: {
      select: {
        role: {
          select: {
            name: true,
            id: true
          }
        }
      }
    }
  },
  skip: 0,
  take: 10,
  orderBy: {
    roleIds: "asc",
    ~~~~~~~
?   id?: SortOrder,
?   first_name?: SortOrder,
?   last_name?: SortOrder,
?   username?: SortOrder,
?   email?: SortOrder,
?   password?: SortOrder,
?   created_at?: SortOrder,
?   roles?: User_RoleOrderByRelationAggregateInput,
?   permissions?: User_permissionOrderByRelationAggregateInput,
?   categories?: CategoryOrderByRelationAggregateInput,
?   devices?: User_deviceOrderByRelationAggregateInput,
?   _relevance?: UserOrderByRelevanceInput
  }
}

Unknown argument `roleIds`. Did you mean `roles`? Available options are marked with ?.
[2026-01-22T11:36:50.575Z] 
Invalid `prisma.user.findMany()` invocation:

{
  select: {
    id: true,
    first_name: true,
    last_name: true,
    username: true,
    email: true,
    roles: {
      select: {
        role: {
          select: {
            name: true,
            id: true
          }
        }
      }
    }
  },
  skip: 0,
  take: 10,
  orderBy: {
    roles: "asc"
           ~~~~~
  }
}

Argument `roles`: Invalid value provided. Expected User_RoleOrderByRelationAggregateInput, provided String.
[2026-01-22T11:36:50.625Z] 
Invalid `prisma.user.findMany()` invocation:

{
  select: {
    id: true,
    first_name: true,
    last_name: true,
    username: true,
    email: true,
    roles: {
      select: {
        role: {
          select: {
            name: true,
            id: true
          }
        }
      }
    }
  },
  skip: 0,
  take: 10,
  orderBy: {
    roleIds: "asc",
    ~~~~~~~
?   id?: SortOrder,
?   first_name?: SortOrder,
?   last_name?: SortOrder,
?   username?: SortOrder,
?   email?: SortOrder,
?   password?: SortOrder,
?   created_at?: SortOrder,
?   roles?: User_RoleOrderByRelationAggregateInput,
?   permissions?: User_permissionOrderByRelationAggregateInput,
?   categories?: CategoryOrderByRelationAggregateInput,
?   devices?: User_deviceOrderByRelationAggregateInput,
?   _relevance?: UserOrderByRelevanceInput
  }
}

Unknown argument `roleIds`. Did you mean `roles`? Available options are marked with ?.
[2026-01-22T11:36:50.648Z] 
Invalid `prisma.user.findMany()` invocation:

{
  select: {
    id: true,
    first_name: true,
    last_name: true,
    username: true,
    email: true,
    roles: {
      select: {
        role: {
          select: {
            name: true,
            id: true
          }
        }
      }
    }
  },
  skip: 0,
  take: 10,
  orderBy: {
    roles: "asc"
           ~~~~~
  }
}

Argument `roles`: Invalid value provided. Expected User_RoleOrderByRelationAggregateInput, provided String.
[2026-01-22T11:36:50.668Z] 
Invalid `prisma.user.findMany()` invocation:

{
  select: {
    id: true,
    first_name: true,
    last_name: true,
    username: true,
    email: true,
    roles: {
      select: {
        role: {
          select: {
            name: true,
            id: true
          }
        }
      }
    }
  },
  skip: 0,
  take: 10,
  orderBy: {
    roleIds: "asc",
    ~~~~~~~
?   id?: SortOrder,
?   first_name?: SortOrder,
?   last_name?: SortOrder,
?   username?: SortOrder,
?   email?: SortOrder,
?   password?: SortOrder,
?   created_at?: SortOrder,
?   roles?: User_RoleOrderByRelationAggregateInput,
?   permissions?: User_permissionOrderByRelationAggregateInput,
?   categories?: CategoryOrderByRelationAggregateInput,
?   devices?: User_deviceOrderByRelationAggregateInput,
?   _relevance?: UserOrderByRelevanceInput
  }
}

Unknown argument `roleIds`. Did you mean `roles`? Available options are marked with ?.
[2026-01-22T11:36:50.690Z] 
Invalid `prisma.user.findMany()` invocation:

{
  select: {
    id: true,
    first_name: true,
    last_name: true,
    username: true,
    email: true,
    roles: {
      select: {
        role: {
          select: {
            name: true,
            id: true
          }
        }
      }
    }
  },
  skip: 0,
  take: 10,
  orderBy: {
    roles: "asc"
           ~~~~~
  }
}

Argument `roles`: Invalid value provided. Expected User_RoleOrderByRelationAggregateInput, provided String.
[2026-01-22T11:36:50.751Z] 
Invalid `prisma.user.findMany()` invocation:

{
  select: {
    id: true,
    first_name: true,
    last_name: true,
    username: true,
    email: true,
    roles: {
      select: {
        role: {
          select: {
            name: true,
            id: true
          }
        }
      }
    }
  },
  skip: 0,
  take: 10,
  orderBy: {
    roleIds: "asc",
    ~~~~~~~
?   id?: SortOrder,
?   first_name?: SortOrder,
?   last_name?: SortOrder,
?   username?: SortOrder,
?   email?: SortOrder,
?   password?: SortOrder,
?   created_at?: SortOrder,
?   roles?: User_RoleOrderByRelationAggregateInput,
?   permissions?: User_permissionOrderByRelationAggregateInput,
?   categories?: CategoryOrderByRelationAggregateInput,
?   devices?: User_deviceOrderByRelationAggregateInput,
?   _relevance?: UserOrderByRelevanceInput
  }
}

Unknown argument `roleIds`. Did you mean `roles`? Available options are marked with ?.
[2026-01-22T11:36:50.764Z] 
Invalid `prisma.user.findMany()` invocation:

{
  select: {
    id: true,
    first_name: true,
    last_name: true,
    username: true,
    email: true,
    roles: {
      select: {
        role: {
          select: {
            name: true,
            id: true
          }
        }
      }
    }
  },
  skip: 0,
  take: 10,
  orderBy: {
    roles: "asc"
           ~~~~~
  }
}

Argument `roles`: Invalid value provided. Expected User_RoleOrderByRelationAggregateInput, provided String.
[2026-01-22T11:36:50.784Z] 
Invalid `prisma.user.findMany()` invocation:

{
  select: {
    id: true,
    first_name: true,
    last_name: true,
    username: true,
    email: true,
    roles: {
      select: {
        role: {
          select: {
            name: true,
            id: true
          }
        }
      }
    }
  },
  skip: 0,
  take: 10,
  orderBy: {
    roleIds: "asc",
    ~~~~~~~
?   id?: SortOrder,
?   first_name?: SortOrder,
?   last_name?: SortOrder,
?   username?: SortOrder,
?   email?: SortOrder,
?   password?: SortOrder,
?   created_at?: SortOrder,
?   roles?: User_RoleOrderByRelationAggregateInput,
?   permissions?: User_permissionOrderByRelationAggregateInput,
?   categories?: CategoryOrderByRelationAggregateInput,
?   devices?: User_deviceOrderByRelationAggregateInput,
?   _relevance?: UserOrderByRelevanceInput
  }
}

Unknown argument `roleIds`. Did you mean `roles`? Available options are marked with ?.
[2026-01-22T11:36:50.796Z] 
Invalid `prisma.user.findMany()` invocation:

{
  select: {
    id: true,
    first_name: true,
    last_name: true,
    username: true,
    email: true,
    roles: {
      select: {
        role: {
          select: {
            name: true,
            id: true
          }
        }
      }
    }
  },
  skip: 0,
  take: 10,
  orderBy: {
    roles: "asc"
           ~~~~~
  }
}

Argument `roles`: Invalid value provided. Expected User_RoleOrderByRelationAggregateInput, provided String.
[2026-01-22T11:36:50.853Z] 
Invalid `prisma.user.findMany()` invocation:

{
  select: {
    id: true,
    first_name: true,
    last_name: true,
    username: true,
    email: true,
    roles: {
      select: {
        role: {
          select: {
            name: true,
            id: true
          }
        }
      }
    }
  },
  skip: 0,
  take: 10,
  orderBy: {
    roleIds: "asc",
    ~~~~~~~
?   id?: SortOrder,
?   first_name?: SortOrder,
?   last_name?: SortOrder,
?   username?: SortOrder,
?   email?: SortOrder,
?   password?: SortOrder,
?   created_at?: SortOrder,
?   roles?: User_RoleOrderByRelationAggregateInput,
?   permissions?: User_permissionOrderByRelationAggregateInput,
?   categories?: CategoryOrderByRelationAggregateInput,
?   devices?: User_deviceOrderByRelationAggregateInput,
?   _relevance?: UserOrderByRelevanceInput
  }
}

Unknown argument `roleIds`. Did you mean `roles`? Available options are marked with ?.
[2026-01-22T11:36:50.872Z] 
Invalid `prisma.user.findMany()` invocation:

{
  select: {
    id: true,
    first_name: true,
    last_name: true,
    username: true,
    email: true,
    roles: {
      select: {
        role: {
          select: {
            name: true,
            id: true
          }
        }
      }
    }
  },
  skip: 0,
  take: 10,
  orderBy: {
    roles: "asc"
           ~~~~~
  }
}

Argument `roles`: Invalid value provided. Expected User_RoleOrderByRelationAggregateInput, provided String.
[2026-01-22T11:36:50.887Z] 
Invalid `prisma.user.findMany()` invocation:

{
  select: {
    id: true,
    first_name: true,
    last_name: true,
    username: true,
    email: true,
    roles: {
      select: {
        role: {
          select: {
            name: true,
            id: true
          }
        }
      }
    }
  },
  skip: 0,
  take: 10,
  orderBy: {
    roleIds: "asc",
    ~~~~~~~
?   id?: SortOrder,
?   first_name?: SortOrder,
?   last_name?: SortOrder,
?   username?: SortOrder,
?   email?: SortOrder,
?   password?: SortOrder,
?   created_at?: SortOrder,
?   roles?: User_RoleOrderByRelationAggregateInput,
?   permissions?: User_permissionOrderByRelationAggregateInput,
?   categories?: CategoryOrderByRelationAggregateInput,
?   devices?: User_deviceOrderByRelationAggregateInput,
?   _relevance?: UserOrderByRelevanceInput
  }
}

Unknown argument `roleIds`. Did you mean `roles`? Available options are marked with ?.
[2026-01-22T11:36:50.907Z] 
Invalid `prisma.user.findMany()` invocation:

{
  select: {
    id: true,
    first_name: true,
    last_name: true,
    username: true,
    email: true,
    roles: {
      select: {
        role: {
          select: {
            name: true,
            id: true
          }
        }
      }
    }
  },
  skip: 0,
  take: 10,
  orderBy: {
    roles: "asc"
           ~~~~~
  }
}

Argument `roles`: Invalid value provided. Expected User_RoleOrderByRelationAggregateInput, provided String.
[2026-01-22T11:36:50.961Z] 
Invalid `prisma.user.findMany()` invocation:

{
  select: {
    id: true,
    first_name: true,
    last_name: true,
    username: true,
    email: true,
    roles: {
      select: {
        role: {
          select: {
            name: true,
            id: true
          }
        }
      }
    }
  },
  skip: 0,
  take: 10,
  orderBy: {
    roleIds: "asc",
    ~~~~~~~
?   id?: SortOrder,
?   first_name?: SortOrder,
?   last_name?: SortOrder,
?   username?: SortOrder,
?   email?: SortOrder,
?   password?: SortOrder,
?   created_at?: SortOrder,
?   roles?: User_RoleOrderByRelationAggregateInput,
?   permissions?: User_permissionOrderByRelationAggregateInput,
?   categories?: CategoryOrderByRelationAggregateInput,
?   devices?: User_deviceOrderByRelationAggregateInput,
?   _relevance?: UserOrderByRelevanceInput
  }
}

Unknown argument `roleIds`. Did you mean `roles`? Available options are marked with ?.
[2026-01-22T11:36:50.986Z] 
Invalid `prisma.user.findMany()` invocation:

{
  select: {
    id: true,
    first_name: true,
    last_name: true,
    username: true,
    email: true,
    roles: {
      select: {
        role: {
          select: {
            name: true,
            id: true
          }
        }
      }
    }
  },
  skip: 0,
  take: 10,
  orderBy: {
    roles: "asc"
           ~~~~~
  }
}

Argument `roles`: Invalid value provided. Expected User_RoleOrderByRelationAggregateInput, provided String.
[2026-01-22T11:36:50.998Z] 
Invalid `prisma.user.findMany()` invocation:

{
  select: {
    id: true,
    first_name: true,
    last_name: true,
    username: true,
    email: true,
    roles: {
      select: {
        role: {
          select: {
            name: true,
            id: true
          }
        }
      }
    }
  },
  skip: 0,
  take: 10,
  orderBy: {
    roleIds: "asc",
    ~~~~~~~
?   id?: SortOrder,
?   first_name?: SortOrder,
?   last_name?: SortOrder,
?   username?: SortOrder,
?   email?: SortOrder,
?   password?: SortOrder,
?   created_at?: SortOrder,
?   roles?: User_RoleOrderByRelationAggregateInput,
?   permissions?: User_permissionOrderByRelationAggregateInput,
?   categories?: CategoryOrderByRelationAggregateInput,
?   devices?: User_deviceOrderByRelationAggregateInput,
?   _relevance?: UserOrderByRelevanceInput
  }
}

Unknown argument `roleIds`. Did you mean `roles`? Available options are marked with ?.
[2026-01-22T11:36:51.020Z] 
Invalid `prisma.user.findMany()` invocation:

{
  select: {
    id: true,
    first_name: true,
    last_name: true,
    username: true,
    email: true,
    roles: {
      select: {
        role: {
          select: {
            name: true,
            id: true
          }
        }
      }
    }
  },
  skip: 0,
  take: 10,
  orderBy: {
    roles: "asc"
           ~~~~~
  }
}

Argument `roles`: Invalid value provided. Expected User_RoleOrderByRelationAggregateInput, provided String.
[2026-01-22T11:36:51.075Z] 
Invalid `prisma.user.findMany()` invocation:

{
  select: {
    id: true,
    first_name: true,
    last_name: true,
    username: true,
    email: true,
    roles: {
      select: {
        role: {
          select: {
            name: true,
            id: true
          }
        }
      }
    }
  },
  skip: 0,
  take: 10,
  orderBy: {
    roleIds: "asc",
    ~~~~~~~
?   id?: SortOrder,
?   first_name?: SortOrder,
?   last_name?: SortOrder,
?   username?: SortOrder,
?   email?: SortOrder,
?   password?: SortOrder,
?   created_at?: SortOrder,
?   roles?: User_RoleOrderByRelationAggregateInput,
?   permissions?: User_permissionOrderByRelationAggregateInput,
?   categories?: CategoryOrderByRelationAggregateInput,
?   devices?: User_deviceOrderByRelationAggregateInput,
?   _relevance?: UserOrderByRelevanceInput
  }
}

Unknown argument `roleIds`. Did you mean `roles`? Available options are marked with ?.
[2026-01-22T11:36:51.114Z] 
Invalid `prisma.user.findMany()` invocation:

{
  select: {
    id: true,
    first_name: true,
    last_name: true,
    username: true,
    email: true,
    roles: {
      select: {
        role: {
          select: {
            name: true,
            id: true
          }
        }
      }
    }
  },
  skip: 0,
  take: 10,
  orderBy: {
    roles: "asc"
           ~~~~~
  }
}

Argument `roles`: Invalid value provided. Expected User_RoleOrderByRelationAggregateInput, provided String.
[2026-01-22T11:36:51.138Z] 
Invalid `prisma.user.findMany()` invocation:

{
  select: {
    id: true,
    first_name: true,
    last_name: true,
    username: true,
    email: true,
    roles: {
      select: {
        role: {
          select: {
            name: true,
            id: true
          }
        }
      }
    }
  },
  skip: 0,
  take: 10,
  orderBy: {
    roleIds: "asc",
    ~~~~~~~
?   id?: SortOrder,
?   first_name?: SortOrder,
?   last_name?: SortOrder,
?   username?: SortOrder,
?   email?: SortOrder,
?   password?: SortOrder,
?   created_at?: SortOrder,
?   roles?: User_RoleOrderByRelationAggregateInput,
?   permissions?: User_permissionOrderByRelationAggregateInput,
?   categories?: CategoryOrderByRelationAggregateInput,
?   devices?: User_deviceOrderByRelationAggregateInput,
?   _relevance?: UserOrderByRelevanceInput
  }
}

Unknown argument `roleIds`. Did you mean `roles`? Available options are marked with ?.
[2026-01-22T11:36:51.163Z] 
Invalid `prisma.user.findMany()` invocation:

{
  select: {
    id: true,
    first_name: true,
    last_name: true,
    username: true,
    email: true,
    roles: {
      select: {
        role: {
          select: {
            name: true,
            id: true
          }
        }
      }
    }
  },
  skip: 0,
  take: 10,
  orderBy: {
    roles: "asc"
           ~~~~~
  }
}

Argument `roles`: Invalid value provided. Expected User_RoleOrderByRelationAggregateInput, provided String.
[2026-01-22T11:36:51.196Z] 
Invalid `prisma.user.findMany()` invocation:

{
  select: {
    id: true,
    first_name: true,
    last_name: true,
    username: true,
    email: true,
    roles: {
      select: {
        role: {
          select: {
            name: true,
            id: true
          }
        }
      }
    }
  },
  skip: 0,
  take: 10,
  orderBy: {
    roleIds: "asc",
    ~~~~~~~
?   id?: SortOrder,
?   first_name?: SortOrder,
?   last_name?: SortOrder,
?   username?: SortOrder,
?   email?: SortOrder,
?   password?: SortOrder,
?   created_at?: SortOrder,
?   roles?: User_RoleOrderByRelationAggregateInput,
?   permissions?: User_permissionOrderByRelationAggregateInput,
?   categories?: CategoryOrderByRelationAggregateInput,
?   devices?: User_deviceOrderByRelationAggregateInput,
?   _relevance?: UserOrderByRelevanceInput
  }
}

Unknown argument `roleIds`. Did you mean `roles`? Available options are marked with ?.
[2026-01-22T11:36:51.199Z] 
Invalid `prisma.user.findMany()` invocation:

{
  select: {
    id: true,
    first_name: true,
    last_name: true,
    username: true,
    email: true,
    roles: {
      select: {
        role: {
          select: {
            name: true,
            id: true
          }
        }
      }
    }
  },
  skip: 0,
  take: 10,
  orderBy: {
    roles: "asc"
           ~~~~~
  }
}

Argument `roles`: Invalid value provided. Expected User_RoleOrderByRelationAggregateInput, provided String.
[2026-01-22T11:36:51.221Z] 
Invalid `prisma.user.findMany()` invocation:

{
  select: {
    id: true,
    first_name: true,
    last_name: true,
    username: true,
    email: true,
    roles: {
      select: {
        role: {
          select: {
            name: true,
            id: true
          }
        }
      }
    }
  },
  skip: 0,
  take: 10,
  orderBy: {
    roleIds: "asc",
    ~~~~~~~
?   id?: SortOrder,
?   first_name?: SortOrder,
?   last_name?: SortOrder,
?   username?: SortOrder,
?   email?: SortOrder,
?   password?: SortOrder,
?   created_at?: SortOrder,
?   roles?: User_RoleOrderByRelationAggregateInput,
?   permissions?: User_permissionOrderByRelationAggregateInput,
?   categories?: CategoryOrderByRelationAggregateInput,
?   devices?: User_deviceOrderByRelationAggregateInput,
?   _relevance?: UserOrderByRelevanceInput
  }
}

Unknown argument `roleIds`. Did you mean `roles`? Available options are marked with ?.
[2026-01-22T11:36:51.234Z] 
Invalid `prisma.user.findMany()` invocation:

{
  select: {
    id: true,
    first_name: true,
    last_name: true,
    username: true,
    email: true,
    roles: {
      select: {
        role: {
          select: {
            name: true,
            id: true
          }
        }
      }
    }
  },
  skip: 0,
  take: 10,
  orderBy: {
    roles: "asc"
           ~~~~~
  }
}

Argument `roles`: Invalid value provided. Expected User_RoleOrderByRelationAggregateInput, provided String.
[2026-01-22T11:36:51.311Z] 
Invalid `prisma.user.findMany()` invocation:

{
  select: {
    id: true,
    first_name: true,
    last_name: true,
    username: true,
    email: true,
    roles: {
      select: {
        role: {
          select: {
            name: true,
            id: true
          }
        }
      }
    }
  },
  skip: 0,
  take: 10,
  orderBy: {
    roleIds: "asc",
    ~~~~~~~
?   id?: SortOrder,
?   first_name?: SortOrder,
?   last_name?: SortOrder,
?   username?: SortOrder,
?   email?: SortOrder,
?   password?: SortOrder,
?   created_at?: SortOrder,
?   roles?: User_RoleOrderByRelationAggregateInput,
?   permissions?: User_permissionOrderByRelationAggregateInput,
?   categories?: CategoryOrderByRelationAggregateInput,
?   devices?: User_deviceOrderByRelationAggregateInput,
?   _relevance?: UserOrderByRelevanceInput
  }
}

Unknown argument `roleIds`. Did you mean `roles`? Available options are marked with ?.
[2026-01-22T11:36:51.335Z] 
Invalid `prisma.user.findMany()` invocation:

{
  select: {
    id: true,
    first_name: true,
    last_name: true,
    username: true,
    email: true,
    roles: {
      select: {
        role: {
          select: {
            name: true,
            id: true
          }
        }
      }
    }
  },
  skip: 0,
  take: 10,
  orderBy: {
    roles: "asc"
           ~~~~~
  }
}

Argument `roles`: Invalid value provided. Expected User_RoleOrderByRelationAggregateInput, provided String.
[2026-01-22T11:36:51.353Z] 
Invalid `prisma.user.findMany()` invocation:

{
  select: {
    id: true,
    first_name: true,
    last_name: true,
    username: true,
    email: true,
    roles: {
      select: {
        role: {
          select: {
            name: true,
            id: true
          }
        }
      }
    }
  },
  skip: 0,
  take: 10,
  orderBy: {
    roleIds: "asc",
    ~~~~~~~
?   id?: SortOrder,
?   first_name?: SortOrder,
?   last_name?: SortOrder,
?   username?: SortOrder,
?   email?: SortOrder,
?   password?: SortOrder,
?   created_at?: SortOrder,
?   roles?: User_RoleOrderByRelationAggregateInput,
?   permissions?: User_permissionOrderByRelationAggregateInput,
?   categories?: CategoryOrderByRelationAggregateInput,
?   devices?: User_deviceOrderByRelationAggregateInput,
?   _relevance?: UserOrderByRelevanceInput
  }
}

Unknown argument `roleIds`. Did you mean `roles`? Available options are marked with ?.
[2026-01-22T11:36:51.387Z] 
Invalid `prisma.user.findMany()` invocation:

{
  select: {
    id: true,
    first_name: true,
    last_name: true,
    username: true,
    email: true,
    roles: {
      select: {
        role: {
          select: {
            name: true,
            id: true
          }
        }
      }
    }
  },
  skip: 0,
  take: 10,
  orderBy: {
    roles: "asc"
           ~~~~~
  }
}

Argument `roles`: Invalid value provided. Expected User_RoleOrderByRelationAggregateInput, provided String.
[2026-01-22T11:36:51.541Z] 
Invalid `prisma.user.findMany()` invocation:

{
  select: {
    id: true,
    first_name: true,
    last_name: true,
    username: true,
    email: true,
    roles: {
      select: {
        role: {
          select: {
            name: true,
            id: true
          }
        }
      }
    }
  },
  skip: 0,
  take: 10,
  orderBy: {
    roleIds: "asc",
    ~~~~~~~
?   id?: SortOrder,
?   first_name?: SortOrder,
?   last_name?: SortOrder,
?   username?: SortOrder,
?   email?: SortOrder,
?   password?: SortOrder,
?   created_at?: SortOrder,
?   roles?: User_RoleOrderByRelationAggregateInput,
?   permissions?: User_permissionOrderByRelationAggregateInput,
?   categories?: CategoryOrderByRelationAggregateInput,
?   devices?: User_deviceOrderByRelationAggregateInput,
?   _relevance?: UserOrderByRelevanceInput
  }
}

Unknown argument `roleIds`. Did you mean `roles`? Available options are marked with ?.
[2026-01-22T11:36:51.548Z] 
Invalid `prisma.user.findMany()` invocation:

{
  select: {
    id: true,
    first_name: true,
    last_name: true,
    username: true,
    email: true,
    roles: {
      select: {
        role: {
          select: {
            name: true,
            id: true
          }
        }
      }
    }
  },
  skip: 0,
  take: 10,
  orderBy: {
    roles: "asc"
           ~~~~~
  }
}

Argument `roles`: Invalid value provided. Expected User_RoleOrderByRelationAggregateInput, provided String.
[2026-01-22T11:36:51.603Z] 
Invalid `prisma.user.findMany()` invocation:

{
  select: {
    id: true,
    first_name: true,
    last_name: true,
    username: true,
    email: true,
    roles: {
      select: {
        role: {
          select: {
            name: true,
            id: true
          }
        }
      }
    }
  },
  skip: 0,
  take: 10,
  orderBy: {
    roleIds: "desc",
    ~~~~~~~
?   id?: SortOrder,
?   first_name?: SortOrder,
?   last_name?: SortOrder,
?   username?: SortOrder,
?   email?: SortOrder,
?   password?: SortOrder,
?   created_at?: SortOrder,
?   roles?: User_RoleOrderByRelationAggregateInput,
?   permissions?: User_permissionOrderByRelationAggregateInput,
?   categories?: CategoryOrderByRelationAggregateInput,
?   devices?: User_deviceOrderByRelationAggregateInput,
?   _relevance?: UserOrderByRelevanceInput
  }
}

Unknown argument `roleIds`. Did you mean `roles`? Available options are marked with ?.
[2026-01-22T11:36:51.615Z] 
Invalid `prisma.user.findMany()` invocation:

{
  select: {
    id: true,
    first_name: true,
    last_name: true,
    username: true,
    email: true,
    roles: {
      select: {
        role: {
          select: {
            name: true,
            id: true
          }
        }
      }
    }
  },
  skip: 0,
  take: 10,
  orderBy: {
    roles: "desc"
           ~~~~~~
  }
}

Argument `roles`: Invalid value provided. Expected User_RoleOrderByRelationAggregateInput, provided String.
[2026-01-22T11:36:51.728Z] 
Invalid `prisma.user.findMany()` invocation:

{
  select: {
    id: true,
    first_name: true,
    last_name: true,
    username: true,
    email: true,
    roles: {
      select: {
        role: {
          select: {
            name: true,
            id: true
          }
        }
      }
    }
  },
  skip: 0,
  take: 10,
  orderBy: {
    roleIds: "asc",
    ~~~~~~~
?   id?: SortOrder,
?   first_name?: SortOrder,
?   last_name?: SortOrder,
?   username?: SortOrder,
?   email?: SortOrder,
?   password?: SortOrder,
?   created_at?: SortOrder,
?   roles?: User_RoleOrderByRelationAggregateInput,
?   permissions?: User_permissionOrderByRelationAggregateInput,
?   categories?: CategoryOrderByRelationAggregateInput,
?   devices?: User_deviceOrderByRelationAggregateInput,
?   _relevance?: UserOrderByRelevanceInput
  }
}

Unknown argument `roleIds`. Did you mean `roles`? Available options are marked with ?.
[2026-01-22T11:36:51.732Z] 
Invalid `prisma.user.findMany()` invocation:

{
  select: {
    id: true,
    first_name: true,
    last_name: true,
    username: true,
    email: true,
    roles: {
      select: {
        role: {
          select: {
            name: true,
            id: true
          }
        }
      }
    }
  },
  skip: 0,
  take: 10,
  orderBy: {
    roleIds: "desc",
    ~~~~~~~
?   id?: SortOrder,
?   first_name?: SortOrder,
?   last_name?: SortOrder,
?   username?: SortOrder,
?   email?: SortOrder,
?   password?: SortOrder,
?   created_at?: SortOrder,
?   roles?: User_RoleOrderByRelationAggregateInput,
?   permissions?: User_permissionOrderByRelationAggregateInput,
?   categories?: CategoryOrderByRelationAggregateInput,
?   devices?: User_deviceOrderByRelationAggregateInput,
?   _relevance?: UserOrderByRelevanceInput
  }
}

Unknown argument `roleIds`. Did you mean `roles`? Available options are marked with ?.
[2026-01-22T11:36:51.758Z] 
Invalid `prisma.user.findMany()` invocation:

{
  select: {
    id: true,
    first_name: true,
    last_name: true,
    username: true,
    email: true,
    roles: {
      select: {
        role: {
          select: {
            name: true,
            id: true
          }
        }
      }
    }
  },
  skip: 0,
  take: 10,
  orderBy: {
    roles: "desc"
           ~~~~~~
  }
}

Argument `roles`: Invalid value provided. Expected User_RoleOrderByRelationAggregateInput, provided String.
[2026-01-22T11:36:51.761Z] 
Invalid `prisma.user.findMany()` invocation:

{
  select: {
    id: true,
    first_name: true,
    last_name: true,
    username: true,
    email: true,
    roles: {
      select: {
        role: {
          select: {
            name: true,
            id: true
          }
        }
      }
    }
  },
  skip: 0,
  take: 10,
  orderBy: {
    roles: "asc"
           ~~~~~
  }
}

Argument `roles`: Invalid value provided. Expected User_RoleOrderByRelationAggregateInput, provided String.
[2026-01-22T11:36:51.836Z] 
Invalid `prisma.user.findMany()` invocation:

{
  select: {
    id: true,
    first_name: true,
    last_name: true,
    username: true,
    email: true,
    roles: {
      select: {
        role: {
          select: {
            name: true,
            id: true
          }
        }
      }
    }
  },
  skip: 0,
  take: 10,
  orderBy: {
    roleIds: "asc",
    ~~~~~~~
?   id?: SortOrder,
?   first_name?: SortOrder,
?   last_name?: SortOrder,
?   username?: SortOrder,
?   email?: SortOrder,
?   password?: SortOrder,
?   created_at?: SortOrder,
?   roles?: User_RoleOrderByRelationAggregateInput,
?   permissions?: User_permissionOrderByRelationAggregateInput,
?   categories?: CategoryOrderByRelationAggregateInput,
?   devices?: User_deviceOrderByRelationAggregateInput,
?   _relevance?: UserOrderByRelevanceInput
  }
}

Unknown argument `roleIds`. Did you mean `roles`? Available options are marked with ?.
[2026-01-22T11:36:51.839Z] 
Invalid `prisma.user.findMany()` invocation:

{
  select: {
    id: true,
    first_name: true,
    last_name: true,
    username: true,
    email: true,
    roles: {
      select: {
        role: {
          select: {
            name: true,
            id: true
          }
        }
      }
    }
  },
  skip: 0,
  take: 10,
  orderBy: {
    roleIds: "desc",
    ~~~~~~~
?   id?: SortOrder,
?   first_name?: SortOrder,
?   last_name?: SortOrder,
?   username?: SortOrder,
?   email?: SortOrder,
?   password?: SortOrder,
?   created_at?: SortOrder,
?   roles?: User_RoleOrderByRelationAggregateInput,
?   permissions?: User_permissionOrderByRelationAggregateInput,
?   categories?: CategoryOrderByRelationAggregateInput,
?   devices?: User_deviceOrderByRelationAggregateInput,
?   _relevance?: UserOrderByRelevanceInput
  }
}

Unknown argument `roleIds`. Did you mean `roles`? Available options are marked with ?.
[2026-01-22T11:36:51.854Z] 
Invalid `prisma.user.findMany()` invocation:

{
  select: {
    id: true,
    first_name: true,
    last_name: true,
    username: true,
    email: true,
    roles: {
      select: {
        role: {
          select: {
            name: true,
            id: true
          }
        }
      }
    }
  },
  skip: 0,
  take: 10,
  orderBy: {
    roles: "asc"
           ~~~~~
  }
}

Argument `roles`: Invalid value provided. Expected User_RoleOrderByRelationAggregateInput, provided String.
[2026-01-22T11:36:51.857Z] 
Invalid `prisma.user.findMany()` invocation:

{
  select: {
    id: true,
    first_name: true,
    last_name: true,
    username: true,
    email: true,
    roles: {
      select: {
        role: {
          select: {
            name: true,
            id: true
          }
        }
      }
    }
  },
  skip: 0,
  take: 10,
  orderBy: {
    roles: "desc"
           ~~~~~~
  }
}

Argument `roles`: Invalid value provided. Expected User_RoleOrderByRelationAggregateInput, provided String.
[2026-01-22T11:36:51.975Z] 
Invalid `prisma.user.findMany()` invocation:

{
  select: {
    id: true,
    first_name: true,
    last_name: true,
    username: true,
    email: true,
    roles: {
      select: {
        role: {
          select: {
            name: true,
            id: true
          }
        }
      }
    }
  },
  skip: 0,
  take: 10,
  orderBy: {
    roleIds: "asc",
    ~~~~~~~
?   id?: SortOrder,
?   first_name?: SortOrder,
?   last_name?: SortOrder,
?   username?: SortOrder,
?   email?: SortOrder,
?   password?: SortOrder,
?   created_at?: SortOrder,
?   roles?: User_RoleOrderByRelationAggregateInput,
?   permissions?: User_permissionOrderByRelationAggregateInput,
?   categories?: CategoryOrderByRelationAggregateInput,
?   devices?: User_deviceOrderByRelationAggregateInput,
?   _relevance?: UserOrderByRelevanceInput
  }
}

Unknown argument `roleIds`. Did you mean `roles`? Available options are marked with ?.
[2026-01-22T11:36:51.979Z] 
Invalid `prisma.user.findMany()` invocation:

{
  select: {
    id: true,
    first_name: true,
    last_name: true,
    username: true,
    email: true,
    roles: {
      select: {
        role: {
          select: {
            name: true,
            id: true
          }
        }
      }
    }
  },
  skip: 0,
  take: 10,
  orderBy: {
    roleIds: "desc",
    ~~~~~~~
?   id?: SortOrder,
?   first_name?: SortOrder,
?   last_name?: SortOrder,
?   username?: SortOrder,
?   email?: SortOrder,
?   password?: SortOrder,
?   created_at?: SortOrder,
?   roles?: User_RoleOrderByRelationAggregateInput,
?   permissions?: User_permissionOrderByRelationAggregateInput,
?   categories?: CategoryOrderByRelationAggregateInput,
?   devices?: User_deviceOrderByRelationAggregateInput,
?   _relevance?: UserOrderByRelevanceInput
  }
}

Unknown argument `roleIds`. Did you mean `roles`? Available options are marked with ?.
[2026-01-22T11:36:51.995Z] 
Invalid `prisma.user.findMany()` invocation:

{
  select: {
    id: true,
    first_name: true,
    last_name: true,
    username: true,
    email: true,
    roles: {
      select: {
        role: {
          select: {
            name: true,
            id: true
          }
        }
      }
    }
  },
  skip: 0,
  take: 10,
  orderBy: {
    roles: "asc"
           ~~~~~
  }
}

Argument `roles`: Invalid value provided. Expected User_RoleOrderByRelationAggregateInput, provided String.
[2026-01-22T11:36:51.997Z] 
Invalid `prisma.user.findMany()` invocation:

{
  select: {
    id: true,
    first_name: true,
    last_name: true,
    username: true,
    email: true,
    roles: {
      select: {
        role: {
          select: {
            name: true,
            id: true
          }
        }
      }
    }
  },
  skip: 0,
  take: 10,
  orderBy: {
    roles: "desc"
           ~~~~~~
  }
}

Argument `roles`: Invalid value provided. Expected User_RoleOrderByRelationAggregateInput, provided String.
[2026-01-22T11:36:52.097Z] 
Invalid `prisma.user.findMany()` invocation:

{
  select: {
    id: true,
    first_name: true,
    last_name: true,
    username: true,
    email: true,
    roles: {
      select: {
        role: {
          select: {
            name: true,
            id: true
          }
        }
      }
    }
  },
  skip: 0,
  take: 10,
  orderBy: {
    roleIds: "desc",
    ~~~~~~~
?   id?: SortOrder,
?   first_name?: SortOrder,
?   last_name?: SortOrder,
?   username?: SortOrder,
?   email?: SortOrder,
?   password?: SortOrder,
?   created_at?: SortOrder,
?   roles?: User_RoleOrderByRelationAggregateInput,
?   permissions?: User_permissionOrderByRelationAggregateInput,
?   categories?: CategoryOrderByRelationAggregateInput,
?   devices?: User_deviceOrderByRelationAggregateInput,
?   _relevance?: UserOrderByRelevanceInput
  }
}

Unknown argument `roleIds`. Did you mean `roles`? Available options are marked with ?.
[2026-01-22T11:36:52.103Z] 
Invalid `prisma.user.findMany()` invocation:

{
  select: {
    id: true,
    first_name: true,
    last_name: true,
    username: true,
    email: true,
    roles: {
      select: {
        role: {
          select: {
            name: true,
            id: true
          }
        }
      }
    }
  },
  skip: 0,
  take: 10,
  orderBy: {
    roleIds: "asc",
    ~~~~~~~
?   id?: SortOrder,
?   first_name?: SortOrder,
?   last_name?: SortOrder,
?   username?: SortOrder,
?   email?: SortOrder,
?   password?: SortOrder,
?   created_at?: SortOrder,
?   roles?: User_RoleOrderByRelationAggregateInput,
?   permissions?: User_permissionOrderByRelationAggregateInput,
?   categories?: CategoryOrderByRelationAggregateInput,
?   devices?: User_deviceOrderByRelationAggregateInput,
?   _relevance?: UserOrderByRelevanceInput
  }
}

Unknown argument `roleIds`. Did you mean `roles`? Available options are marked with ?.
[2026-01-22T11:36:52.116Z] 
Invalid `prisma.user.findMany()` invocation:

{
  select: {
    id: true,
    first_name: true,
    last_name: true,
    username: true,
    email: true,
    roles: {
      select: {
        role: {
          select: {
            name: true,
            id: true
          }
        }
      }
    }
  },
  skip: 0,
  take: 10,
  orderBy: {
    roles: "asc"
           ~~~~~
  }
}

Argument `roles`: Invalid value provided. Expected User_RoleOrderByRelationAggregateInput, provided String.
[2026-01-22T11:36:52.119Z] 
Invalid `prisma.user.findMany()` invocation:

{
  select: {
    id: true,
    first_name: true,
    last_name: true,
    username: true,
    email: true,
    roles: {
      select: {
        role: {
          select: {
            name: true,
            id: true
          }
        }
      }
    }
  },
  skip: 0,
  take: 10,
  orderBy: {
    roles: "desc"
           ~~~~~~
  }
}

Argument `roles`: Invalid value provided. Expected User_RoleOrderByRelationAggregateInput, provided String.
[2026-01-22T11:36:52.227Z] 
Invalid `prisma.user.findMany()` invocation:

{
  select: {
    id: true,
    first_name: true,
    last_name: true,
    username: true,
    email: true,
    roles: {
      select: {
        role: {
          select: {
            name: true,
            id: true
          }
        }
      }
    }
  },
  skip: 0,
  take: 10,
  orderBy: {
    roleIds: "asc",
    ~~~~~~~
?   id?: SortOrder,
?   first_name?: SortOrder,
?   last_name?: SortOrder,
?   username?: SortOrder,
?   email?: SortOrder,
?   password?: SortOrder,
?   created_at?: SortOrder,
?   roles?: User_RoleOrderByRelationAggregateInput,
?   permissions?: User_permissionOrderByRelationAggregateInput,
?   categories?: CategoryOrderByRelationAggregateInput,
?   devices?: User_deviceOrderByRelationAggregateInput,
?   _relevance?: UserOrderByRelevanceInput
  }
}

Unknown argument `roleIds`. Did you mean `roles`? Available options are marked with ?.
[2026-01-22T11:36:52.230Z] 
Invalid `prisma.user.findMany()` invocation:

{
  select: {
    id: true,
    first_name: true,
    last_name: true,
    username: true,
    email: true,
    roles: {
      select: {
        role: {
          select: {
            name: true,
            id: true
          }
        }
      }
    }
  },
  skip: 0,
  take: 10,
  orderBy: {
    roleIds: "desc",
    ~~~~~~~
?   id?: SortOrder,
?   first_name?: SortOrder,
?   last_name?: SortOrder,
?   username?: SortOrder,
?   email?: SortOrder,
?   password?: SortOrder,
?   created_at?: SortOrder,
?   roles?: User_RoleOrderByRelationAggregateInput,
?   permissions?: User_permissionOrderByRelationAggregateInput,
?   categories?: CategoryOrderByRelationAggregateInput,
?   devices?: User_deviceOrderByRelationAggregateInput,
?   _relevance?: UserOrderByRelevanceInput
  }
}

Unknown argument `roleIds`. Did you mean `roles`? Available options are marked with ?.
[2026-01-22T11:36:52.243Z] 
Invalid `prisma.user.findMany()` invocation:

{
  select: {
    id: true,
    first_name: true,
    last_name: true,
    username: true,
    email: true,
    roles: {
      select: {
        role: {
          select: {
            name: true,
            id: true
          }
        }
      }
    }
  },
  skip: 0,
  take: 10,
  orderBy: {
    roles: "asc"
           ~~~~~
  }
}

Argument `roles`: Invalid value provided. Expected User_RoleOrderByRelationAggregateInput, provided String.
[2026-01-22T11:36:52.247Z] 
Invalid `prisma.user.findMany()` invocation:

{
  select: {
    id: true,
    first_name: true,
    last_name: true,
    username: true,
    email: true,
    roles: {
      select: {
        role: {
          select: {
            name: true,
            id: true
          }
        }
      }
    }
  },
  skip: 0,
  take: 10,
  orderBy: {
    roles: "desc"
           ~~~~~~
  }
}

Argument `roles`: Invalid value provided. Expected User_RoleOrderByRelationAggregateInput, provided String.
[2026-01-22T11:36:52.348Z] 
Invalid `prisma.user.findMany()` invocation:

{
  select: {
    id: true,
    first_name: true,
    last_name: true,
    username: true,
    email: true,
    roles: {
      select: {
        role: {
          select: {
            name: true,
            id: true
          }
        }
      }
    }
  },
  skip: 0,
  take: 10,
  orderBy: {
    roleIds: "asc",
    ~~~~~~~
?   id?: SortOrder,
?   first_name?: SortOrder,
?   last_name?: SortOrder,
?   username?: SortOrder,
?   email?: SortOrder,
?   password?: SortOrder,
?   created_at?: SortOrder,
?   roles?: User_RoleOrderByRelationAggregateInput,
?   permissions?: User_permissionOrderByRelationAggregateInput,
?   categories?: CategoryOrderByRelationAggregateInput,
?   devices?: User_deviceOrderByRelationAggregateInput,
?   _relevance?: UserOrderByRelevanceInput
  }
}

Unknown argument `roleIds`. Did you mean `roles`? Available options are marked with ?.
[2026-01-22T11:36:52.351Z] 
Invalid `prisma.user.findMany()` invocation:

{
  select: {
    id: true,
    first_name: true,
    last_name: true,
    username: true,
    email: true,
    roles: {
      select: {
        role: {
          select: {
            name: true,
            id: true
          }
        }
      }
    }
  },
  skip: 0,
  take: 10,
  orderBy: {
    roleIds: "desc",
    ~~~~~~~
?   id?: SortOrder,
?   first_name?: SortOrder,
?   last_name?: SortOrder,
?   username?: SortOrder,
?   email?: SortOrder,
?   password?: SortOrder,
?   created_at?: SortOrder,
?   roles?: User_RoleOrderByRelationAggregateInput,
?   permissions?: User_permissionOrderByRelationAggregateInput,
?   categories?: CategoryOrderByRelationAggregateInput,
?   devices?: User_deviceOrderByRelationAggregateInput,
?   _relevance?: UserOrderByRelevanceInput
  }
}

Unknown argument `roleIds`. Did you mean `roles`? Available options are marked with ?.
[2026-01-22T11:36:52.367Z] 
Invalid `prisma.user.findMany()` invocation:

{
  select: {
    id: true,
    first_name: true,
    last_name: true,
    username: true,
    email: true,
    roles: {
      select: {
        role: {
          select: {
            name: true,
            id: true
          }
        }
      }
    }
  },
  skip: 0,
  take: 10,
  orderBy: {
    roles: "asc"
           ~~~~~
  }
}

Argument `roles`: Invalid value provided. Expected User_RoleOrderByRelationAggregateInput, provided String.
[2026-01-22T11:36:52.370Z] 
Invalid `prisma.user.findMany()` invocation:

{
  select: {
    id: true,
    first_name: true,
    last_name: true,
    username: true,
    email: true,
    roles: {
      select: {
        role: {
          select: {
            name: true,
            id: true
          }
        }
      }
    }
  },
  skip: 0,
  take: 10,
  orderBy: {
    roles: "desc"
           ~~~~~~
  }
}

Argument `roles`: Invalid value provided. Expected User_RoleOrderByRelationAggregateInput, provided String.
[2026-01-22T11:36:52.485Z] 
Invalid `prisma.user.findMany()` invocation:

{
  select: {
    id: true,
    first_name: true,
    last_name: true,
    username: true,
    email: true,
    roles: {
      select: {
        role: {
          select: {
            name: true,
            id: true
          }
        }
      }
    }
  },
  skip: 0,
  take: 10,
  orderBy: {
    roleIds: "asc",
    ~~~~~~~
?   id?: SortOrder,
?   first_name?: SortOrder,
?   last_name?: SortOrder,
?   username?: SortOrder,
?   email?: SortOrder,
?   password?: SortOrder,
?   created_at?: SortOrder,
?   roles?: User_RoleOrderByRelationAggregateInput,
?   permissions?: User_permissionOrderByRelationAggregateInput,
?   categories?: CategoryOrderByRelationAggregateInput,
?   devices?: User_deviceOrderByRelationAggregateInput,
?   _relevance?: UserOrderByRelevanceInput
  }
}

Unknown argument `roleIds`. Did you mean `roles`? Available options are marked with ?.
[2026-01-22T11:36:52.488Z] 
Invalid `prisma.user.findMany()` invocation:

{
  select: {
    id: true,
    first_name: true,
    last_name: true,
    username: true,
    email: true,
    roles: {
      select: {
        role: {
          select: {
            name: true,
            id: true
          }
        }
      }
    }
  },
  skip: 0,
  take: 10,
  orderBy: {
    roleIds: "desc",
    ~~~~~~~
?   id?: SortOrder,
?   first_name?: SortOrder,
?   last_name?: SortOrder,
?   username?: SortOrder,
?   email?: SortOrder,
?   password?: SortOrder,
?   created_at?: SortOrder,
?   roles?: User_RoleOrderByRelationAggregateInput,
?   permissions?: User_permissionOrderByRelationAggregateInput,
?   categories?: CategoryOrderByRelationAggregateInput,
?   devices?: User_deviceOrderByRelationAggregateInput,
?   _relevance?: UserOrderByRelevanceInput
  }
}

Unknown argument `roleIds`. Did you mean `roles`? Available options are marked with ?.
[2026-01-22T11:36:52.504Z] 
Invalid `prisma.user.findMany()` invocation:

{
  select: {
    id: true,
    first_name: true,
    last_name: true,
    username: true,
    email: true,
    roles: {
      select: {
        role: {
          select: {
            name: true,
            id: true
          }
        }
      }
    }
  },
  skip: 0,
  take: 10,
  orderBy: {
    roles: "asc"
           ~~~~~
  }
}

Argument `roles`: Invalid value provided. Expected User_RoleOrderByRelationAggregateInput, provided String.
[2026-01-22T11:36:52.508Z] 
Invalid `prisma.user.findMany()` invocation:

{
  select: {
    id: true,
    first_name: true,
    last_name: true,
    username: true,
    email: true,
    roles: {
      select: {
        role: {
          select: {
            name: true,
            id: true
          }
        }
      }
    }
  },
  skip: 0,
  take: 10,
  orderBy: {
    roles: "desc"
           ~~~~~~
  }
}

Argument `roles`: Invalid value provided. Expected User_RoleOrderByRelationAggregateInput, provided String.
[2026-01-22T11:36:52.600Z] 
Invalid `prisma.user.findMany()` invocation:

{
  select: {
    id: true,
    first_name: true,
    last_name: true,
    username: true,
    email: true,
    roles: {
      select: {
        role: {
          select: {
            name: true,
            id: true
          }
        }
      }
    }
  },
  skip: 0,
  take: 10,
  orderBy: {
    roleIds: "asc",
    ~~~~~~~
?   id?: SortOrder,
?   first_name?: SortOrder,
?   last_name?: SortOrder,
?   username?: SortOrder,
?   email?: SortOrder,
?   password?: SortOrder,
?   created_at?: SortOrder,
?   roles?: User_RoleOrderByRelationAggregateInput,
?   permissions?: User_permissionOrderByRelationAggregateInput,
?   categories?: CategoryOrderByRelationAggregateInput,
?   devices?: User_deviceOrderByRelationAggregateInput,
?   _relevance?: UserOrderByRelevanceInput
  }
}

Unknown argument `roleIds`. Did you mean `roles`? Available options are marked with ?.
[2026-01-22T11:36:52.604Z] 
Invalid `prisma.user.findMany()` invocation:

{
  select: {
    id: true,
    first_name: true,
    last_name: true,
    username: true,
    email: true,
    roles: {
      select: {
        role: {
          select: {
            name: true,
            id: true
          }
        }
      }
    }
  },
  skip: 0,
  take: 10,
  orderBy: {
    roleIds: "desc",
    ~~~~~~~
?   id?: SortOrder,
?   first_name?: SortOrder,
?   last_name?: SortOrder,
?   username?: SortOrder,
?   email?: SortOrder,
?   password?: SortOrder,
?   created_at?: SortOrder,
?   roles?: User_RoleOrderByRelationAggregateInput,
?   permissions?: User_permissionOrderByRelationAggregateInput,
?   categories?: CategoryOrderByRelationAggregateInput,
?   devices?: User_deviceOrderByRelationAggregateInput,
?   _relevance?: UserOrderByRelevanceInput
  }
}

Unknown argument `roleIds`. Did you mean `roles`? Available options are marked with ?.
[2026-01-22T11:36:52.619Z] 
Invalid `prisma.user.findMany()` invocation:

{
  select: {
    id: true,
    first_name: true,
    last_name: true,
    username: true,
    email: true,
    roles: {
      select: {
        role: {
          select: {
            name: true,
            id: true
          }
        }
      }
    }
  },
  skip: 0,
  take: 10,
  orderBy: {
    roles: "asc"
           ~~~~~
  }
}

Argument `roles`: Invalid value provided. Expected User_RoleOrderByRelationAggregateInput, provided String.
[2026-01-22T11:36:52.622Z] 
Invalid `prisma.user.findMany()` invocation:

{
  select: {
    id: true,
    first_name: true,
    last_name: true,
    username: true,
    email: true,
    roles: {
      select: {
        role: {
          select: {
            name: true,
            id: true
          }
        }
      }
    }
  },
  skip: 0,
  take: 10,
  orderBy: {
    roles: "desc"
           ~~~~~~
  }
}

Argument `roles`: Invalid value provided. Expected User_RoleOrderByRelationAggregateInput, provided String.
[2026-01-22T11:36:52.716Z] 
Invalid `prisma.user.findMany()` invocation:

{
  select: {
    id: true,
    first_name: true,
    last_name: true,
    username: true,
    email: true,
    roles: {
      select: {
        role: {
          select: {
            name: true,
            id: true
          }
        }
      }
    }
  },
  skip: 0,
  take: 10,
  orderBy: {
    roleIds: "asc",
    ~~~~~~~
?   id?: SortOrder,
?   first_name?: SortOrder,
?   last_name?: SortOrder,
?   username?: SortOrder,
?   email?: SortOrder,
?   password?: SortOrder,
?   created_at?: SortOrder,
?   roles?: User_RoleOrderByRelationAggregateInput,
?   permissions?: User_permissionOrderByRelationAggregateInput,
?   categories?: CategoryOrderByRelationAggregateInput,
?   devices?: User_deviceOrderByRelationAggregateInput,
?   _relevance?: UserOrderByRelevanceInput
  }
}

Unknown argument `roleIds`. Did you mean `roles`? Available options are marked with ?.
[2026-01-22T11:36:52.719Z] 
Invalid `prisma.user.findMany()` invocation:

{
  select: {
    id: true,
    first_name: true,
    last_name: true,
    username: true,
    email: true,
    roles: {
      select: {
        role: {
          select: {
            name: true,
            id: true
          }
        }
      }
    }
  },
  skip: 0,
  take: 10,
  orderBy: {
    roleIds: "desc",
    ~~~~~~~
?   id?: SortOrder,
?   first_name?: SortOrder,
?   last_name?: SortOrder,
?   username?: SortOrder,
?   email?: SortOrder,
?   password?: SortOrder,
?   created_at?: SortOrder,
?   roles?: User_RoleOrderByRelationAggregateInput,
?   permissions?: User_permissionOrderByRelationAggregateInput,
?   categories?: CategoryOrderByRelationAggregateInput,
?   devices?: User_deviceOrderByRelationAggregateInput,
?   _relevance?: UserOrderByRelevanceInput
  }
}

Unknown argument `roleIds`. Did you mean `roles`? Available options are marked with ?.
[2026-01-22T11:36:52.735Z] 
Invalid `prisma.user.findMany()` invocation:

{
  select: {
    id: true,
    first_name: true,
    last_name: true,
    username: true,
    email: true,
    roles: {
      select: {
        role: {
          select: {
            name: true,
            id: true
          }
        }
      }
    }
  },
  skip: 0,
  take: 10,
  orderBy: {
    roles: "asc"
           ~~~~~
  }
}

Argument `roles`: Invalid value provided. Expected User_RoleOrderByRelationAggregateInput, provided String.
[2026-01-22T11:36:52.738Z] 
Invalid `prisma.user.findMany()` invocation:

{
  select: {
    id: true,
    first_name: true,
    last_name: true,
    username: true,
    email: true,
    roles: {
      select: {
        role: {
          select: {
            name: true,
            id: true
          }
        }
      }
    }
  },
  skip: 0,
  take: 10,
  orderBy: {
    roles: "desc"
           ~~~~~~
  }
}

Argument `roles`: Invalid value provided. Expected User_RoleOrderByRelationAggregateInput, provided String.
[2026-01-22T11:36:52.856Z] 
Invalid `prisma.user.findMany()` invocation:

{
  select: {
    id: true,
    first_name: true,
    last_name: true,
    username: true,
    email: true,
    roles: {
      select: {
        role: {
          select: {
            name: true,
            id: true
          }
        }
      }
    }
  },
  skip: 0,
  take: 10,
  orderBy: {
    roleIds: "desc",
    ~~~~~~~
?   id?: SortOrder,
?   first_name?: SortOrder,
?   last_name?: SortOrder,
?   username?: SortOrder,
?   email?: SortOrder,
?   password?: SortOrder,
?   created_at?: SortOrder,
?   roles?: User_RoleOrderByRelationAggregateInput,
?   permissions?: User_permissionOrderByRelationAggregateInput,
?   categories?: CategoryOrderByRelationAggregateInput,
?   devices?: User_deviceOrderByRelationAggregateInput,
?   _relevance?: UserOrderByRelevanceInput
  }
}

Unknown argument `roleIds`. Did you mean `roles`? Available options are marked with ?.
[2026-01-22T11:36:52.859Z] 
Invalid `prisma.user.findMany()` invocation:

{
  select: {
    id: true,
    first_name: true,
    last_name: true,
    username: true,
    email: true,
    roles: {
      select: {
        role: {
          select: {
            name: true,
            id: true
          }
        }
      }
    }
  },
  skip: 0,
  take: 10,
  orderBy: {
    roleIds: "asc",
    ~~~~~~~
?   id?: SortOrder,
?   first_name?: SortOrder,
?   last_name?: SortOrder,
?   username?: SortOrder,
?   email?: SortOrder,
?   password?: SortOrder,
?   created_at?: SortOrder,
?   roles?: User_RoleOrderByRelationAggregateInput,
?   permissions?: User_permissionOrderByRelationAggregateInput,
?   categories?: CategoryOrderByRelationAggregateInput,
?   devices?: User_deviceOrderByRelationAggregateInput,
?   _relevance?: UserOrderByRelevanceInput
  }
}

Unknown argument `roleIds`. Did you mean `roles`? Available options are marked with ?.
[2026-01-22T11:36:52.873Z] 
Invalid `prisma.user.findMany()` invocation:

{
  select: {
    id: true,
    first_name: true,
    last_name: true,
    username: true,
    email: true,
    roles: {
      select: {
        role: {
          select: {
            name: true,
            id: true
          }
        }
      }
    }
  },
  skip: 0,
  take: 10,
  orderBy: {
    roles: "asc"
           ~~~~~
  }
}

Argument `roles`: Invalid value provided. Expected User_RoleOrderByRelationAggregateInput, provided String.
[2026-01-22T11:36:52.877Z] 
Invalid `prisma.user.findMany()` invocation:

{
  select: {
    id: true,
    first_name: true,
    last_name: true,
    username: true,
    email: true,
    roles: {
      select: {
        role: {
          select: {
            name: true,
            id: true
          }
        }
      }
    }
  },
  skip: 0,
  take: 10,
  orderBy: {
    roles: "desc"
           ~~~~~~
  }
}

Argument `roles`: Invalid value provided. Expected User_RoleOrderByRelationAggregateInput, provided String.
[2026-01-22T11:36:52.964Z] 
Invalid `prisma.user.findMany()` invocation:

{
  select: {
    id: true,
    first_name: true,
    last_name: true,
    username: true,
    email: true,
    roles: {
      select: {
        role: {
          select: {
            name: true,
            id: true
          }
        }
      }
    }
  },
  skip: 0,
  take: 10,
  orderBy: {
    roleIds: "asc",
    ~~~~~~~
?   id?: SortOrder,
?   first_name?: SortOrder,
?   last_name?: SortOrder,
?   username?: SortOrder,
?   email?: SortOrder,
?   password?: SortOrder,
?   created_at?: SortOrder,
?   roles?: User_RoleOrderByRelationAggregateInput,
?   permissions?: User_permissionOrderByRelationAggregateInput,
?   categories?: CategoryOrderByRelationAggregateInput,
?   devices?: User_deviceOrderByRelationAggregateInput,
?   _relevance?: UserOrderByRelevanceInput
  }
}

Unknown argument `roleIds`. Did you mean `roles`? Available options are marked with ?.
[2026-01-22T11:36:52.967Z] 
Invalid `prisma.user.findMany()` invocation:

{
  select: {
    id: true,
    first_name: true,
    last_name: true,
    username: true,
    email: true,
    roles: {
      select: {
        role: {
          select: {
            name: true,
            id: true
          }
        }
      }
    }
  },
  skip: 0,
  take: 10,
  orderBy: {
    roleIds: "desc",
    ~~~~~~~
?   id?: SortOrder,
?   first_name?: SortOrder,
?   last_name?: SortOrder,
?   username?: SortOrder,
?   email?: SortOrder,
?   password?: SortOrder,
?   created_at?: SortOrder,
?   roles?: User_RoleOrderByRelationAggregateInput,
?   permissions?: User_permissionOrderByRelationAggregateInput,
?   categories?: CategoryOrderByRelationAggregateInput,
?   devices?: User_deviceOrderByRelationAggregateInput,
?   _relevance?: UserOrderByRelevanceInput
  }
}

Unknown argument `roleIds`. Did you mean `roles`? Available options are marked with ?.
[2026-01-22T11:36:52.983Z] 
Invalid `prisma.user.findMany()` invocation:

{
  select: {
    id: true,
    first_name: true,
    last_name: true,
    username: true,
    email: true,
    roles: {
      select: {
        role: {
          select: {
            name: true,
            id: true
          }
        }
      }
    }
  },
  skip: 0,
  take: 10,
  orderBy: {
    roles: "asc"
           ~~~~~
  }
}

Argument `roles`: Invalid value provided. Expected User_RoleOrderByRelationAggregateInput, provided String.
[2026-01-22T11:36:52.986Z] 
Invalid `prisma.user.findMany()` invocation:

{
  select: {
    id: true,
    first_name: true,
    last_name: true,
    username: true,
    email: true,
    roles: {
      select: {
        role: {
          select: {
            name: true,
            id: true
          }
        }
      }
    }
  },
  skip: 0,
  take: 10,
  orderBy: {
    roles: "desc"
           ~~~~~~
  }
}

Argument `roles`: Invalid value provided. Expected User_RoleOrderByRelationAggregateInput, provided String.
[2026-01-22T11:36:53.099Z] 
Invalid `prisma.user.findMany()` invocation:

{
  select: {
    id: true,
    first_name: true,
    last_name: true,
    username: true,
    email: true,
    roles: {
      select: {
        role: {
          select: {
            name: true,
            id: true
          }
        }
      }
    }
  },
  skip: 0,
  take: 10,
  orderBy: {
    roleIds: "asc",
    ~~~~~~~
?   id?: SortOrder,
?   first_name?: SortOrder,
?   last_name?: SortOrder,
?   username?: SortOrder,
?   email?: SortOrder,
?   password?: SortOrder,
?   created_at?: SortOrder,
?   roles?: User_RoleOrderByRelationAggregateInput,
?   permissions?: User_permissionOrderByRelationAggregateInput,
?   categories?: CategoryOrderByRelationAggregateInput,
?   devices?: User_deviceOrderByRelationAggregateInput,
?   _relevance?: UserOrderByRelevanceInput
  }
}

Unknown argument `roleIds`. Did you mean `roles`? Available options are marked with ?.
[2026-01-22T11:36:53.103Z] 
Invalid `prisma.user.findMany()` invocation:

{
  select: {
    id: true,
    first_name: true,
    last_name: true,
    username: true,
    email: true,
    roles: {
      select: {
        role: {
          select: {
            name: true,
            id: true
          }
        }
      }
    }
  },
  skip: 0,
  take: 10,
  orderBy: {
    roleIds: "desc",
    ~~~~~~~
?   id?: SortOrder,
?   first_name?: SortOrder,
?   last_name?: SortOrder,
?   username?: SortOrder,
?   email?: SortOrder,
?   password?: SortOrder,
?   created_at?: SortOrder,
?   roles?: User_RoleOrderByRelationAggregateInput,
?   permissions?: User_permissionOrderByRelationAggregateInput,
?   categories?: CategoryOrderByRelationAggregateInput,
?   devices?: User_deviceOrderByRelationAggregateInput,
?   _relevance?: UserOrderByRelevanceInput
  }
}

Unknown argument `roleIds`. Did you mean `roles`? Available options are marked with ?.
[2026-01-22T11:36:53.127Z] 
Invalid `prisma.user.findMany()` invocation:

{
  select: {
    id: true,
    first_name: true,
    last_name: true,
    username: true,
    email: true,
    roles: {
      select: {
        role: {
          select: {
            name: true,
            id: true
          }
        }
      }
    }
  },
  skip: 0,
  take: 10,
  orderBy: {
    roles: "asc"
           ~~~~~
  }
}

Argument `roles`: Invalid value provided. Expected User_RoleOrderByRelationAggregateInput, provided String.
[2026-01-22T11:36:53.133Z] 
Invalid `prisma.user.findMany()` invocation:

{
  select: {
    id: true,
    first_name: true,
    last_name: true,
    username: true,
    email: true,
    roles: {
      select: {
        role: {
          select: {
            name: true,
            id: true
          }
        }
      }
    }
  },
  skip: 0,
  take: 10,
  orderBy: {
    roles: "desc"
           ~~~~~~
  }
}

Argument `roles`: Invalid value provided. Expected User_RoleOrderByRelationAggregateInput, provided String.
[2026-01-22T11:36:53.287Z] 
Invalid `prisma.user.findMany()` invocation:

{
  select: {
    id: true,
    first_name: true,
    last_name: true,
    username: true,
    email: true,
    roles: {
      select: {
        role: {
          select: {
            name: true,
            id: true
          }
        }
      }
    }
  },
  skip: 0,
  take: 10,
  orderBy: {
    roleIds: "asc",
    ~~~~~~~
?   id?: SortOrder,
?   first_name?: SortOrder,
?   last_name?: SortOrder,
?   username?: SortOrder,
?   email?: SortOrder,
?   password?: SortOrder,
?   created_at?: SortOrder,
?   roles?: User_RoleOrderByRelationAggregateInput,
?   permissions?: User_permissionOrderByRelationAggregateInput,
?   categories?: CategoryOrderByRelationAggregateInput,
?   devices?: User_deviceOrderByRelationAggregateInput,
?   _relevance?: UserOrderByRelevanceInput
  }
}

Unknown argument `roleIds`. Did you mean `roles`? Available options are marked with ?.
[2026-01-22T11:36:53.290Z] 
Invalid `prisma.user.findMany()` invocation:

{
  select: {
    id: true,
    first_name: true,
    last_name: true,
    username: true,
    email: true,
    roles: {
      select: {
        role: {
          select: {
            name: true,
            id: true
          }
        }
      }
    }
  },
  skip: 0,
  take: 10,
  orderBy: {
    roleIds: "desc",
    ~~~~~~~
?   id?: SortOrder,
?   first_name?: SortOrder,
?   last_name?: SortOrder,
?   username?: SortOrder,
?   email?: SortOrder,
?   password?: SortOrder,
?   created_at?: SortOrder,
?   roles?: User_RoleOrderByRelationAggregateInput,
?   permissions?: User_permissionOrderByRelationAggregateInput,
?   categories?: CategoryOrderByRelationAggregateInput,
?   devices?: User_deviceOrderByRelationAggregateInput,
?   _relevance?: UserOrderByRelevanceInput
  }
}

Unknown argument `roleIds`. Did you mean `roles`? Available options are marked with ?.
[2026-01-22T11:36:53.326Z] 
Invalid `prisma.user.findMany()` invocation:

{
  select: {
    id: true,
    first_name: true,
    last_name: true,
    username: true,
    email: true,
    roles: {
      select: {
        role: {
          select: {
            name: true,
            id: true
          }
        }
      }
    }
  },
  skip: 0,
  take: 10,
  orderBy: {
    roles: "asc"
           ~~~~~
  }
}

Argument `roles`: Invalid value provided. Expected User_RoleOrderByRelationAggregateInput, provided String.
[2026-01-22T11:36:53.330Z] 
Invalid `prisma.user.findMany()` invocation:

{
  select: {
    id: true,
    first_name: true,
    last_name: true,
    username: true,
    email: true,
    roles: {
      select: {
        role: {
          select: {
            name: true,
            id: true
          }
        }
      }
    }
  },
  skip: 0,
  take: 10,
  orderBy: {
    roles: "desc"
           ~~~~~~
  }
}

Argument `roles`: Invalid value provided. Expected User_RoleOrderByRelationAggregateInput, provided String.
[2026-01-22T11:36:53.459Z] 
Invalid `prisma.user.findMany()` invocation:

{
  select: {
    id: true,
    first_name: true,
    last_name: true,
    username: true,
    email: true,
    roles: {
      select: {
        role: {
          select: {
            name: true,
            id: true
          }
        }
      }
    }
  },
  skip: 0,
  take: 10,
  orderBy: {
    roleIds: "asc",
    ~~~~~~~
?   id?: SortOrder,
?   first_name?: SortOrder,
?   last_name?: SortOrder,
?   username?: SortOrder,
?   email?: SortOrder,
?   password?: SortOrder,
?   created_at?: SortOrder,
?   roles?: User_RoleOrderByRelationAggregateInput,
?   permissions?: User_permissionOrderByRelationAggregateInput,
?   categories?: CategoryOrderByRelationAggregateInput,
?   devices?: User_deviceOrderByRelationAggregateInput,
?   _relevance?: UserOrderByRelevanceInput
  }
}

Unknown argument `roleIds`. Did you mean `roles`? Available options are marked with ?.
[2026-01-22T11:36:53.465Z] 
Invalid `prisma.user.findMany()` invocation:

{
  select: {
    id: true,
    first_name: true,
    last_name: true,
    username: true,
    email: true,
    roles: {
      select: {
        role: {
          select: {
            name: true,
            id: true
          }
        }
      }
    }
  },
  skip: 0,
  take: 10,
  orderBy: {
    roleIds: "desc",
    ~~~~~~~
?   id?: SortOrder,
?   first_name?: SortOrder,
?   last_name?: SortOrder,
?   username?: SortOrder,
?   email?: SortOrder,
?   password?: SortOrder,
?   created_at?: SortOrder,
?   roles?: User_RoleOrderByRelationAggregateInput,
?   permissions?: User_permissionOrderByRelationAggregateInput,
?   categories?: CategoryOrderByRelationAggregateInput,
?   devices?: User_deviceOrderByRelationAggregateInput,
?   _relevance?: UserOrderByRelevanceInput
  }
}

Unknown argument `roleIds`. Did you mean `roles`? Available options are marked with ?.
[2026-01-22T11:36:53.475Z] 
Invalid `prisma.user.findMany()` invocation:

{
  select: {
    id: true,
    first_name: true,
    last_name: true,
    username: true,
    email: true,
    roles: {
      select: {
        role: {
          select: {
            name: true,
            id: true
          }
        }
      }
    }
  },
  skip: 0,
  take: 10,
  orderBy: {
    roles: "asc"
           ~~~~~
  }
}

Argument `roles`: Invalid value provided. Expected User_RoleOrderByRelationAggregateInput, provided String.
[2026-01-22T11:36:53.479Z] 
Invalid `prisma.user.findMany()` invocation:

{
  select: {
    id: true,
    first_name: true,
    last_name: true,
    username: true,
    email: true,
    roles: {
      select: {
        role: {
          select: {
            name: true,
            id: true
          }
        }
      }
    }
  },
  skip: 0,
  take: 10,
  orderBy: {
    roles: "desc"
           ~~~~~~
  }
}

Argument `roles`: Invalid value provided. Expected User_RoleOrderByRelationAggregateInput, provided String.
[2026-01-22T11:36:53.548Z] 
Invalid `prisma.user.findMany()` invocation:

{
  select: {
    id: true,
    first_name: true,
    last_name: true,
    username: true,
    email: true,
    roles: {
      select: {
        role: {
          select: {
            name: true,
            id: true
          }
        }
      }
    }
  },
  skip: 0,
  take: 10,
  orderBy: {
    roleIds: "asc",
    ~~~~~~~
?   id?: SortOrder,
?   first_name?: SortOrder,
?   last_name?: SortOrder,
?   username?: SortOrder,
?   email?: SortOrder,
?   password?: SortOrder,
?   created_at?: SortOrder,
?   roles?: User_RoleOrderByRelationAggregateInput,
?   permissions?: User_permissionOrderByRelationAggregateInput,
?   categories?: CategoryOrderByRelationAggregateInput,
?   devices?: User_deviceOrderByRelationAggregateInput,
?   _relevance?: UserOrderByRelevanceInput
  }
}

Unknown argument `roleIds`. Did you mean `roles`? Available options are marked with ?.
[2026-01-22T11:36:53.551Z] 
Invalid `prisma.user.findMany()` invocation:

{
  select: {
    id: true,
    first_name: true,
    last_name: true,
    username: true,
    email: true,
    roles: {
      select: {
        role: {
          select: {
            name: true,
            id: true
          }
        }
      }
    }
  },
  skip: 0,
  take: 10,
  orderBy: {
    roleIds: "desc",
    ~~~~~~~
?   id?: SortOrder,
?   first_name?: SortOrder,
?   last_name?: SortOrder,
?   username?: SortOrder,
?   email?: SortOrder,
?   password?: SortOrder,
?   created_at?: SortOrder,
?   roles?: User_RoleOrderByRelationAggregateInput,
?   permissions?: User_permissionOrderByRelationAggregateInput,
?   categories?: CategoryOrderByRelationAggregateInput,
?   devices?: User_deviceOrderByRelationAggregateInput,
?   _relevance?: UserOrderByRelevanceInput
  }
}

Unknown argument `roleIds`. Did you mean `roles`? Available options are marked with ?.
[2026-01-22T11:36:53.567Z] 
Invalid `prisma.user.findMany()` invocation:

{
  select: {
    id: true,
    first_name: true,
    last_name: true,
    username: true,
    email: true,
    roles: {
      select: {
        role: {
          select: {
            name: true,
            id: true
          }
        }
      }
    }
  },
  skip: 0,
  take: 10,
  orderBy: {
    roles: "asc"
           ~~~~~
  }
}

Argument `roles`: Invalid value provided. Expected User_RoleOrderByRelationAggregateInput, provided String.
[2026-01-22T11:36:53.571Z] 
Invalid `prisma.user.findMany()` invocation:

{
  select: {
    id: true,
    first_name: true,
    last_name: true,
    username: true,
    email: true,
    roles: {
      select: {
        role: {
          select: {
            name: true,
            id: true
          }
        }
      }
    }
  },
  skip: 0,
  take: 10,
  orderBy: {
    roles: "desc"
           ~~~~~~
  }
}

Argument `roles`: Invalid value provided. Expected User_RoleOrderByRelationAggregateInput, provided String.
[2026-01-22T11:36:53.672Z] 
Invalid `prisma.user.findMany()` invocation:

{
  select: {
    id: true,
    first_name: true,
    last_name: true,
    username: true,
    email: true,
    roles: {
      select: {
        role: {
          select: {
            name: true,
            id: true
          }
        }
      }
    }
  },
  skip: 0,
  take: 10,
  orderBy: {
    roleIds: "asc",
    ~~~~~~~
?   id?: SortOrder,
?   first_name?: SortOrder,
?   last_name?: SortOrder,
?   username?: SortOrder,
?   email?: SortOrder,
?   password?: SortOrder,
?   created_at?: SortOrder,
?   roles?: User_RoleOrderByRelationAggregateInput,
?   permissions?: User_permissionOrderByRelationAggregateInput,
?   categories?: CategoryOrderByRelationAggregateInput,
?   devices?: User_deviceOrderByRelationAggregateInput,
?   _relevance?: UserOrderByRelevanceInput
  }
}

Unknown argument `roleIds`. Did you mean `roles`? Available options are marked with ?.
[2026-01-22T11:36:53.675Z] 
Invalid `prisma.user.findMany()` invocation:

{
  select: {
    id: true,
    first_name: true,
    last_name: true,
    username: true,
    email: true,
    roles: {
      select: {
        role: {
          select: {
            name: true,
            id: true
          }
        }
      }
    }
  },
  skip: 0,
  take: 10,
  orderBy: {
    roleIds: "desc",
    ~~~~~~~
?   id?: SortOrder,
?   first_name?: SortOrder,
?   last_name?: SortOrder,
?   username?: SortOrder,
?   email?: SortOrder,
?   password?: SortOrder,
?   created_at?: SortOrder,
?   roles?: User_RoleOrderByRelationAggregateInput,
?   permissions?: User_permissionOrderByRelationAggregateInput,
?   categories?: CategoryOrderByRelationAggregateInput,
?   devices?: User_deviceOrderByRelationAggregateInput,
?   _relevance?: UserOrderByRelevanceInput
  }
}

Unknown argument `roleIds`. Did you mean `roles`? Available options are marked with ?.
[2026-01-22T11:36:53.690Z] 
Invalid `prisma.user.findMany()` invocation:

{
  select: {
    id: true,
    first_name: true,
    last_name: true,
    username: true,
    email: true,
    roles: {
      select: {
        role: {
          select: {
            name: true,
            id: true
          }
        }
      }
    }
  },
  skip: 0,
  take: 10,
  orderBy: {
    roles: "asc"
           ~~~~~
  }
}

Argument `roles`: Invalid value provided. Expected User_RoleOrderByRelationAggregateInput, provided String.
[2026-01-22T11:36:53.694Z] 
Invalid `prisma.user.findMany()` invocation:

{
  select: {
    id: true,
    first_name: true,
    last_name: true,
    username: true,
    email: true,
    roles: {
      select: {
        role: {
          select: {
            name: true,
            id: true
          }
        }
      }
    }
  },
  skip: 0,
  take: 10,
  orderBy: {
    roles: "desc"
           ~~~~~~
  }
}

Argument `roles`: Invalid value provided. Expected User_RoleOrderByRelationAggregateInput, provided String.
[2026-01-22T11:36:53.804Z] 
Invalid `prisma.user.findMany()` invocation:

{
  select: {
    id: true,
    first_name: true,
    last_name: true,
    username: true,
    email: true,
    roles: {
      select: {
        role: {
          select: {
            name: true,
            id: true
          }
        }
      }
    }
  },
  skip: 0,
  take: 10,
  orderBy: {
    roleIds: "asc",
    ~~~~~~~
?   id?: SortOrder,
?   first_name?: SortOrder,
?   last_name?: SortOrder,
?   username?: SortOrder,
?   email?: SortOrder,
?   password?: SortOrder,
?   created_at?: SortOrder,
?   roles?: User_RoleOrderByRelationAggregateInput,
?   permissions?: User_permissionOrderByRelationAggregateInput,
?   categories?: CategoryOrderByRelationAggregateInput,
?   devices?: User_deviceOrderByRelationAggregateInput,
?   _relevance?: UserOrderByRelevanceInput
  }
}

Unknown argument `roleIds`. Did you mean `roles`? Available options are marked with ?.
[2026-01-22T11:36:53.808Z] 
Invalid `prisma.user.findMany()` invocation:

{
  select: {
    id: true,
    first_name: true,
    last_name: true,
    username: true,
    email: true,
    roles: {
      select: {
        role: {
          select: {
            name: true,
            id: true
          }
        }
      }
    }
  },
  skip: 0,
  take: 10,
  orderBy: {
    roleIds: "desc",
    ~~~~~~~
?   id?: SortOrder,
?   first_name?: SortOrder,
?   last_name?: SortOrder,
?   username?: SortOrder,
?   email?: SortOrder,
?   password?: SortOrder,
?   created_at?: SortOrder,
?   roles?: User_RoleOrderByRelationAggregateInput,
?   permissions?: User_permissionOrderByRelationAggregateInput,
?   categories?: CategoryOrderByRelationAggregateInput,
?   devices?: User_deviceOrderByRelationAggregateInput,
?   _relevance?: UserOrderByRelevanceInput
  }
}

Unknown argument `roleIds`. Did you mean `roles`? Available options are marked with ?.
[2026-01-22T11:36:53.823Z] 
Invalid `prisma.user.findMany()` invocation:

{
  select: {
    id: true,
    first_name: true,
    last_name: true,
    username: true,
    email: true,
    roles: {
      select: {
        role: {
          select: {
            name: true,
            id: true
          }
        }
      }
    }
  },
  skip: 0,
  take: 10,
  orderBy: {
    roles: "asc"
           ~~~~~
  }
}

Argument `roles`: Invalid value provided. Expected User_RoleOrderByRelationAggregateInput, provided String.
[2026-01-22T11:36:53.826Z] 
Invalid `prisma.user.findMany()` invocation:

{
  select: {
    id: true,
    first_name: true,
    last_name: true,
    username: true,
    email: true,
    roles: {
      select: {
        role: {
          select: {
            name: true,
            id: true
          }
        }
      }
    }
  },
  skip: 0,
  take: 10,
  orderBy: {
    roles: "desc"
           ~~~~~~
  }
}

Argument `roles`: Invalid value provided. Expected User_RoleOrderByRelationAggregateInput, provided String.
[2026-01-22T11:36:53.932Z] 
Invalid `prisma.user.findMany()` invocation:

{
  select: {
    id: true,
    first_name: true,
    last_name: true,
    username: true,
    email: true,
    roles: {
      select: {
        role: {
          select: {
            name: true,
            id: true
          }
        }
      }
    }
  },
  skip: 0,
  take: 10,
  orderBy: {
    roleIds: "asc",
    ~~~~~~~
?   id?: SortOrder,
?   first_name?: SortOrder,
?   last_name?: SortOrder,
?   username?: SortOrder,
?   email?: SortOrder,
?   password?: SortOrder,
?   created_at?: SortOrder,
?   roles?: User_RoleOrderByRelationAggregateInput,
?   permissions?: User_permissionOrderByRelationAggregateInput,
?   categories?: CategoryOrderByRelationAggregateInput,
?   devices?: User_deviceOrderByRelationAggregateInput,
?   _relevance?: UserOrderByRelevanceInput
  }
}

Unknown argument `roleIds`. Did you mean `roles`? Available options are marked with ?.
[2026-01-22T11:36:53.935Z] 
Invalid `prisma.user.findMany()` invocation:

{
  select: {
    id: true,
    first_name: true,
    last_name: true,
    username: true,
    email: true,
    roles: {
      select: {
        role: {
          select: {
            name: true,
            id: true
          }
        }
      }
    }
  },
  skip: 0,
  take: 10,
  orderBy: {
    roleIds: "desc",
    ~~~~~~~
?   id?: SortOrder,
?   first_name?: SortOrder,
?   last_name?: SortOrder,
?   username?: SortOrder,
?   email?: SortOrder,
?   password?: SortOrder,
?   created_at?: SortOrder,
?   roles?: User_RoleOrderByRelationAggregateInput,
?   permissions?: User_permissionOrderByRelationAggregateInput,
?   categories?: CategoryOrderByRelationAggregateInput,
?   devices?: User_deviceOrderByRelationAggregateInput,
?   _relevance?: UserOrderByRelevanceInput
  }
}

Unknown argument `roleIds`. Did you mean `roles`? Available options are marked with ?.
[2026-01-22T11:36:53.949Z] 
Invalid `prisma.user.findMany()` invocation:

{
  select: {
    id: true,
    first_name: true,
    last_name: true,
    username: true,
    email: true,
    roles: {
      select: {
        role: {
          select: {
            name: true,
            id: true
          }
        }
      }
    }
  },
  skip: 0,
  take: 10,
  orderBy: {
    roles: "asc"
           ~~~~~
  }
}

Argument `roles`: Invalid value provided. Expected User_RoleOrderByRelationAggregateInput, provided String.
[2026-01-22T11:36:53.952Z] 
Invalid `prisma.user.findMany()` invocation:

{
  select: {
    id: true,
    first_name: true,
    last_name: true,
    username: true,
    email: true,
    roles: {
      select: {
        role: {
          select: {
            name: true,
            id: true
          }
        }
      }
    }
  },
  skip: 0,
  take: 10,
  orderBy: {
    roles: "desc"
           ~~~~~~
  }
}

Argument `roles`: Invalid value provided. Expected User_RoleOrderByRelationAggregateInput, provided String.
[2026-01-22T11:36:54.039Z] 
Invalid `prisma.user.findMany()` invocation:

{
  select: {
    id: true,
    first_name: true,
    last_name: true,
    username: true,
    email: true,
    roles: {
      select: {
        role: {
          select: {
            name: true,
            id: true
          }
        }
      }
    }
  },
  skip: 0,
  take: 10,
  orderBy: {
    roleIds: "asc",
    ~~~~~~~
?   id?: SortOrder,
?   first_name?: SortOrder,
?   last_name?: SortOrder,
?   username?: SortOrder,
?   email?: SortOrder,
?   password?: SortOrder,
?   created_at?: SortOrder,
?   roles?: User_RoleOrderByRelationAggregateInput,
?   permissions?: User_permissionOrderByRelationAggregateInput,
?   categories?: CategoryOrderByRelationAggregateInput,
?   devices?: User_deviceOrderByRelationAggregateInput,
?   _relevance?: UserOrderByRelevanceInput
  }
}

Unknown argument `roleIds`. Did you mean `roles`? Available options are marked with ?.
[2026-01-22T11:36:54.042Z] 
Invalid `prisma.user.findMany()` invocation:

{
  select: {
    id: true,
    first_name: true,
    last_name: true,
    username: true,
    email: true,
    roles: {
      select: {
        role: {
          select: {
            name: true,
            id: true
          }
        }
      }
    }
  },
  skip: 0,
  take: 10,
  orderBy: {
    roleIds: "desc",
    ~~~~~~~
?   id?: SortOrder,
?   first_name?: SortOrder,
?   last_name?: SortOrder,
?   username?: SortOrder,
?   email?: SortOrder,
?   password?: SortOrder,
?   created_at?: SortOrder,
?   roles?: User_RoleOrderByRelationAggregateInput,
?   permissions?: User_permissionOrderByRelationAggregateInput,
?   categories?: CategoryOrderByRelationAggregateInput,
?   devices?: User_deviceOrderByRelationAggregateInput,
?   _relevance?: UserOrderByRelevanceInput
  }
}

Unknown argument `roleIds`. Did you mean `roles`? Available options are marked with ?.
[2026-01-22T11:36:54.057Z] 
Invalid `prisma.user.findMany()` invocation:

{
  select: {
    id: true,
    first_name: true,
    last_name: true,
    username: true,
    email: true,
    roles: {
      select: {
        role: {
          select: {
            name: true,
            id: true
          }
        }
      }
    }
  },
  skip: 0,
  take: 10,
  orderBy: {
    roles: "asc"
           ~~~~~
  }
}

Argument `roles`: Invalid value provided. Expected User_RoleOrderByRelationAggregateInput, provided String.
[2026-01-22T11:36:54.061Z] 
Invalid `prisma.user.findMany()` invocation:

{
  select: {
    id: true,
    first_name: true,
    last_name: true,
    username: true,
    email: true,
    roles: {
      select: {
        role: {
          select: {
            name: true,
            id: true
          }
        }
      }
    }
  },
  skip: 0,
  take: 10,
  orderBy: {
    roles: "desc"
           ~~~~~~
  }
}

Argument `roles`: Invalid value provided. Expected User_RoleOrderByRelationAggregateInput, provided String.
[2026-01-22T11:36:54.158Z] 
Invalid `prisma.user.findMany()` invocation:

{
  select: {
    id: true,
    first_name: true,
    last_name: true,
    username: true,
    email: true,
    roles: {
      select: {
        role: {
          select: {
            name: true,
            id: true
          }
        }
      }
    }
  },
  skip: 0,
  take: 10,
  orderBy: {
    roleIds: "asc",
    ~~~~~~~
?   id?: SortOrder,
?   first_name?: SortOrder,
?   last_name?: SortOrder,
?   username?: SortOrder,
?   email?: SortOrder,
?   password?: SortOrder,
?   created_at?: SortOrder,
?   roles?: User_RoleOrderByRelationAggregateInput,
?   permissions?: User_permissionOrderByRelationAggregateInput,
?   categories?: CategoryOrderByRelationAggregateInput,
?   devices?: User_deviceOrderByRelationAggregateInput,
?   _relevance?: UserOrderByRelevanceInput
  }
}

Unknown argument `roleIds`. Did you mean `roles`? Available options are marked with ?.
[2026-01-22T11:36:54.163Z] 
Invalid `prisma.user.findMany()` invocation:

{
  select: {
    id: true,
    first_name: true,
    last_name: true,
    username: true,
    email: true,
    roles: {
      select: {
        role: {
          select: {
            name: true,
            id: true
          }
        }
      }
    }
  },
  skip: 0,
  take: 10,
  orderBy: {
    roleIds: "desc",
    ~~~~~~~
?   id?: SortOrder,
?   first_name?: SortOrder,
?   last_name?: SortOrder,
?   username?: SortOrder,
?   email?: SortOrder,
?   password?: SortOrder,
?   created_at?: SortOrder,
?   roles?: User_RoleOrderByRelationAggregateInput,
?   permissions?: User_permissionOrderByRelationAggregateInput,
?   categories?: CategoryOrderByRelationAggregateInput,
?   devices?: User_deviceOrderByRelationAggregateInput,
?   _relevance?: UserOrderByRelevanceInput
  }
}

Unknown argument `roleIds`. Did you mean `roles`? Available options are marked with ?.
[2026-01-22T11:36:54.185Z] 
Invalid `prisma.user.findMany()` invocation:

{
  select: {
    id: true,
    first_name: true,
    last_name: true,
    username: true,
    email: true,
    roles: {
      select: {
        role: {
          select: {
            name: true,
            id: true
          }
        }
      }
    }
  },
  skip: 0,
  take: 10,
  orderBy: {
    roles: "asc"
           ~~~~~
  }
}

Argument `roles`: Invalid value provided. Expected User_RoleOrderByRelationAggregateInput, provided String.
[2026-01-22T11:36:54.188Z] 
Invalid `prisma.user.findMany()` invocation:

{
  select: {
    id: true,
    first_name: true,
    last_name: true,
    username: true,
    email: true,
    roles: {
      select: {
        role: {
          select: {
            name: true,
            id: true
          }
        }
      }
    }
  },
  skip: 0,
  take: 10,
  orderBy: {
    roles: "desc"
           ~~~~~~
  }
}

Argument `roles`: Invalid value provided. Expected User_RoleOrderByRelationAggregateInput, provided String.
[2026-01-22T11:36:54.305Z] 
Invalid `prisma.user.findMany()` invocation:

{
  select: {
    id: true,
    first_name: true,
    last_name: true,
    username: true,
    email: true,
    roles: {
      select: {
        role: {
          select: {
            name: true,
            id: true
          }
        }
      }
    }
  },
  skip: 0,
  take: 10,
  orderBy: {
    roleIds: "asc",
    ~~~~~~~
?   id?: SortOrder,
?   first_name?: SortOrder,
?   last_name?: SortOrder,
?   username?: SortOrder,
?   email?: SortOrder,
?   password?: SortOrder,
?   created_at?: SortOrder,
?   roles?: User_RoleOrderByRelationAggregateInput,
?   permissions?: User_permissionOrderByRelationAggregateInput,
?   categories?: CategoryOrderByRelationAggregateInput,
?   devices?: User_deviceOrderByRelationAggregateInput,
?   _relevance?: UserOrderByRelevanceInput
  }
}

Unknown argument `roleIds`. Did you mean `roles`? Available options are marked with ?.
[2026-01-22T11:36:54.311Z] 
Invalid `prisma.user.findMany()` invocation:

{
  select: {
    id: true,
    first_name: true,
    last_name: true,
    username: true,
    email: true,
    roles: {
      select: {
        role: {
          select: {
            name: true,
            id: true
          }
        }
      }
    }
  },
  skip: 0,
  take: 10,
  orderBy: {
    roleIds: "desc",
    ~~~~~~~
?   id?: SortOrder,
?   first_name?: SortOrder,
?   last_name?: SortOrder,
?   username?: SortOrder,
?   email?: SortOrder,
?   password?: SortOrder,
?   created_at?: SortOrder,
?   roles?: User_RoleOrderByRelationAggregateInput,
?   permissions?: User_permissionOrderByRelationAggregateInput,
?   categories?: CategoryOrderByRelationAggregateInput,
?   devices?: User_deviceOrderByRelationAggregateInput,
?   _relevance?: UserOrderByRelevanceInput
  }
}

Unknown argument `roleIds`. Did you mean `roles`? Available options are marked with ?.
[2026-01-22T11:36:54.350Z] 
Invalid `prisma.user.findMany()` invocation:

{
  select: {
    id: true,
    first_name: true,
    last_name: true,
    username: true,
    email: true,
    roles: {
      select: {
        role: {
          select: {
            name: true,
            id: true
          }
        }
      }
    }
  },
  skip: 0,
  take: 10,
  orderBy: {
    roles: "asc"
           ~~~~~
  }
}

Argument `roles`: Invalid value provided. Expected User_RoleOrderByRelationAggregateInput, provided String.
[2026-01-22T11:36:54.354Z] 
Invalid `prisma.user.findMany()` invocation:

{
  select: {
    id: true,
    first_name: true,
    last_name: true,
    username: true,
    email: true,
    roles: {
      select: {
        role: {
          select: {
            name: true,
            id: true
          }
        }
      }
    }
  },
  skip: 0,
  take: 10,
  orderBy: {
    roles: "desc"
           ~~~~~~
  }
}

Argument `roles`: Invalid value provided. Expected User_RoleOrderByRelationAggregateInput, provided String.
[2026-01-22T11:36:54.437Z] 
Invalid `prisma.user.findMany()` invocation:

{
  select: {
    id: true,
    first_name: true,
    last_name: true,
    username: true,
    email: true,
    roles: {
      select: {
        role: {
          select: {
            name: true,
            id: true
          }
        }
      }
    }
  },
  skip: 0,
  take: 10,
  orderBy: {
    roleIds: "asc",
    ~~~~~~~
?   id?: SortOrder,
?   first_name?: SortOrder,
?   last_name?: SortOrder,
?   username?: SortOrder,
?   email?: SortOrder,
?   password?: SortOrder,
?   created_at?: SortOrder,
?   roles?: User_RoleOrderByRelationAggregateInput,
?   permissions?: User_permissionOrderByRelationAggregateInput,
?   categories?: CategoryOrderByRelationAggregateInput,
?   devices?: User_deviceOrderByRelationAggregateInput,
?   _relevance?: UserOrderByRelevanceInput
  }
}

Unknown argument `roleIds`. Did you mean `roles`? Available options are marked with ?.
[2026-01-22T11:36:54.443Z] 
Invalid `prisma.user.findMany()` invocation:

{
  select: {
    id: true,
    first_name: true,
    last_name: true,
    username: true,
    email: true,
    roles: {
      select: {
        role: {
          select: {
            name: true,
            id: true
          }
        }
      }
    }
  },
  skip: 0,
  take: 10,
  orderBy: {
    roleIds: "desc",
    ~~~~~~~
?   id?: SortOrder,
?   first_name?: SortOrder,
?   last_name?: SortOrder,
?   username?: SortOrder,
?   email?: SortOrder,
?   password?: SortOrder,
?   created_at?: SortOrder,
?   roles?: User_RoleOrderByRelationAggregateInput,
?   permissions?: User_permissionOrderByRelationAggregateInput,
?   categories?: CategoryOrderByRelationAggregateInput,
?   devices?: User_deviceOrderByRelationAggregateInput,
?   _relevance?: UserOrderByRelevanceInput
  }
}

Unknown argument `roleIds`. Did you mean `roles`? Available options are marked with ?.
[2026-01-22T11:36:54.487Z] 
Invalid `prisma.user.findMany()` invocation:

{
  select: {
    id: true,
    first_name: true,
    last_name: true,
    username: true,
    email: true,
    roles: {
      select: {
        role: {
          select: {
            name: true,
            id: true
          }
        }
      }
    }
  },
  skip: 0,
  take: 10,
  orderBy: {
    roles: "asc"
           ~~~~~
  }
}

Argument `roles`: Invalid value provided. Expected User_RoleOrderByRelationAggregateInput, provided String.
[2026-01-22T11:36:54.500Z] 
Invalid `prisma.user.findMany()` invocation:

{
  select: {
    id: true,
    first_name: true,
    last_name: true,
    username: true,
    email: true,
    roles: {
      select: {
        role: {
          select: {
            name: true,
            id: true
          }
        }
      }
    }
  },
  skip: 0,
  take: 10,
  orderBy: {
    roles: "desc"
           ~~~~~~
  }
}

Argument `roles`: Invalid value provided. Expected User_RoleOrderByRelationAggregateInput, provided String.
[2026-01-22T11:36:54.635Z] 
Invalid `prisma.user.findMany()` invocation:

{
  select: {
    id: true,
    first_name: true,
    last_name: true,
    username: true,
    email: true,
    roles: {
      select: {
        role: {
          select: {
            name: true,
            id: true
          }
        }
      }
    }
  },
  skip: 0,
  take: 10,
  orderBy: {
    roleIds: "asc",
    ~~~~~~~
?   id?: SortOrder,
?   first_name?: SortOrder,
?   last_name?: SortOrder,
?   username?: SortOrder,
?   email?: SortOrder,
?   password?: SortOrder,
?   created_at?: SortOrder,
?   roles?: User_RoleOrderByRelationAggregateInput,
?   permissions?: User_permissionOrderByRelationAggregateInput,
?   categories?: CategoryOrderByRelationAggregateInput,
?   devices?: User_deviceOrderByRelationAggregateInput,
?   _relevance?: UserOrderByRelevanceInput
  }
}

Unknown argument `roleIds`. Did you mean `roles`? Available options are marked with ?.
[2026-01-22T11:36:54.642Z] 
Invalid `prisma.user.findMany()` invocation:

{
  select: {
    id: true,
    first_name: true,
    last_name: true,
    username: true,
    email: true,
    roles: {
      select: {
        role: {
          select: {
            name: true,
            id: true
          }
        }
      }
    }
  },
  skip: 0,
  take: 10,
  orderBy: {
    roleIds: "desc",
    ~~~~~~~
?   id?: SortOrder,
?   first_name?: SortOrder,
?   last_name?: SortOrder,
?   username?: SortOrder,
?   email?: SortOrder,
?   password?: SortOrder,
?   created_at?: SortOrder,
?   roles?: User_RoleOrderByRelationAggregateInput,
?   permissions?: User_permissionOrderByRelationAggregateInput,
?   categories?: CategoryOrderByRelationAggregateInput,
?   devices?: User_deviceOrderByRelationAggregateInput,
?   _relevance?: UserOrderByRelevanceInput
  }
}

Unknown argument `roleIds`. Did you mean `roles`? Available options are marked with ?.
[2026-01-22T11:36:54.686Z] 
Invalid `prisma.user.findMany()` invocation:

{
  select: {
    id: true,
    first_name: true,
    last_name: true,
    username: true,
    email: true,
    roles: {
      select: {
        role: {
          select: {
            name: true,
            id: true
          }
        }
      }
    }
  },
  skip: 0,
  take: 10,
  orderBy: {
    roles: "asc"
           ~~~~~
  }
}

Argument `roles`: Invalid value provided. Expected User_RoleOrderByRelationAggregateInput, provided String.
[2026-01-22T11:36:54.695Z] 
Invalid `prisma.user.findMany()` invocation:

{
  select: {
    id: true,
    first_name: true,
    last_name: true,
    username: true,
    email: true,
    roles: {
      select: {
        role: {
          select: {
            name: true,
            id: true
          }
        }
      }
    }
  },
  skip: 0,
  take: 10,
  orderBy: {
    roles: "desc"
           ~~~~~~
  }
}

Argument `roles`: Invalid value provided. Expected User_RoleOrderByRelationAggregateInput, provided String.
[2026-01-22T11:36:54.797Z] 
Invalid `prisma.user.findMany()` invocation:

{
  select: {
    id: true,
    first_name: true,
    last_name: true,
    username: true,
    email: true,
    roles: {
      select: {
        role: {
          select: {
            name: true,
            id: true
          }
        }
      }
    }
  },
  skip: 0,
  take: 10,
  orderBy: {
    roleIds: "asc",
    ~~~~~~~
?   id?: SortOrder,
?   first_name?: SortOrder,
?   last_name?: SortOrder,
?   username?: SortOrder,
?   email?: SortOrder,
?   password?: SortOrder,
?   created_at?: SortOrder,
?   roles?: User_RoleOrderByRelationAggregateInput,
?   permissions?: User_permissionOrderByRelationAggregateInput,
?   categories?: CategoryOrderByRelationAggregateInput,
?   devices?: User_deviceOrderByRelationAggregateInput,
?   _relevance?: UserOrderByRelevanceInput
  }
}

Unknown argument `roleIds`. Did you mean `roles`? Available options are marked with ?.
[2026-01-22T11:36:54.807Z] 
Invalid `prisma.user.findMany()` invocation:

{
  select: {
    id: true,
    first_name: true,
    last_name: true,
    username: true,
    email: true,
    roles: {
      select: {
        role: {
          select: {
            name: true,
            id: true
          }
        }
      }
    }
  },
  skip: 0,
  take: 10,
  orderBy: {
    roleIds: "desc",
    ~~~~~~~
?   id?: SortOrder,
?   first_name?: SortOrder,
?   last_name?: SortOrder,
?   username?: SortOrder,
?   email?: SortOrder,
?   password?: SortOrder,
?   created_at?: SortOrder,
?   roles?: User_RoleOrderByRelationAggregateInput,
?   permissions?: User_permissionOrderByRelationAggregateInput,
?   categories?: CategoryOrderByRelationAggregateInput,
?   devices?: User_deviceOrderByRelationAggregateInput,
?   _relevance?: UserOrderByRelevanceInput
  }
}

Unknown argument `roleIds`. Did you mean `roles`? Available options are marked with ?.
[2026-01-22T11:36:54.869Z] 
Invalid `prisma.user.findMany()` invocation:

{
  select: {
    id: true,
    first_name: true,
    last_name: true,
    username: true,
    email: true,
    roles: {
      select: {
        role: {
          select: {
            name: true,
            id: true
          }
        }
      }
    }
  },
  skip: 0,
  take: 10,
  orderBy: {
    roles: "asc"
           ~~~~~
  }
}

Argument `roles`: Invalid value provided. Expected User_RoleOrderByRelationAggregateInput, provided String.
[2026-01-22T11:36:54.879Z] 
Invalid `prisma.user.findMany()` invocation:

{
  select: {
    id: true,
    first_name: true,
    last_name: true,
    username: true,
    email: true,
    roles: {
      select: {
        role: {
          select: {
            name: true,
            id: true
          }
        }
      }
    }
  },
  skip: 0,
  take: 10,
  orderBy: {
    roles: "desc"
           ~~~~~~
  }
}

Argument `roles`: Invalid value provided. Expected User_RoleOrderByRelationAggregateInput, provided String.
[2026-01-22T11:36:55.065Z] 
Invalid `prisma.user.findMany()` invocation:

{
  select: {
    id: true,
    first_name: true,
    last_name: true,
    username: true,
    email: true,
    roles: {
      select: {
        role: {
          select: {
            name: true,
            id: true
          }
        }
      }
    }
  },
  skip: 0,
  take: 10,
  orderBy: {
    roleIds: "asc",
    ~~~~~~~
?   id?: SortOrder,
?   first_name?: SortOrder,
?   last_name?: SortOrder,
?   username?: SortOrder,
?   email?: SortOrder,
?   password?: SortOrder,
?   created_at?: SortOrder,
?   roles?: User_RoleOrderByRelationAggregateInput,
?   permissions?: User_permissionOrderByRelationAggregateInput,
?   categories?: CategoryOrderByRelationAggregateInput,
?   devices?: User_deviceOrderByRelationAggregateInput,
?   _relevance?: UserOrderByRelevanceInput
  }
}

Unknown argument `roleIds`. Did you mean `roles`? Available options are marked with ?.
[2026-01-22T11:36:55.081Z] 
Invalid `prisma.user.findMany()` invocation:

{
  select: {
    id: true,
    first_name: true,
    last_name: true,
    username: true,
    email: true,
    roles: {
      select: {
        role: {
          select: {
            name: true,
            id: true
          }
        }
      }
    }
  },
  skip: 0,
  take: 10,
  orderBy: {
    roleIds: "desc",
    ~~~~~~~
?   id?: SortOrder,
?   first_name?: SortOrder,
?   last_name?: SortOrder,
?   username?: SortOrder,
?   email?: SortOrder,
?   password?: SortOrder,
?   created_at?: SortOrder,
?   roles?: User_RoleOrderByRelationAggregateInput,
?   permissions?: User_permissionOrderByRelationAggregateInput,
?   categories?: CategoryOrderByRelationAggregateInput,
?   devices?: User_deviceOrderByRelationAggregateInput,
?   _relevance?: UserOrderByRelevanceInput
  }
}

Unknown argument `roleIds`. Did you mean `roles`? Available options are marked with ?.
[2026-01-22T11:36:55.147Z] 
Invalid `prisma.user.findMany()` invocation:

{
  select: {
    id: true,
    first_name: true,
    last_name: true,
    username: true,
    email: true,
    roles: {
      select: {
        role: {
          select: {
            name: true,
            id: true
          }
        }
      }
    }
  },
  skip: 0,
  take: 10,
  orderBy: {
    roles: "asc"
           ~~~~~
  }
}

Argument `roles`: Invalid value provided. Expected User_RoleOrderByRelationAggregateInput, provided String.
[2026-01-22T11:36:55.175Z] 
Invalid `prisma.user.findMany()` invocation:

{
  select: {
    id: true,
    first_name: true,
    last_name: true,
    username: true,
    email: true,
    roles: {
      select: {
        role: {
          select: {
            name: true,
            id: true
          }
        }
      }
    }
  },
  skip: 0,
  take: 10,
  orderBy: {
    roles: "desc"
           ~~~~~~
  }
}

Argument `roles`: Invalid value provided. Expected User_RoleOrderByRelationAggregateInput, provided String.
[2026-01-22T11:36:55.289Z] 
Invalid `prisma.user.findMany()` invocation:

{
  select: {
    id: true,
    first_name: true,
    last_name: true,
    username: true,
    email: true,
    roles: {
      select: {
        role: {
          select: {
            name: true,
            id: true
          }
        }
      }
    }
  },
  skip: 0,
  take: 10,
  orderBy: {
    roleIds: "asc",
    ~~~~~~~
?   id?: SortOrder,
?   first_name?: SortOrder,
?   last_name?: SortOrder,
?   username?: SortOrder,
?   email?: SortOrder,
?   password?: SortOrder,
?   created_at?: SortOrder,
?   roles?: User_RoleOrderByRelationAggregateInput,
?   permissions?: User_permissionOrderByRelationAggregateInput,
?   categories?: CategoryOrderByRelationAggregateInput,
?   devices?: User_deviceOrderByRelationAggregateInput,
?   _relevance?: UserOrderByRelevanceInput
  }
}

Unknown argument `roleIds`. Did you mean `roles`? Available options are marked with ?.
[2026-01-22T11:36:55.299Z] 
Invalid `prisma.user.findMany()` invocation:

{
  select: {
    id: true,
    first_name: true,
    last_name: true,
    username: true,
    email: true,
    roles: {
      select: {
        role: {
          select: {
            name: true,
            id: true
          }
        }
      }
    }
  },
  skip: 0,
  take: 10,
  orderBy: {
    roleIds: "desc",
    ~~~~~~~
?   id?: SortOrder,
?   first_name?: SortOrder,
?   last_name?: SortOrder,
?   username?: SortOrder,
?   email?: SortOrder,
?   password?: SortOrder,
?   created_at?: SortOrder,
?   roles?: User_RoleOrderByRelationAggregateInput,
?   permissions?: User_permissionOrderByRelationAggregateInput,
?   categories?: CategoryOrderByRelationAggregateInput,
?   devices?: User_deviceOrderByRelationAggregateInput,
?   _relevance?: UserOrderByRelevanceInput
  }
}

Unknown argument `roleIds`. Did you mean `roles`? Available options are marked with ?.
[2026-01-22T11:36:55.302Z] 
Invalid `prisma.user.findMany()` invocation:

{
  select: {
    id: true,
    first_name: true,
    last_name: true,
    username: true,
    email: true,
    roles: {
      select: {
        role: {
          select: {
            name: true,
            id: true
          }
        }
      }
    }
  },
  skip: 0,
  take: 10,
  orderBy: {
    roles: "asc"
           ~~~~~
  }
}

Argument `roles`: Invalid value provided. Expected User_RoleOrderByRelationAggregateInput, provided String.
[2026-01-22T11:36:55.314Z] 
Invalid `prisma.user.findMany()` invocation:

{
  select: {
    id: true,
    first_name: true,
    last_name: true,
    username: true,
    email: true,
    roles: {
      select: {
        role: {
          select: {
            name: true,
            id: true
          }
        }
      }
    }
  },
  skip: 0,
  take: 10,
  orderBy: {
    roles: "desc"
           ~~~~~~
  }
}

Argument `roles`: Invalid value provided. Expected User_RoleOrderByRelationAggregateInput, provided String.
[2026-01-22T11:36:55.383Z] 
Invalid `prisma.user.findMany()` invocation:

{
  select: {
    id: true,
    first_name: true,
    last_name: true,
    username: true,
    email: true,
    roles: {
      select: {
        role: {
          select: {
            name: true,
            id: true
          }
        }
      }
    }
  },
  skip: 0,
  take: 10,
  orderBy: {
    roleIds: "asc",
    ~~~~~~~
?   id?: SortOrder,
?   first_name?: SortOrder,
?   last_name?: SortOrder,
?   username?: SortOrder,
?   email?: SortOrder,
?   password?: SortOrder,
?   created_at?: SortOrder,
?   roles?: User_RoleOrderByRelationAggregateInput,
?   permissions?: User_permissionOrderByRelationAggregateInput,
?   categories?: CategoryOrderByRelationAggregateInput,
?   devices?: User_deviceOrderByRelationAggregateInput,
?   _relevance?: UserOrderByRelevanceInput
  }
}

Unknown argument `roleIds`. Did you mean `roles`? Available options are marked with ?.
[2026-01-22T11:36:55.396Z] 
Invalid `prisma.user.findMany()` invocation:

{
  select: {
    id: true,
    first_name: true,
    last_name: true,
    username: true,
    email: true,
    roles: {
      select: {
        role: {
          select: {
            name: true,
            id: true
          }
        }
      }
    }
  },
  skip: 0,
  take: 10,
  orderBy: {
    roleIds: "desc",
    ~~~~~~~
?   id?: SortOrder,
?   first_name?: SortOrder,
?   last_name?: SortOrder,
?   username?: SortOrder,
?   email?: SortOrder,
?   password?: SortOrder,
?   created_at?: SortOrder,
?   roles?: User_RoleOrderByRelationAggregateInput,
?   permissions?: User_permissionOrderByRelationAggregateInput,
?   categories?: CategoryOrderByRelationAggregateInput,
?   devices?: User_deviceOrderByRelationAggregateInput,
?   _relevance?: UserOrderByRelevanceInput
  }
}

Unknown argument `roleIds`. Did you mean `roles`? Available options are marked with ?.
[2026-01-22T11:36:55.412Z] 
Invalid `prisma.user.findMany()` invocation:

{
  select: {
    id: true,
    first_name: true,
    last_name: true,
    username: true,
    email: true,
    roles: {
      select: {
        role: {
          select: {
            name: true,
            id: true
          }
        }
      }
    }
  },
  skip: 0,
  take: 10,
  orderBy: {
    roles: "asc"
           ~~~~~
  }
}

Argument `roles`: Invalid value provided. Expected User_RoleOrderByRelationAggregateInput, provided String.
[2026-01-22T11:36:55.429Z] 
Invalid `prisma.user.findMany()` invocation:

{
  select: {
    id: true,
    first_name: true,
    last_name: true,
    username: true,
    email: true,
    roles: {
      select: {
        role: {
          select: {
            name: true,
            id: true
          }
        }
      }
    }
  },
  skip: 0,
  take: 10,
  orderBy: {
    roles: "desc"
           ~~~~~~
  }
}

Argument `roles`: Invalid value provided. Expected User_RoleOrderByRelationAggregateInput, provided String.
[2026-01-22T11:36:55.483Z] 
Invalid `prisma.user.findMany()` invocation:

{
  select: {
    id: true,
    first_name: true,
    last_name: true,
    username: true,
    email: true,
    roles: {
      select: {
        role: {
          select: {
            name: true,
            id: true
          }
        }
      }
    }
  },
  skip: 0,
  take: 10,
  orderBy: {
    roleIds: "asc",
    ~~~~~~~
?   id?: SortOrder,
?   first_name?: SortOrder,
?   last_name?: SortOrder,
?   username?: SortOrder,
?   email?: SortOrder,
?   password?: SortOrder,
?   created_at?: SortOrder,
?   roles?: User_RoleOrderByRelationAggregateInput,
?   permissions?: User_permissionOrderByRelationAggregateInput,
?   categories?: CategoryOrderByRelationAggregateInput,
?   devices?: User_deviceOrderByRelationAggregateInput,
?   _relevance?: UserOrderByRelevanceInput
  }
}

Unknown argument `roleIds`. Did you mean `roles`? Available options are marked with ?.
[2026-01-22T11:36:55.487Z] 
Invalid `prisma.user.findMany()` invocation:

{
  select: {
    id: true,
    first_name: true,
    last_name: true,
    username: true,
    email: true,
    roles: {
      select: {
        role: {
          select: {
            name: true,
            id: true
          }
        }
      }
    }
  },
  skip: 0,
  take: 10,
  orderBy: {
    roleIds: "desc",
    ~~~~~~~
?   id?: SortOrder,
?   first_name?: SortOrder,
?   last_name?: SortOrder,
?   username?: SortOrder,
?   email?: SortOrder,
?   password?: SortOrder,
?   created_at?: SortOrder,
?   roles?: User_RoleOrderByRelationAggregateInput,
?   permissions?: User_permissionOrderByRelationAggregateInput,
?   categories?: CategoryOrderByRelationAggregateInput,
?   devices?: User_deviceOrderByRelationAggregateInput,
?   _relevance?: UserOrderByRelevanceInput
  }
}

Unknown argument `roleIds`. Did you mean `roles`? Available options are marked with ?.
[2026-01-22T11:36:55.518Z] 
Invalid `prisma.user.findMany()` invocation:

{
  select: {
    id: true,
    first_name: true,
    last_name: true,
    username: true,
    email: true,
    roles: {
      select: {
        role: {
          select: {
            name: true,
            id: true
          }
        }
      }
    }
  },
  skip: 0,
  take: 10,
  orderBy: {
    roles: "asc"
           ~~~~~
  }
}

Argument `roles`: Invalid value provided. Expected User_RoleOrderByRelationAggregateInput, provided String.
[2026-01-22T11:36:55.521Z] 
Invalid `prisma.user.findMany()` invocation:

{
  select: {
    id: true,
    first_name: true,
    last_name: true,
    username: true,
    email: true,
    roles: {
      select: {
        role: {
          select: {
            name: true,
            id: true
          }
        }
      }
    }
  },
  skip: 0,
  take: 10,
  orderBy: {
    roles: "desc"
           ~~~~~~
  }
}

Argument `roles`: Invalid value provided. Expected User_RoleOrderByRelationAggregateInput, provided String.
[2026-01-22T11:36:55.578Z] 
Invalid `prisma.user.findMany()` invocation:

{
  select: {
    id: true,
    first_name: true,
    last_name: true,
    username: true,
    email: true,
    roles: {
      select: {
        role: {
          select: {
            name: true,
            id: true
          }
        }
      }
    }
  },
  skip: 0,
  take: 10,
  orderBy: {
    roleIds: "asc",
    ~~~~~~~
?   id?: SortOrder,
?   first_name?: SortOrder,
?   last_name?: SortOrder,
?   username?: SortOrder,
?   email?: SortOrder,
?   password?: SortOrder,
?   created_at?: SortOrder,
?   roles?: User_RoleOrderByRelationAggregateInput,
?   permissions?: User_permissionOrderByRelationAggregateInput,
?   categories?: CategoryOrderByRelationAggregateInput,
?   devices?: User_deviceOrderByRelationAggregateInput,
?   _relevance?: UserOrderByRelevanceInput
  }
}

Unknown argument `roleIds`. Did you mean `roles`? Available options are marked with ?.
[2026-01-22T11:36:55.580Z] 
Invalid `prisma.user.findMany()` invocation:

{
  select: {
    id: true,
    first_name: true,
    last_name: true,
    username: true,
    email: true,
    roles: {
      select: {
        role: {
          select: {
            name: true,
            id: true
          }
        }
      }
    }
  },
  skip: 0,
  take: 10,
  orderBy: {
    roleIds: "desc",
    ~~~~~~~
?   id?: SortOrder,
?   first_name?: SortOrder,
?   last_name?: SortOrder,
?   username?: SortOrder,
?   email?: SortOrder,
?   password?: SortOrder,
?   created_at?: SortOrder,
?   roles?: User_RoleOrderByRelationAggregateInput,
?   permissions?: User_permissionOrderByRelationAggregateInput,
?   categories?: CategoryOrderByRelationAggregateInput,
?   devices?: User_deviceOrderByRelationAggregateInput,
?   _relevance?: UserOrderByRelevanceInput
  }
}

Unknown argument `roleIds`. Did you mean `roles`? Available options are marked with ?.
[2026-01-22T11:36:55.598Z] 
Invalid `prisma.user.findMany()` invocation:

{
  select: {
    id: true,
    first_name: true,
    last_name: true,
    username: true,
    email: true,
    roles: {
      select: {
        role: {
          select: {
            name: true,
            id: true
          }
        }
      }
    }
  },
  skip: 0,
  take: 10,
  orderBy: {
    roles: "asc"
           ~~~~~
  }
}

Argument `roles`: Invalid value provided. Expected User_RoleOrderByRelationAggregateInput, provided String.
[2026-01-22T11:36:55.612Z] 
Invalid `prisma.user.findMany()` invocation:

{
  select: {
    id: true,
    first_name: true,
    last_name: true,
    username: true,
    email: true,
    roles: {
      select: {
        role: {
          select: {
            name: true,
            id: true
          }
        }
      }
    }
  },
  skip: 0,
  take: 10,
  orderBy: {
    roles: "desc"
           ~~~~~~
  }
}

Argument `roles`: Invalid value provided. Expected User_RoleOrderByRelationAggregateInput, provided String.
[2026-01-22T11:36:55.677Z] 
Invalid `prisma.user.findMany()` invocation:

{
  select: {
    id: true,
    first_name: true,
    last_name: true,
    username: true,
    email: true,
    roles: {
      select: {
        role: {
          select: {
            name: true,
            id: true
          }
        }
      }
    }
  },
  skip: 0,
  take: 10,
  orderBy: {
    roleIds: "asc",
    ~~~~~~~
?   id?: SortOrder,
?   first_name?: SortOrder,
?   last_name?: SortOrder,
?   username?: SortOrder,
?   email?: SortOrder,
?   password?: SortOrder,
?   created_at?: SortOrder,
?   roles?: User_RoleOrderByRelationAggregateInput,
?   permissions?: User_permissionOrderByRelationAggregateInput,
?   categories?: CategoryOrderByRelationAggregateInput,
?   devices?: User_deviceOrderByRelationAggregateInput,
?   _relevance?: UserOrderByRelevanceInput
  }
}

Unknown argument `roleIds`. Did you mean `roles`? Available options are marked with ?.
[2026-01-22T11:36:55.690Z] 
Invalid `prisma.user.findMany()` invocation:

{
  select: {
    id: true,
    first_name: true,
    last_name: true,
    username: true,
    email: true,
    roles: {
      select: {
        role: {
          select: {
            name: true,
            id: true
          }
        }
      }
    }
  },
  skip: 0,
  take: 10,
  orderBy: {
    roleIds: "desc",
    ~~~~~~~
?   id?: SortOrder,
?   first_name?: SortOrder,
?   last_name?: SortOrder,
?   username?: SortOrder,
?   email?: SortOrder,
?   password?: SortOrder,
?   created_at?: SortOrder,
?   roles?: User_RoleOrderByRelationAggregateInput,
?   permissions?: User_permissionOrderByRelationAggregateInput,
?   categories?: CategoryOrderByRelationAggregateInput,
?   devices?: User_deviceOrderByRelationAggregateInput,
?   _relevance?: UserOrderByRelevanceInput
  }
}

Unknown argument `roleIds`. Did you mean `roles`? Available options are marked with ?.
[2026-01-22T11:36:55.694Z] 
Invalid `prisma.user.findMany()` invocation:

{
  select: {
    id: true,
    first_name: true,
    last_name: true,
    username: true,
    email: true,
    roles: {
      select: {
        role: {
          select: {
            name: true,
            id: true
          }
        }
      }
    }
  },
  skip: 0,
  take: 10,
  orderBy: {
    roles: "asc"
           ~~~~~
  }
}

Argument `roles`: Invalid value provided. Expected User_RoleOrderByRelationAggregateInput, provided String.
[2026-01-22T11:36:55.697Z] 
Invalid `prisma.user.findMany()` invocation:

{
  select: {
    id: true,
    first_name: true,
    last_name: true,
    username: true,
    email: true,
    roles: {
      select: {
        role: {
          select: {
            name: true,
            id: true
          }
        }
      }
    }
  },
  skip: 0,
  take: 10,
  orderBy: {
    roles: "desc"
           ~~~~~~
  }
}

Argument `roles`: Invalid value provided. Expected User_RoleOrderByRelationAggregateInput, provided String.
[2026-01-22T11:36:55.757Z] 
Invalid `prisma.user.findMany()` invocation:

{
  select: {
    id: true,
    first_name: true,
    last_name: true,
    username: true,
    email: true,
    roles: {
      select: {
        role: {
          select: {
            name: true,
            id: true
          }
        }
      }
    }
  },
  skip: 0,
  take: 10,
  orderBy: {
    roleIds: "asc",
    ~~~~~~~
?   id?: SortOrder,
?   first_name?: SortOrder,
?   last_name?: SortOrder,
?   username?: SortOrder,
?   email?: SortOrder,
?   password?: SortOrder,
?   created_at?: SortOrder,
?   roles?: User_RoleOrderByRelationAggregateInput,
?   permissions?: User_permissionOrderByRelationAggregateInput,
?   categories?: CategoryOrderByRelationAggregateInput,
?   devices?: User_deviceOrderByRelationAggregateInput,
?   _relevance?: UserOrderByRelevanceInput
  }
}

Unknown argument `roleIds`. Did you mean `roles`? Available options are marked with ?.
[2026-01-22T11:36:55.773Z] 
Invalid `prisma.user.findMany()` invocation:

{
  select: {
    id: true,
    first_name: true,
    last_name: true,
    username: true,
    email: true,
    roles: {
      select: {
        role: {
          select: {
            name: true,
            id: true
          }
        }
      }
    }
  },
  skip: 0,
  take: 10,
  orderBy: {
    roleIds: "desc",
    ~~~~~~~
?   id?: SortOrder,
?   first_name?: SortOrder,
?   last_name?: SortOrder,
?   username?: SortOrder,
?   email?: SortOrder,
?   password?: SortOrder,
?   created_at?: SortOrder,
?   roles?: User_RoleOrderByRelationAggregateInput,
?   permissions?: User_permissionOrderByRelationAggregateInput,
?   categories?: CategoryOrderByRelationAggregateInput,
?   devices?: User_deviceOrderByRelationAggregateInput,
?   _relevance?: UserOrderByRelevanceInput
  }
}

Unknown argument `roleIds`. Did you mean `roles`? Available options are marked with ?.
[2026-01-22T11:36:55.787Z] 
Invalid `prisma.user.findMany()` invocation:

{
  select: {
    id: true,
    first_name: true,
    last_name: true,
    username: true,
    email: true,
    roles: {
      select: {
        role: {
          select: {
            name: true,
            id: true
          }
        }
      }
    }
  },
  skip: 0,
  take: 10,
  orderBy: {
    roles: "asc"
           ~~~~~
  }
}

Argument `roles`: Invalid value provided. Expected User_RoleOrderByRelationAggregateInput, provided String.
[2026-01-22T11:36:55.802Z] 
Invalid `prisma.user.findMany()` invocation:

{
  select: {
    id: true,
    first_name: true,
    last_name: true,
    username: true,
    email: true,
    roles: {
      select: {
        role: {
          select: {
            name: true,
            id: true
          }
        }
      }
    }
  },
  skip: 0,
  take: 10,
  orderBy: {
    roles: "desc"
           ~~~~~~
  }
}

Argument `roles`: Invalid value provided. Expected User_RoleOrderByRelationAggregateInput, provided String.
[2026-01-22T11:36:55.858Z] 
Invalid `prisma.user.findMany()` invocation:

{
  select: {
    id: true,
    first_name: true,
    last_name: true,
    username: true,
    email: true,
    roles: {
      select: {
        role: {
          select: {
            name: true,
            id: true
          }
        }
      }
    }
  },
  skip: 0,
  take: 10,
  orderBy: {
    roleIds: "desc",
    ~~~~~~~
?   id?: SortOrder,
?   first_name?: SortOrder,
?   last_name?: SortOrder,
?   username?: SortOrder,
?   email?: SortOrder,
?   password?: SortOrder,
?   created_at?: SortOrder,
?   roles?: User_RoleOrderByRelationAggregateInput,
?   permissions?: User_permissionOrderByRelationAggregateInput,
?   categories?: CategoryOrderByRelationAggregateInput,
?   devices?: User_deviceOrderByRelationAggregateInput,
?   _relevance?: UserOrderByRelevanceInput
  }
}

Unknown argument `roleIds`. Did you mean `roles`? Available options are marked with ?.
[2026-01-22T11:36:55.865Z] 
Invalid `prisma.user.findMany()` invocation:

{
  select: {
    id: true,
    first_name: true,
    last_name: true,
    username: true,
    email: true,
    roles: {
      select: {
        role: {
          select: {
            name: true,
            id: true
          }
        }
      }
    }
  },
  skip: 0,
  take: 10,
  orderBy: {
    roles: "desc"
           ~~~~~~
  }
}

Argument `roles`: Invalid value provided. Expected User_RoleOrderByRelationAggregateInput, provided String.
[2026-01-22T11:36:55.909Z] 
Invalid `prisma.user.findMany()` invocation:

{
  select: {
    id: true,
    first_name: true,
    last_name: true,
    username: true,
    email: true,
    roles: {
      select: {
        role: {
          select: {
            name: true,
            id: true
          }
        }
      }
    }
  },
  skip: 0,
  take: 10,
  orderBy: {
    roleIds: "asc",
    ~~~~~~~
?   id?: SortOrder,
?   first_name?: SortOrder,
?   last_name?: SortOrder,
?   username?: SortOrder,
?   email?: SortOrder,
?   password?: SortOrder,
?   created_at?: SortOrder,
?   roles?: User_RoleOrderByRelationAggregateInput,
?   permissions?: User_permissionOrderByRelationAggregateInput,
?   categories?: CategoryOrderByRelationAggregateInput,
?   devices?: User_deviceOrderByRelationAggregateInput,
?   _relevance?: UserOrderByRelevanceInput
  }
}

Unknown argument `roleIds`. Did you mean `roles`? Available options are marked with ?.
[2026-01-22T11:36:55.932Z] 
Invalid `prisma.user.findMany()` invocation:

{
  select: {
    id: true,
    first_name: true,
    last_name: true,
    username: true,
    email: true,
    roles: {
      select: {
        role: {
          select: {
            name: true,
            id: true
          }
        }
      }
    }
  },
  skip: 0,
  take: 10,
  orderBy: {
    roles: "asc"
           ~~~~~
  }
}

Argument `roles`: Invalid value provided. Expected User_RoleOrderByRelationAggregateInput, provided String.
[2026-01-22T11:36:55.957Z] 
Invalid `prisma.user.findMany()` invocation:

{
  select: {
    id: true,
    first_name: true,
    last_name: true,
    username: true,
    email: true,
    roles: {
      select: {
        role: {
          select: {
            name: true,
            id: true
          }
        }
      }
    }
  },
  skip: 0,
  take: 10,
  orderBy: {
    roleIds: "desc",
    ~~~~~~~
?   id?: SortOrder,
?   first_name?: SortOrder,
?   last_name?: SortOrder,
?   username?: SortOrder,
?   email?: SortOrder,
?   password?: SortOrder,
?   created_at?: SortOrder,
?   roles?: User_RoleOrderByRelationAggregateInput,
?   permissions?: User_permissionOrderByRelationAggregateInput,
?   categories?: CategoryOrderByRelationAggregateInput,
?   devices?: User_deviceOrderByRelationAggregateInput,
?   _relevance?: UserOrderByRelevanceInput
  }
}

Unknown argument `roleIds`. Did you mean `roles`? Available options are marked with ?.
[2026-01-22T11:36:55.999Z] 
Invalid `prisma.user.findMany()` invocation:

{
  select: {
    id: true,
    first_name: true,
    last_name: true,
    username: true,
    email: true,
    roles: {
      select: {
        role: {
          select: {
            name: true,
            id: true
          }
        }
      }
    }
  },
  skip: 0,
  take: 10,
  orderBy: {
    roles: "desc"
           ~~~~~~
  }
}

Argument `roles`: Invalid value provided. Expected User_RoleOrderByRelationAggregateInput, provided String.
[2026-01-22T11:36:56.019Z] 
Invalid `prisma.user.findMany()` invocation:

{
  select: {
    id: true,
    first_name: true,
    last_name: true,
    username: true,
    email: true,
    roles: {
      select: {
        role: {
          select: {
            name: true,
            id: true
          }
        }
      }
    }
  },
  skip: 0,
  take: 10,
  orderBy: {
    roleIds: "asc",
    ~~~~~~~
?   id?: SortOrder,
?   first_name?: SortOrder,
?   last_name?: SortOrder,
?   username?: SortOrder,
?   email?: SortOrder,
?   password?: SortOrder,
?   created_at?: SortOrder,
?   roles?: User_RoleOrderByRelationAggregateInput,
?   permissions?: User_permissionOrderByRelationAggregateInput,
?   categories?: CategoryOrderByRelationAggregateInput,
?   devices?: User_deviceOrderByRelationAggregateInput,
?   _relevance?: UserOrderByRelevanceInput
  }
}

Unknown argument `roleIds`. Did you mean `roles`? Available options are marked with ?.
[2026-01-22T11:36:56.053Z] 
Invalid `prisma.user.findMany()` invocation:

{
  select: {
    id: true,
    first_name: true,
    last_name: true,
    username: true,
    email: true,
    roles: {
      select: {
        role: {
          select: {
            name: true,
            id: true
          }
        }
      }
    }
  },
  skip: 0,
  take: 10,
  orderBy: {
    roles: "asc"
           ~~~~~
  }
}

Argument `roles`: Invalid value provided. Expected User_RoleOrderByRelationAggregateInput, provided String.
[2026-01-22T11:36:56.084Z] 
Invalid `prisma.user.findMany()` invocation:

{
  select: {
    id: true,
    first_name: true,
    last_name: true,
    username: true,
    email: true,
    roles: {
      select: {
        role: {
          select: {
            name: true,
            id: true
          }
        }
      }
    }
  },
  skip: 0,
  take: 10,
  orderBy: {
    roleIds: "desc",
    ~~~~~~~
?   id?: SortOrder,
?   first_name?: SortOrder,
?   last_name?: SortOrder,
?   username?: SortOrder,
?   email?: SortOrder,
?   password?: SortOrder,
?   created_at?: SortOrder,
?   roles?: User_RoleOrderByRelationAggregateInput,
?   permissions?: User_permissionOrderByRelationAggregateInput,
?   categories?: CategoryOrderByRelationAggregateInput,
?   devices?: User_deviceOrderByRelationAggregateInput,
?   _relevance?: UserOrderByRelevanceInput
  }
}

Unknown argument `roleIds`. Did you mean `roles`? Available options are marked with ?.
[2026-01-22T11:36:56.100Z] 
Invalid `prisma.user.findMany()` invocation:

{
  select: {
    id: true,
    first_name: true,
    last_name: true,
    username: true,
    email: true,
    roles: {
      select: {
        role: {
          select: {
            name: true,
            id: true
          }
        }
      }
    }
  },
  skip: 0,
  take: 10,
  orderBy: {
    roles: "desc"
           ~~~~~~
  }
}

Argument `roles`: Invalid value provided. Expected User_RoleOrderByRelationAggregateInput, provided String.
[2026-01-22T11:36:56.103Z] 
Invalid `prisma.user.findMany()` invocation:

{
  select: {
    id: true,
    first_name: true,
    last_name: true,
    username: true,
    email: true,
    roles: {
      select: {
        role: {
          select: {
            name: true,
            id: true
          }
        }
      }
    }
  },
  skip: 0,
  take: 10,
  orderBy: {
    roleIds: "asc",
    ~~~~~~~
?   id?: SortOrder,
?   first_name?: SortOrder,
?   last_name?: SortOrder,
?   username?: SortOrder,
?   email?: SortOrder,
?   password?: SortOrder,
?   created_at?: SortOrder,
?   roles?: User_RoleOrderByRelationAggregateInput,
?   permissions?: User_permissionOrderByRelationAggregateInput,
?   categories?: CategoryOrderByRelationAggregateInput,
?   devices?: User_deviceOrderByRelationAggregateInput,
?   _relevance?: UserOrderByRelevanceInput
  }
}

Unknown argument `roleIds`. Did you mean `roles`? Available options are marked with ?.
[2026-01-22T11:36:56.132Z] 
Invalid `prisma.user.findMany()` invocation:

{
  select: {
    id: true,
    first_name: true,
    last_name: true,
    username: true,
    email: true,
    roles: {
      select: {
        role: {
          select: {
            name: true,
            id: true
          }
        }
      }
    }
  },
  skip: 0,
  take: 10,
  orderBy: {
    roles: "asc"
           ~~~~~
  }
}

Argument `roles`: Invalid value provided. Expected User_RoleOrderByRelationAggregateInput, provided String.
[2026-01-22T11:36:56.188Z] 
Invalid `prisma.user.findMany()` invocation:

{
  select: {
    id: true,
    first_name: true,
    last_name: true,
    username: true,
    email: true,
    roles: {
      select: {
        role: {
          select: {
            name: true,
            id: true
          }
        }
      }
    }
  },
  skip: 0,
  take: 10,
  orderBy: {
    roleIds: "asc",
    ~~~~~~~
?   id?: SortOrder,
?   first_name?: SortOrder,
?   last_name?: SortOrder,
?   username?: SortOrder,
?   email?: SortOrder,
?   password?: SortOrder,
?   created_at?: SortOrder,
?   roles?: User_RoleOrderByRelationAggregateInput,
?   permissions?: User_permissionOrderByRelationAggregateInput,
?   categories?: CategoryOrderByRelationAggregateInput,
?   devices?: User_deviceOrderByRelationAggregateInput,
?   _relevance?: UserOrderByRelevanceInput
  }
}

Unknown argument `roleIds`. Did you mean `roles`? Available options are marked with ?.
[2026-01-22T11:36:56.220Z] 
Invalid `prisma.user.findMany()` invocation:

{
  select: {
    id: true,
    first_name: true,
    last_name: true,
    username: true,
    email: true,
    roles: {
      select: {
        role: {
          select: {
            name: true,
            id: true
          }
        }
      }
    }
  },
  skip: 0,
  take: 10,
  orderBy: {
    roleIds: "desc",
    ~~~~~~~
?   id?: SortOrder,
?   first_name?: SortOrder,
?   last_name?: SortOrder,
?   username?: SortOrder,
?   email?: SortOrder,
?   password?: SortOrder,
?   created_at?: SortOrder,
?   roles?: User_RoleOrderByRelationAggregateInput,
?   permissions?: User_permissionOrderByRelationAggregateInput,
?   categories?: CategoryOrderByRelationAggregateInput,
?   devices?: User_deviceOrderByRelationAggregateInput,
?   _relevance?: UserOrderByRelevanceInput
  }
}

Unknown argument `roleIds`. Did you mean `roles`? Available options are marked with ?.
[2026-01-22T11:36:56.227Z] 
Invalid `prisma.user.findMany()` invocation:

{
  select: {
    id: true,
    first_name: true,
    last_name: true,
    username: true,
    email: true,
    roles: {
      select: {
        role: {
          select: {
            name: true,
            id: true
          }
        }
      }
    }
  },
  skip: 0,
  take: 10,
  orderBy: {
    roles: "asc"
           ~~~~~
  }
}

Argument `roles`: Invalid value provided. Expected User_RoleOrderByRelationAggregateInput, provided String.
[2026-01-22T11:36:56.242Z] 
Invalid `prisma.user.findMany()` invocation:

{
  select: {
    id: true,
    first_name: true,
    last_name: true,
    username: true,
    email: true,
    roles: {
      select: {
        role: {
          select: {
            name: true,
            id: true
          }
        }
      }
    }
  },
  skip: 0,
  take: 10,
  orderBy: {
    roles: "desc"
           ~~~~~~
  }
}

Argument `roles`: Invalid value provided. Expected User_RoleOrderByRelationAggregateInput, provided String.
[2026-01-22T11:36:56.324Z] 
Invalid `prisma.user.findMany()` invocation:

{
  select: {
    id: true,
    first_name: true,
    last_name: true,
    username: true,
    email: true,
    roles: {
      select: {
        role: {
          select: {
            name: true,
            id: true
          }
        }
      }
    }
  },
  skip: 0,
  take: 10,
  orderBy: {
    roleIds: "asc",
    ~~~~~~~
?   id?: SortOrder,
?   first_name?: SortOrder,
?   last_name?: SortOrder,
?   username?: SortOrder,
?   email?: SortOrder,
?   password?: SortOrder,
?   created_at?: SortOrder,
?   roles?: User_RoleOrderByRelationAggregateInput,
?   permissions?: User_permissionOrderByRelationAggregateInput,
?   categories?: CategoryOrderByRelationAggregateInput,
?   devices?: User_deviceOrderByRelationAggregateInput,
?   _relevance?: UserOrderByRelevanceInput
  }
}

Unknown argument `roleIds`. Did you mean `roles`? Available options are marked with ?.
[2026-01-22T11:36:56.340Z] 
Invalid `prisma.user.findMany()` invocation:

{
  select: {
    id: true,
    first_name: true,
    last_name: true,
    username: true,
    email: true,
    roles: {
      select: {
        role: {
          select: {
            name: true,
            id: true
          }
        }
      }
    }
  },
  skip: 0,
  take: 10,
  orderBy: {
    roleIds: "desc",
    ~~~~~~~
?   id?: SortOrder,
?   first_name?: SortOrder,
?   last_name?: SortOrder,
?   username?: SortOrder,
?   email?: SortOrder,
?   password?: SortOrder,
?   created_at?: SortOrder,
?   roles?: User_RoleOrderByRelationAggregateInput,
?   permissions?: User_permissionOrderByRelationAggregateInput,
?   categories?: CategoryOrderByRelationAggregateInput,
?   devices?: User_deviceOrderByRelationAggregateInput,
?   _relevance?: UserOrderByRelevanceInput
  }
}

Unknown argument `roleIds`. Did you mean `roles`? Available options are marked with ?.
[2026-01-22T11:36:56.361Z] 
Invalid `prisma.user.findMany()` invocation:

{
  select: {
    id: true,
    first_name: true,
    last_name: true,
    username: true,
    email: true,
    roles: {
      select: {
        role: {
          select: {
            name: true,
            id: true
          }
        }
      }
    }
  },
  skip: 0,
  take: 10,
  orderBy: {
    roles: "asc"
           ~~~~~
  }
}

Argument `roles`: Invalid value provided. Expected User_RoleOrderByRelationAggregateInput, provided String.
[2026-01-22T11:36:56.366Z] 
Invalid `prisma.user.findMany()` invocation:

{
  select: {
    id: true,
    first_name: true,
    last_name: true,
    username: true,
    email: true,
    roles: {
      select: {
        role: {
          select: {
            name: true,
            id: true
          }
        }
      }
    }
  },
  skip: 0,
  take: 10,
  orderBy: {
    roles: "desc"
           ~~~~~~
  }
}

Argument `roles`: Invalid value provided. Expected User_RoleOrderByRelationAggregateInput, provided String.
[2026-01-22T11:36:56.501Z] 
Invalid `prisma.user.findMany()` invocation:

{
  select: {
    id: true,
    first_name: true,
    last_name: true,
    username: true,
    email: true,
    roles: {
      select: {
        role: {
          select: {
            name: true,
            id: true
          }
        }
      }
    }
  },
  skip: 0,
  take: 10,
  orderBy: {
    roleIds: "asc",
    ~~~~~~~
?   id?: SortOrder,
?   first_name?: SortOrder,
?   last_name?: SortOrder,
?   username?: SortOrder,
?   email?: SortOrder,
?   password?: SortOrder,
?   created_at?: SortOrder,
?   roles?: User_RoleOrderByRelationAggregateInput,
?   permissions?: User_permissionOrderByRelationAggregateInput,
?   categories?: CategoryOrderByRelationAggregateInput,
?   devices?: User_deviceOrderByRelationAggregateInput,
?   _relevance?: UserOrderByRelevanceInput
  }
}

Unknown argument `roleIds`. Did you mean `roles`? Available options are marked with ?.
[2026-01-22T11:36:56.514Z] 
Invalid `prisma.user.findMany()` invocation:

{
  select: {
    id: true,
    first_name: true,
    last_name: true,
    username: true,
    email: true,
    roles: {
      select: {
        role: {
          select: {
            name: true,
            id: true
          }
        }
      }
    }
  },
  skip: 0,
  take: 10,
  orderBy: {
    roleIds: "desc",
    ~~~~~~~
?   id?: SortOrder,
?   first_name?: SortOrder,
?   last_name?: SortOrder,
?   username?: SortOrder,
?   email?: SortOrder,
?   password?: SortOrder,
?   created_at?: SortOrder,
?   roles?: User_RoleOrderByRelationAggregateInput,
?   permissions?: User_permissionOrderByRelationAggregateInput,
?   categories?: CategoryOrderByRelationAggregateInput,
?   devices?: User_deviceOrderByRelationAggregateInput,
?   _relevance?: UserOrderByRelevanceInput
  }
}

Unknown argument `roleIds`. Did you mean `roles`? Available options are marked with ?.
[2026-01-22T11:36:56.558Z] 
Invalid `prisma.user.findMany()` invocation:

{
  select: {
    id: true,
    first_name: true,
    last_name: true,
    username: true,
    email: true,
    roles: {
      select: {
        role: {
          select: {
            name: true,
            id: true
          }
        }
      }
    }
  },
  skip: 0,
  take: 10,
  orderBy: {
    roles: "asc"
           ~~~~~
  }
}

Argument `roles`: Invalid value provided. Expected User_RoleOrderByRelationAggregateInput, provided String.
[2026-01-22T11:36:56.564Z] 
Invalid `prisma.user.findMany()` invocation:

{
  select: {
    id: true,
    first_name: true,
    last_name: true,
    username: true,
    email: true,
    roles: {
      select: {
        role: {
          select: {
            name: true,
            id: true
          }
        }
      }
    }
  },
  skip: 0,
  take: 10,
  orderBy: {
    roles: "desc"
           ~~~~~~
  }
}

Argument `roles`: Invalid value provided. Expected User_RoleOrderByRelationAggregateInput, provided String.
[2026-01-22T11:36:56.621Z] 
Invalid `prisma.user.findMany()` invocation:

{
  select: {
    id: true,
    first_name: true,
    last_name: true,
    username: true,
    email: true,
    roles: {
      select: {
        role: {
          select: {
            name: true,
            id: true
          }
        }
      }
    }
  },
  skip: 0,
  take: 10,
  orderBy: {
    roleIds: "asc",
    ~~~~~~~
?   id?: SortOrder,
?   first_name?: SortOrder,
?   last_name?: SortOrder,
?   username?: SortOrder,
?   email?: SortOrder,
?   password?: SortOrder,
?   created_at?: SortOrder,
?   roles?: User_RoleOrderByRelationAggregateInput,
?   permissions?: User_permissionOrderByRelationAggregateInput,
?   categories?: CategoryOrderByRelationAggregateInput,
?   devices?: User_deviceOrderByRelationAggregateInput,
?   _relevance?: UserOrderByRelevanceInput
  }
}

Unknown argument `roleIds`. Did you mean `roles`? Available options are marked with ?.
[2026-01-22T11:36:56.636Z] 
Invalid `prisma.user.findMany()` invocation:

{
  select: {
    id: true,
    first_name: true,
    last_name: true,
    username: true,
    email: true,
    roles: {
      select: {
        role: {
          select: {
            name: true,
            id: true
          }
        }
      }
    }
  },
  skip: 0,
  take: 10,
  orderBy: {
    roles: "asc"
           ~~~~~
  }
}

Argument `roles`: Invalid value provided. Expected User_RoleOrderByRelationAggregateInput, provided String.
[2026-01-22T11:36:56.681Z] 
Invalid `prisma.user.findMany()` invocation:

{
  select: {
    id: true,
    first_name: true,
    last_name: true,
    username: true,
    email: true,
    roles: {
      select: {
        role: {
          select: {
            name: true,
            id: true
          }
        }
      }
    }
  },
  skip: 0,
  take: 10,
  orderBy: {
    roleIds: "desc",
    ~~~~~~~
?   id?: SortOrder,
?   first_name?: SortOrder,
?   last_name?: SortOrder,
?   username?: SortOrder,
?   email?: SortOrder,
?   password?: SortOrder,
?   created_at?: SortOrder,
?   roles?: User_RoleOrderByRelationAggregateInput,
?   permissions?: User_permissionOrderByRelationAggregateInput,
?   categories?: CategoryOrderByRelationAggregateInput,
?   devices?: User_deviceOrderByRelationAggregateInput,
?   _relevance?: UserOrderByRelevanceInput
  }
}

Unknown argument `roleIds`. Did you mean `roles`? Available options are marked with ?.
[2026-01-22T11:36:56.684Z] 
Invalid `prisma.user.findMany()` invocation:

{
  select: {
    id: true,
    first_name: true,
    last_name: true,
    username: true,
    email: true,
    roles: {
      select: {
        role: {
          select: {
            name: true,
            id: true
          }
        }
      }
    }
  },
  skip: 0,
  take: 10,
  orderBy: {
    roles: "desc"
           ~~~~~~
  }
}

Argument `roles`: Invalid value provided. Expected User_RoleOrderByRelationAggregateInput, provided String.
[2026-01-22T11:36:56.753Z] 
Invalid `prisma.user.findMany()` invocation:

{
  select: {
    id: true,
    first_name: true,
    last_name: true,
    username: true,
    email: true,
    roles: {
      select: {
        role: {
          select: {
            name: true,
            id: true
          }
        }
      }
    }
  },
  skip: 0,
  take: 10,
  orderBy: {
    roleIds: "asc",
    ~~~~~~~
?   id?: SortOrder,
?   first_name?: SortOrder,
?   last_name?: SortOrder,
?   username?: SortOrder,
?   email?: SortOrder,
?   password?: SortOrder,
?   created_at?: SortOrder,
?   roles?: User_RoleOrderByRelationAggregateInput,
?   permissions?: User_permissionOrderByRelationAggregateInput,
?   categories?: CategoryOrderByRelationAggregateInput,
?   devices?: User_deviceOrderByRelationAggregateInput,
?   _relevance?: UserOrderByRelevanceInput
  }
}

Unknown argument `roleIds`. Did you mean `roles`? Available options are marked with ?.
[2026-01-22T11:36:56.756Z] 
Invalid `prisma.user.findMany()` invocation:

{
  select: {
    id: true,
    first_name: true,
    last_name: true,
    username: true,
    email: true,
    roles: {
      select: {
        role: {
          select: {
            name: true,
            id: true
          }
        }
      }
    }
  },
  skip: 0,
  take: 10,
  orderBy: {
    roles: "asc"
           ~~~~~
  }
}

Argument `roles`: Invalid value provided. Expected User_RoleOrderByRelationAggregateInput, provided String.
[2026-01-22T11:36:56.775Z] 
Invalid `prisma.user.findMany()` invocation:

{
  select: {
    id: true,
    first_name: true,
    last_name: true,
    username: true,
    email: true,
    roles: {
      select: {
        role: {
          select: {
            name: true,
            id: true
          }
        }
      }
    }
  },
  skip: 0,
  take: 10,
  orderBy: {
    roleIds: "desc",
    ~~~~~~~
?   id?: SortOrder,
?   first_name?: SortOrder,
?   last_name?: SortOrder,
?   username?: SortOrder,
?   email?: SortOrder,
?   password?: SortOrder,
?   created_at?: SortOrder,
?   roles?: User_RoleOrderByRelationAggregateInput,
?   permissions?: User_permissionOrderByRelationAggregateInput,
?   categories?: CategoryOrderByRelationAggregateInput,
?   devices?: User_deviceOrderByRelationAggregateInput,
?   _relevance?: UserOrderByRelevanceInput
  }
}

Unknown argument `roleIds`. Did you mean `roles`? Available options are marked with ?.
[2026-01-22T11:36:56.779Z] 
Invalid `prisma.user.findMany()` invocation:

{
  select: {
    id: true,
    first_name: true,
    last_name: true,
    username: true,
    email: true,
    roles: {
      select: {
        role: {
          select: {
            name: true,
            id: true
          }
        }
      }
    }
  },
  skip: 0,
  take: 10,
  orderBy: {
    roles: "desc"
           ~~~~~~
  }
}

Argument `roles`: Invalid value provided. Expected User_RoleOrderByRelationAggregateInput, provided String.
[2026-01-22T11:36:56.855Z] 
Invalid `prisma.user.findMany()` invocation:

{
  select: {
    id: true,
    first_name: true,
    last_name: true,
    username: true,
    email: true,
    roles: {
      select: {
        role: {
          select: {
            name: true,
            id: true
          }
        }
      }
    }
  },
  skip: 0,
  take: 10,
  orderBy: {
    roleIds: "asc",
    ~~~~~~~
?   id?: SortOrder,
?   first_name?: SortOrder,
?   last_name?: SortOrder,
?   username?: SortOrder,
?   email?: SortOrder,
?   password?: SortOrder,
?   created_at?: SortOrder,
?   roles?: User_RoleOrderByRelationAggregateInput,
?   permissions?: User_permissionOrderByRelationAggregateInput,
?   categories?: CategoryOrderByRelationAggregateInput,
?   devices?: User_deviceOrderByRelationAggregateInput,
?   _relevance?: UserOrderByRelevanceInput
  }
}

Unknown argument `roleIds`. Did you mean `roles`? Available options are marked with ?.
[2026-01-22T11:36:56.858Z] 
Invalid `prisma.user.findMany()` invocation:

{
  select: {
    id: true,
    first_name: true,
    last_name: true,
    username: true,
    email: true,
    roles: {
      select: {
        role: {
          select: {
            name: true,
            id: true
          }
        }
      }
    }
  },
  skip: 0,
  take: 10,
  orderBy: {
    roleIds: "desc",
    ~~~~~~~
?   id?: SortOrder,
?   first_name?: SortOrder,
?   last_name?: SortOrder,
?   username?: SortOrder,
?   email?: SortOrder,
?   password?: SortOrder,
?   created_at?: SortOrder,
?   roles?: User_RoleOrderByRelationAggregateInput,
?   permissions?: User_permissionOrderByRelationAggregateInput,
?   categories?: CategoryOrderByRelationAggregateInput,
?   devices?: User_deviceOrderByRelationAggregateInput,
?   _relevance?: UserOrderByRelevanceInput
  }
}

Unknown argument `roleIds`. Did you mean `roles`? Available options are marked with ?.
[2026-01-22T11:36:56.872Z] 
Invalid `prisma.user.findMany()` invocation:

{
  select: {
    id: true,
    first_name: true,
    last_name: true,
    username: true,
    email: true,
    roles: {
      select: {
        role: {
          select: {
            name: true,
            id: true
          }
        }
      }
    }
  },
  skip: 0,
  take: 10,
  orderBy: {
    roles: "asc"
           ~~~~~
  }
}

Argument `roles`: Invalid value provided. Expected User_RoleOrderByRelationAggregateInput, provided String.
[2026-01-22T11:36:56.881Z] 
Invalid `prisma.user.findMany()` invocation:

{
  select: {
    id: true,
    first_name: true,
    last_name: true,
    username: true,
    email: true,
    roles: {
      select: {
        role: {
          select: {
            name: true,
            id: true
          }
        }
      }
    }
  },
  skip: 0,
  take: 10,
  orderBy: {
    roles: "desc"
           ~~~~~~
  }
}

Argument `roles`: Invalid value provided. Expected User_RoleOrderByRelationAggregateInput, provided String.
[2026-01-22T11:36:56.978Z] 
Invalid `prisma.user.findMany()` invocation:

{
  select: {
    id: true,
    first_name: true,
    last_name: true,
    username: true,
    email: true,
    roles: {
      select: {
        role: {
          select: {
            name: true,
            id: true
          }
        }
      }
    }
  },
  skip: 0,
  take: 10,
  orderBy: {
    roleIds: "asc",
    ~~~~~~~
?   id?: SortOrder,
?   first_name?: SortOrder,
?   last_name?: SortOrder,
?   username?: SortOrder,
?   email?: SortOrder,
?   password?: SortOrder,
?   created_at?: SortOrder,
?   roles?: User_RoleOrderByRelationAggregateInput,
?   permissions?: User_permissionOrderByRelationAggregateInput,
?   categories?: CategoryOrderByRelationAggregateInput,
?   devices?: User_deviceOrderByRelationAggregateInput,
?   _relevance?: UserOrderByRelevanceInput
  }
}

Unknown argument `roleIds`. Did you mean `roles`? Available options are marked with ?.
[2026-01-22T11:36:56.982Z] 
Invalid `prisma.user.findMany()` invocation:

{
  select: {
    id: true,
    first_name: true,
    last_name: true,
    username: true,
    email: true,
    roles: {
      select: {
        role: {
          select: {
            name: true,
            id: true
          }
        }
      }
    }
  },
  skip: 0,
  take: 10,
  orderBy: {
    roleIds: "desc",
    ~~~~~~~
?   id?: SortOrder,
?   first_name?: SortOrder,
?   last_name?: SortOrder,
?   username?: SortOrder,
?   email?: SortOrder,
?   password?: SortOrder,
?   created_at?: SortOrder,
?   roles?: User_RoleOrderByRelationAggregateInput,
?   permissions?: User_permissionOrderByRelationAggregateInput,
?   categories?: CategoryOrderByRelationAggregateInput,
?   devices?: User_deviceOrderByRelationAggregateInput,
?   _relevance?: UserOrderByRelevanceInput
  }
}

Unknown argument `roleIds`. Did you mean `roles`? Available options are marked with ?.
[2026-01-22T11:36:57.012Z] 
Invalid `prisma.user.findMany()` invocation:

{
  select: {
    id: true,
    first_name: true,
    last_name: true,
    username: true,
    email: true,
    roles: {
      select: {
        role: {
          select: {
            name: true,
            id: true
          }
        }
      }
    }
  },
  skip: 0,
  take: 10,
  orderBy: {
    roles: "asc"
           ~~~~~
  }
}

Argument `roles`: Invalid value provided. Expected User_RoleOrderByRelationAggregateInput, provided String.
[2026-01-22T11:36:57.016Z] 
Invalid `prisma.user.findMany()` invocation:

{
  select: {
    id: true,
    first_name: true,
    last_name: true,
    username: true,
    email: true,
    roles: {
      select: {
        role: {
          select: {
            name: true,
            id: true
          }
        }
      }
    }
  },
  skip: 0,
  take: 10,
  orderBy: {
    roles: "desc"
           ~~~~~~
  }
}

Argument `roles`: Invalid value provided. Expected User_RoleOrderByRelationAggregateInput, provided String.
[2026-01-22T11:36:57.155Z] 
Invalid `prisma.user.findMany()` invocation:

{
  select: {
    id: true,
    first_name: true,
    last_name: true,
    username: true,
    email: true,
    roles: {
      select: {
        role: {
          select: {
            name: true,
            id: true
          }
        }
      }
    }
  },
  skip: 0,
  take: 10,
  orderBy: {
    roleIds: "asc",
    ~~~~~~~
?   id?: SortOrder,
?   first_name?: SortOrder,
?   last_name?: SortOrder,
?   username?: SortOrder,
?   email?: SortOrder,
?   password?: SortOrder,
?   created_at?: SortOrder,
?   roles?: User_RoleOrderByRelationAggregateInput,
?   permissions?: User_permissionOrderByRelationAggregateInput,
?   categories?: CategoryOrderByRelationAggregateInput,
?   devices?: User_deviceOrderByRelationAggregateInput,
?   _relevance?: UserOrderByRelevanceInput
  }
}

Unknown argument `roleIds`. Did you mean `roles`? Available options are marked with ?.
[2026-01-22T11:36:57.163Z] 
Invalid `prisma.user.findMany()` invocation:

{
  select: {
    id: true,
    first_name: true,
    last_name: true,
    username: true,
    email: true,
    roles: {
      select: {
        role: {
          select: {
            name: true,
            id: true
          }
        }
      }
    }
  },
  skip: 0,
  take: 10,
  orderBy: {
    roleIds: "desc",
    ~~~~~~~
?   id?: SortOrder,
?   first_name?: SortOrder,
?   last_name?: SortOrder,
?   username?: SortOrder,
?   email?: SortOrder,
?   password?: SortOrder,
?   created_at?: SortOrder,
?   roles?: User_RoleOrderByRelationAggregateInput,
?   permissions?: User_permissionOrderByRelationAggregateInput,
?   categories?: CategoryOrderByRelationAggregateInput,
?   devices?: User_deviceOrderByRelationAggregateInput,
?   _relevance?: UserOrderByRelevanceInput
  }
}

Unknown argument `roleIds`. Did you mean `roles`? Available options are marked with ?.
[2026-01-22T11:36:57.173Z] 
Invalid `prisma.user.findMany()` invocation:

{
  select: {
    id: true,
    first_name: true,
    last_name: true,
    username: true,
    email: true,
    roles: {
      select: {
        role: {
          select: {
            name: true,
            id: true
          }
        }
      }
    }
  },
  skip: 0,
  take: 10,
  orderBy: {
    roles: "asc"
           ~~~~~
  }
}

Argument `roles`: Invalid value provided. Expected User_RoleOrderByRelationAggregateInput, provided String.
[2026-01-22T11:36:57.179Z] 
Invalid `prisma.user.findMany()` invocation:

{
  select: {
    id: true,
    first_name: true,
    last_name: true,
    username: true,
    email: true,
    roles: {
      select: {
        role: {
          select: {
            name: true,
            id: true
          }
        }
      }
    }
  },
  skip: 0,
  take: 10,
  orderBy: {
    roles: "desc"
           ~~~~~~
  }
}

Argument `roles`: Invalid value provided. Expected User_RoleOrderByRelationAggregateInput, provided String.
[2026-01-22T11:36:57.272Z] 
Invalid `prisma.user.findMany()` invocation:

{
  select: {
    id: true,
    first_name: true,
    last_name: true,
    username: true,
    email: true,
    roles: {
      select: {
        role: {
          select: {
            name: true,
            id: true
          }
        }
      }
    }
  },
  skip: 0,
  take: 10,
  orderBy: {
    roleIds: "desc",
    ~~~~~~~
?   id?: SortOrder,
?   first_name?: SortOrder,
?   last_name?: SortOrder,
?   username?: SortOrder,
?   email?: SortOrder,
?   password?: SortOrder,
?   created_at?: SortOrder,
?   roles?: User_RoleOrderByRelationAggregateInput,
?   permissions?: User_permissionOrderByRelationAggregateInput,
?   categories?: CategoryOrderByRelationAggregateInput,
?   devices?: User_deviceOrderByRelationAggregateInput,
?   _relevance?: UserOrderByRelevanceInput
  }
}

Unknown argument `roleIds`. Did you mean `roles`? Available options are marked with ?.
[2026-01-22T11:36:57.276Z] 
Invalid `prisma.user.findMany()` invocation:

{
  select: {
    id: true,
    first_name: true,
    last_name: true,
    username: true,
    email: true,
    roles: {
      select: {
        role: {
          select: {
            name: true,
            id: true
          }
        }
      }
    }
  },
  skip: 0,
  take: 10,
  orderBy: {
    roleIds: "asc",
    ~~~~~~~
?   id?: SortOrder,
?   first_name?: SortOrder,
?   last_name?: SortOrder,
?   username?: SortOrder,
?   email?: SortOrder,
?   password?: SortOrder,
?   created_at?: SortOrder,
?   roles?: User_RoleOrderByRelationAggregateInput,
?   permissions?: User_permissionOrderByRelationAggregateInput,
?   categories?: CategoryOrderByRelationAggregateInput,
?   devices?: User_deviceOrderByRelationAggregateInput,
?   _relevance?: UserOrderByRelevanceInput
  }
}

Unknown argument `roleIds`. Did you mean `roles`? Available options are marked with ?.
[2026-01-22T11:36:57.294Z] 
Invalid `prisma.user.findMany()` invocation:

{
  select: {
    id: true,
    first_name: true,
    last_name: true,
    username: true,
    email: true,
    roles: {
      select: {
        role: {
          select: {
            name: true,
            id: true
          }
        }
      }
    }
  },
  skip: 0,
  take: 10,
  orderBy: {
    roles: "asc"
           ~~~~~
  }
}

Argument `roles`: Invalid value provided. Expected User_RoleOrderByRelationAggregateInput, provided String.
[2026-01-22T11:36:57.297Z] 
Invalid `prisma.user.findMany()` invocation:

{
  select: {
    id: true,
    first_name: true,
    last_name: true,
    username: true,
    email: true,
    roles: {
      select: {
        role: {
          select: {
            name: true,
            id: true
          }
        }
      }
    }
  },
  skip: 0,
  take: 10,
  orderBy: {
    roles: "desc"
           ~~~~~~
  }
}

Argument `roles`: Invalid value provided. Expected User_RoleOrderByRelationAggregateInput, provided String.
[2026-01-22T11:36:57.389Z] 
Invalid `prisma.user.findMany()` invocation:

{
  select: {
    id: true,
    first_name: true,
    last_name: true,
    username: true,
    email: true,
    roles: {
      select: {
        role: {
          select: {
            name: true,
            id: true
          }
        }
      }
    }
  },
  skip: 0,
  take: 10,
  orderBy: {
    roleIds: "asc",
    ~~~~~~~
?   id?: SortOrder,
?   first_name?: SortOrder,
?   last_name?: SortOrder,
?   username?: SortOrder,
?   email?: SortOrder,
?   password?: SortOrder,
?   created_at?: SortOrder,
?   roles?: User_RoleOrderByRelationAggregateInput,
?   permissions?: User_permissionOrderByRelationAggregateInput,
?   categories?: CategoryOrderByRelationAggregateInput,
?   devices?: User_deviceOrderByRelationAggregateInput,
?   _relevance?: UserOrderByRelevanceInput
  }
}

Unknown argument `roleIds`. Did you mean `roles`? Available options are marked with ?.
[2026-01-22T11:36:57.392Z] 
Invalid `prisma.user.findMany()` invocation:

{
  select: {
    id: true,
    first_name: true,
    last_name: true,
    username: true,
    email: true,
    roles: {
      select: {
        role: {
          select: {
            name: true,
            id: true
          }
        }
      }
    }
  },
  skip: 0,
  take: 10,
  orderBy: {
    roleIds: "desc",
    ~~~~~~~
?   id?: SortOrder,
?   first_name?: SortOrder,
?   last_name?: SortOrder,
?   username?: SortOrder,
?   email?: SortOrder,
?   password?: SortOrder,
?   created_at?: SortOrder,
?   roles?: User_RoleOrderByRelationAggregateInput,
?   permissions?: User_permissionOrderByRelationAggregateInput,
?   categories?: CategoryOrderByRelationAggregateInput,
?   devices?: User_deviceOrderByRelationAggregateInput,
?   _relevance?: UserOrderByRelevanceInput
  }
}

Unknown argument `roleIds`. Did you mean `roles`? Available options are marked with ?.
[2026-01-22T11:36:57.405Z] 
Invalid `prisma.user.findMany()` invocation:

{
  select: {
    id: true,
    first_name: true,
    last_name: true,
    username: true,
    email: true,
    roles: {
      select: {
        role: {
          select: {
            name: true,
            id: true
          }
        }
      }
    }
  },
  skip: 0,
  take: 10,
  orderBy: {
    roles: "asc"
           ~~~~~
  }
}

Argument `roles`: Invalid value provided. Expected User_RoleOrderByRelationAggregateInput, provided String.
[2026-01-22T11:36:57.408Z] 
Invalid `prisma.user.findMany()` invocation:

{
  select: {
    id: true,
    first_name: true,
    last_name: true,
    username: true,
    email: true,
    roles: {
      select: {
        role: {
          select: {
            name: true,
            id: true
          }
        }
      }
    }
  },
  skip: 0,
  take: 10,
  orderBy: {
    roles: "desc"
           ~~~~~~
  }
}

Argument `roles`: Invalid value provided. Expected User_RoleOrderByRelationAggregateInput, provided String.
[2026-01-22T11:36:57.521Z] 
Invalid `prisma.user.findMany()` invocation:

{
  select: {
    id: true,
    first_name: true,
    last_name: true,
    username: true,
    email: true,
    roles: {
      select: {
        role: {
          select: {
            name: true,
            id: true
          }
        }
      }
    }
  },
  skip: 0,
  take: 10,
  orderBy: {
    roleIds: "asc",
    ~~~~~~~
?   id?: SortOrder,
?   first_name?: SortOrder,
?   last_name?: SortOrder,
?   username?: SortOrder,
?   email?: SortOrder,
?   password?: SortOrder,
?   created_at?: SortOrder,
?   roles?: User_RoleOrderByRelationAggregateInput,
?   permissions?: User_permissionOrderByRelationAggregateInput,
?   categories?: CategoryOrderByRelationAggregateInput,
?   devices?: User_deviceOrderByRelationAggregateInput,
?   _relevance?: UserOrderByRelevanceInput
  }
}

Unknown argument `roleIds`. Did you mean `roles`? Available options are marked with ?.
[2026-01-22T11:36:57.524Z] 
Invalid `prisma.user.findMany()` invocation:

{
  select: {
    id: true,
    first_name: true,
    last_name: true,
    username: true,
    email: true,
    roles: {
      select: {
        role: {
          select: {
            name: true,
            id: true
          }
        }
      }
    }
  },
  skip: 0,
  take: 10,
  orderBy: {
    roleIds: "desc",
    ~~~~~~~
?   id?: SortOrder,
?   first_name?: SortOrder,
?   last_name?: SortOrder,
?   username?: SortOrder,
?   email?: SortOrder,
?   password?: SortOrder,
?   created_at?: SortOrder,
?   roles?: User_RoleOrderByRelationAggregateInput,
?   permissions?: User_permissionOrderByRelationAggregateInput,
?   categories?: CategoryOrderByRelationAggregateInput,
?   devices?: User_deviceOrderByRelationAggregateInput,
?   _relevance?: UserOrderByRelevanceInput
  }
}

Unknown argument `roleIds`. Did you mean `roles`? Available options are marked with ?.
[2026-01-22T11:36:57.540Z] 
Invalid `prisma.user.findMany()` invocation:

{
  select: {
    id: true,
    first_name: true,
    last_name: true,
    username: true,
    email: true,
    roles: {
      select: {
        role: {
          select: {
            name: true,
            id: true
          }
        }
      }
    }
  },
  skip: 0,
  take: 10,
  orderBy: {
    roles: "asc"
           ~~~~~
  }
}

Argument `roles`: Invalid value provided. Expected User_RoleOrderByRelationAggregateInput, provided String.
[2026-01-22T11:36:57.543Z] 
Invalid `prisma.user.findMany()` invocation:

{
  select: {
    id: true,
    first_name: true,
    last_name: true,
    username: true,
    email: true,
    roles: {
      select: {
        role: {
          select: {
            name: true,
            id: true
          }
        }
      }
    }
  },
  skip: 0,
  take: 10,
  orderBy: {
    roles: "desc"
           ~~~~~~
  }
}

Argument `roles`: Invalid value provided. Expected User_RoleOrderByRelationAggregateInput, provided String.
[2026-01-22T11:36:57.645Z] 
Invalid `prisma.user.findMany()` invocation:

{
  select: {
    id: true,
    first_name: true,
    last_name: true,
    username: true,
    email: true,
    roles: {
      select: {
        role: {
          select: {
            name: true,
            id: true
          }
        }
      }
    }
  },
  skip: 0,
  take: 10,
  orderBy: {
    roleIds: "asc",
    ~~~~~~~
?   id?: SortOrder,
?   first_name?: SortOrder,
?   last_name?: SortOrder,
?   username?: SortOrder,
?   email?: SortOrder,
?   password?: SortOrder,
?   created_at?: SortOrder,
?   roles?: User_RoleOrderByRelationAggregateInput,
?   permissions?: User_permissionOrderByRelationAggregateInput,
?   categories?: CategoryOrderByRelationAggregateInput,
?   devices?: User_deviceOrderByRelationAggregateInput,
?   _relevance?: UserOrderByRelevanceInput
  }
}

Unknown argument `roleIds`. Did you mean `roles`? Available options are marked with ?.
[2026-01-22T11:36:57.648Z] 
Invalid `prisma.user.findMany()` invocation:

{
  select: {
    id: true,
    first_name: true,
    last_name: true,
    username: true,
    email: true,
    roles: {
      select: {
        role: {
          select: {
            name: true,
            id: true
          }
        }
      }
    }
  },
  skip: 0,
  take: 10,
  orderBy: {
    roleIds: "desc",
    ~~~~~~~
?   id?: SortOrder,
?   first_name?: SortOrder,
?   last_name?: SortOrder,
?   username?: SortOrder,
?   email?: SortOrder,
?   password?: SortOrder,
?   created_at?: SortOrder,
?   roles?: User_RoleOrderByRelationAggregateInput,
?   permissions?: User_permissionOrderByRelationAggregateInput,
?   categories?: CategoryOrderByRelationAggregateInput,
?   devices?: User_deviceOrderByRelationAggregateInput,
?   _relevance?: UserOrderByRelevanceInput
  }
}

Unknown argument `roleIds`. Did you mean `roles`? Available options are marked with ?.
[2026-01-22T11:36:57.664Z] 
Invalid `prisma.user.findMany()` invocation:

{
  select: {
    id: true,
    first_name: true,
    last_name: true,
    username: true,
    email: true,
    roles: {
      select: {
        role: {
          select: {
            name: true,
            id: true
          }
        }
      }
    }
  },
  skip: 0,
  take: 10,
  orderBy: {
    roles: "asc"
           ~~~~~
  }
}

Argument `roles`: Invalid value provided. Expected User_RoleOrderByRelationAggregateInput, provided String.
[2026-01-22T11:36:57.667Z] 
Invalid `prisma.user.findMany()` invocation:

{
  select: {
    id: true,
    first_name: true,
    last_name: true,
    username: true,
    email: true,
    roles: {
      select: {
        role: {
          select: {
            name: true,
            id: true
          }
        }
      }
    }
  },
  skip: 0,
  take: 10,
  orderBy: {
    roles: "desc"
           ~~~~~~
  }
}

Argument `roles`: Invalid value provided. Expected User_RoleOrderByRelationAggregateInput, provided String.
[2026-01-22T11:36:57.781Z] 
Invalid `prisma.user.findMany()` invocation:

{
  select: {
    id: true,
    first_name: true,
    last_name: true,
    username: true,
    email: true,
    roles: {
      select: {
        role: {
          select: {
            name: true,
            id: true
          }
        }
      }
    }
  },
  skip: 0,
  take: 10,
  orderBy: {
    roleIds: "desc",
    ~~~~~~~
?   id?: SortOrder,
?   first_name?: SortOrder,
?   last_name?: SortOrder,
?   username?: SortOrder,
?   email?: SortOrder,
?   password?: SortOrder,
?   created_at?: SortOrder,
?   roles?: User_RoleOrderByRelationAggregateInput,
?   permissions?: User_permissionOrderByRelationAggregateInput,
?   categories?: CategoryOrderByRelationAggregateInput,
?   devices?: User_deviceOrderByRelationAggregateInput,
?   _relevance?: UserOrderByRelevanceInput
  }
}

Unknown argument `roleIds`. Did you mean `roles`? Available options are marked with ?.
[2026-01-22T11:36:57.787Z] 
Invalid `prisma.user.findMany()` invocation:

{
  select: {
    id: true,
    first_name: true,
    last_name: true,
    username: true,
    email: true,
    roles: {
      select: {
        role: {
          select: {
            name: true,
            id: true
          }
        }
      }
    }
  },
  skip: 0,
  take: 10,
  orderBy: {
    roleIds: "asc",
    ~~~~~~~
?   id?: SortOrder,
?   first_name?: SortOrder,
?   last_name?: SortOrder,
?   username?: SortOrder,
?   email?: SortOrder,
?   password?: SortOrder,
?   created_at?: SortOrder,
?   roles?: User_RoleOrderByRelationAggregateInput,
?   permissions?: User_permissionOrderByRelationAggregateInput,
?   categories?: CategoryOrderByRelationAggregateInput,
?   devices?: User_deviceOrderByRelationAggregateInput,
?   _relevance?: UserOrderByRelevanceInput
  }
}

Unknown argument `roleIds`. Did you mean `roles`? Available options are marked with ?.
[2026-01-22T11:36:57.803Z] 
Invalid `prisma.user.findMany()` invocation:

{
  select: {
    id: true,
    first_name: true,
    last_name: true,
    username: true,
    email: true,
    roles: {
      select: {
        role: {
          select: {
            name: true,
            id: true
          }
        }
      }
    }
  },
  skip: 0,
  take: 10,
  orderBy: {
    roles: "asc"
           ~~~~~
  }
}

Argument `roles`: Invalid value provided. Expected User_RoleOrderByRelationAggregateInput, provided String.
[2026-01-22T11:36:57.806Z] 
Invalid `prisma.user.findMany()` invocation:

{
  select: {
    id: true,
    first_name: true,
    last_name: true,
    username: true,
    email: true,
    roles: {
      select: {
        role: {
          select: {
            name: true,
            id: true
          }
        }
      }
    }
  },
  skip: 0,
  take: 10,
  orderBy: {
    roles: "desc"
           ~~~~~~
  }
}

Argument `roles`: Invalid value provided. Expected User_RoleOrderByRelationAggregateInput, provided String.
[2026-01-22T11:36:57.891Z] 
Invalid `prisma.user.findMany()` invocation:

{
  select: {
    id: true,
    first_name: true,
    last_name: true,
    username: true,
    email: true,
    roles: {
      select: {
        role: {
          select: {
            name: true,
            id: true
          }
        }
      }
    }
  },
  skip: 0,
  take: 10,
  orderBy: {
    roleIds: "asc",
    ~~~~~~~
?   id?: SortOrder,
?   first_name?: SortOrder,
?   last_name?: SortOrder,
?   username?: SortOrder,
?   email?: SortOrder,
?   password?: SortOrder,
?   created_at?: SortOrder,
?   roles?: User_RoleOrderByRelationAggregateInput,
?   permissions?: User_permissionOrderByRelationAggregateInput,
?   categories?: CategoryOrderByRelationAggregateInput,
?   devices?: User_deviceOrderByRelationAggregateInput,
?   _relevance?: UserOrderByRelevanceInput
  }
}

Unknown argument `roleIds`. Did you mean `roles`? Available options are marked with ?.
[2026-01-22T11:36:57.895Z] 
Invalid `prisma.user.findMany()` invocation:

{
  select: {
    id: true,
    first_name: true,
    last_name: true,
    username: true,
    email: true,
    roles: {
      select: {
        role: {
          select: {
            name: true,
            id: true
          }
        }
      }
    }
  },
  skip: 0,
  take: 10,
  orderBy: {
    roleIds: "desc",
    ~~~~~~~
?   id?: SortOrder,
?   first_name?: SortOrder,
?   last_name?: SortOrder,
?   username?: SortOrder,
?   email?: SortOrder,
?   password?: SortOrder,
?   created_at?: SortOrder,
?   roles?: User_RoleOrderByRelationAggregateInput,
?   permissions?: User_permissionOrderByRelationAggregateInput,
?   categories?: CategoryOrderByRelationAggregateInput,
?   devices?: User_deviceOrderByRelationAggregateInput,
?   _relevance?: UserOrderByRelevanceInput
  }
}

Unknown argument `roleIds`. Did you mean `roles`? Available options are marked with ?.
[2026-01-22T11:36:57.910Z] 
Invalid `prisma.user.findMany()` invocation:

{
  select: {
    id: true,
    first_name: true,
    last_name: true,
    username: true,
    email: true,
    roles: {
      select: {
        role: {
          select: {
            name: true,
            id: true
          }
        }
      }
    }
  },
  skip: 0,
  take: 10,
  orderBy: {
    roles: "asc"
           ~~~~~
  }
}

Argument `roles`: Invalid value provided. Expected User_RoleOrderByRelationAggregateInput, provided String.
[2026-01-22T11:36:57.913Z] 
Invalid `prisma.user.findMany()` invocation:

{
  select: {
    id: true,
    first_name: true,
    last_name: true,
    username: true,
    email: true,
    roles: {
      select: {
        role: {
          select: {
            name: true,
            id: true
          }
        }
      }
    }
  },
  skip: 0,
  take: 10,
  orderBy: {
    roles: "desc"
           ~~~~~~
  }
}

Argument `roles`: Invalid value provided. Expected User_RoleOrderByRelationAggregateInput, provided String.
[2026-01-22T11:36:58.008Z] 
Invalid `prisma.user.findMany()` invocation:

{
  select: {
    id: true,
    first_name: true,
    last_name: true,
    username: true,
    email: true,
    roles: {
      select: {
        role: {
          select: {
            name: true,
            id: true
          }
        }
      }
    }
  },
  skip: 0,
  take: 10,
  orderBy: {
    roleIds: "asc",
    ~~~~~~~
?   id?: SortOrder,
?   first_name?: SortOrder,
?   last_name?: SortOrder,
?   username?: SortOrder,
?   email?: SortOrder,
?   password?: SortOrder,
?   created_at?: SortOrder,
?   roles?: User_RoleOrderByRelationAggregateInput,
?   permissions?: User_permissionOrderByRelationAggregateInput,
?   categories?: CategoryOrderByRelationAggregateInput,
?   devices?: User_deviceOrderByRelationAggregateInput,
?   _relevance?: UserOrderByRelevanceInput
  }
}

Unknown argument `roleIds`. Did you mean `roles`? Available options are marked with ?.
[2026-01-22T11:36:58.013Z] 
Invalid `prisma.user.findMany()` invocation:

{
  select: {
    id: true,
    first_name: true,
    last_name: true,
    username: true,
    email: true,
    roles: {
      select: {
        role: {
          select: {
            name: true,
            id: true
          }
        }
      }
    }
  },
  skip: 0,
  take: 10,
  orderBy: {
    roleIds: "desc",
    ~~~~~~~
?   id?: SortOrder,
?   first_name?: SortOrder,
?   last_name?: SortOrder,
?   username?: SortOrder,
?   email?: SortOrder,
?   password?: SortOrder,
?   created_at?: SortOrder,
?   roles?: User_RoleOrderByRelationAggregateInput,
?   permissions?: User_permissionOrderByRelationAggregateInput,
?   categories?: CategoryOrderByRelationAggregateInput,
?   devices?: User_deviceOrderByRelationAggregateInput,
?   _relevance?: UserOrderByRelevanceInput
  }
}

Unknown argument `roleIds`. Did you mean `roles`? Available options are marked with ?.
[2026-01-22T11:36:58.029Z] 
Invalid `prisma.user.findMany()` invocation:

{
  select: {
    id: true,
    first_name: true,
    last_name: true,
    username: true,
    email: true,
    roles: {
      select: {
        role: {
          select: {
            name: true,
            id: true
          }
        }
      }
    }
  },
  skip: 0,
  take: 10,
  orderBy: {
    roles: "asc"
           ~~~~~
  }
}

Argument `roles`: Invalid value provided. Expected User_RoleOrderByRelationAggregateInput, provided String.
[2026-01-22T11:36:58.032Z] 
Invalid `prisma.user.findMany()` invocation:

{
  select: {
    id: true,
    first_name: true,
    last_name: true,
    username: true,
    email: true,
    roles: {
      select: {
        role: {
          select: {
            name: true,
            id: true
          }
        }
      }
    }
  },
  skip: 0,
  take: 10,
  orderBy: {
    roles: "desc"
           ~~~~~~
  }
}

Argument `roles`: Invalid value provided. Expected User_RoleOrderByRelationAggregateInput, provided String.
[2026-01-22T11:36:58.214Z] 
Invalid `prisma.user.findMany()` invocation:

{
  select: {
    id: true,
    first_name: true,
    last_name: true,
    username: true,
    email: true,
    roles: {
      select: {
        role: {
          select: {
            name: true,
            id: true
          }
        }
      }
    }
  },
  skip: 0,
  take: 10,
  orderBy: {
    roleIds: "asc",
    ~~~~~~~
?   id?: SortOrder,
?   first_name?: SortOrder,
?   last_name?: SortOrder,
?   username?: SortOrder,
?   email?: SortOrder,
?   password?: SortOrder,
?   created_at?: SortOrder,
?   roles?: User_RoleOrderByRelationAggregateInput,
?   permissions?: User_permissionOrderByRelationAggregateInput,
?   categories?: CategoryOrderByRelationAggregateInput,
?   devices?: User_deviceOrderByRelationAggregateInput,
?   _relevance?: UserOrderByRelevanceInput
  }
}

Unknown argument `roleIds`. Did you mean `roles`? Available options are marked with ?.
[2026-01-22T11:36:58.220Z] 
Invalid `prisma.user.findMany()` invocation:

{
  select: {
    id: true,
    first_name: true,
    last_name: true,
    username: true,
    email: true,
    roles: {
      select: {
        role: {
          select: {
            name: true,
            id: true
          }
        }
      }
    }
  },
  skip: 0,
  take: 10,
  orderBy: {
    roleIds: "desc",
    ~~~~~~~
?   id?: SortOrder,
?   first_name?: SortOrder,
?   last_name?: SortOrder,
?   username?: SortOrder,
?   email?: SortOrder,
?   password?: SortOrder,
?   created_at?: SortOrder,
?   roles?: User_RoleOrderByRelationAggregateInput,
?   permissions?: User_permissionOrderByRelationAggregateInput,
?   categories?: CategoryOrderByRelationAggregateInput,
?   devices?: User_deviceOrderByRelationAggregateInput,
?   _relevance?: UserOrderByRelevanceInput
  }
}

Unknown argument `roleIds`. Did you mean `roles`? Available options are marked with ?.
[2026-01-22T11:36:58.280Z] 
Invalid `prisma.user.findMany()` invocation:

{
  select: {
    id: true,
    first_name: true,
    last_name: true,
    username: true,
    email: true,
    roles: {
      select: {
        role: {
          select: {
            name: true,
            id: true
          }
        }
      }
    }
  },
  skip: 0,
  take: 10,
  orderBy: {
    roles: "asc"
           ~~~~~
  }
}

Argument `roles`: Invalid value provided. Expected User_RoleOrderByRelationAggregateInput, provided String.
[2026-01-22T11:36:58.287Z] 
Invalid `prisma.user.findMany()` invocation:

{
  select: {
    id: true,
    first_name: true,
    last_name: true,
    username: true,
    email: true,
    roles: {
      select: {
        role: {
          select: {
            name: true,
            id: true
          }
        }
      }
    }
  },
  skip: 0,
  take: 10,
  orderBy: {
    roles: "desc"
           ~~~~~~
  }
}

Argument `roles`: Invalid value provided. Expected User_RoleOrderByRelationAggregateInput, provided String.
[2026-01-22T11:36:58.463Z] 
Invalid `prisma.user.findMany()` invocation:

{
  select: {
    id: true,
    first_name: true,
    last_name: true,
    username: true,
    email: true,
    roles: {
      select: {
        role: {
          select: {
            name: true,
            id: true
          }
        }
      }
    }
  },
  skip: 0,
  take: 10,
  orderBy: {
    roleIds: "asc",
    ~~~~~~~
?   id?: SortOrder,
?   first_name?: SortOrder,
?   last_name?: SortOrder,
?   username?: SortOrder,
?   email?: SortOrder,
?   password?: SortOrder,
?   created_at?: SortOrder,
?   roles?: User_RoleOrderByRelationAggregateInput,
?   permissions?: User_permissionOrderByRelationAggregateInput,
?   categories?: CategoryOrderByRelationAggregateInput,
?   devices?: User_deviceOrderByRelationAggregateInput,
?   _relevance?: UserOrderByRelevanceInput
  }
}

Unknown argument `roleIds`. Did you mean `roles`? Available options are marked with ?.
[2026-01-22T11:36:58.468Z] 
Invalid `prisma.user.findMany()` invocation:

{
  select: {
    id: true,
    first_name: true,
    last_name: true,
    username: true,
    email: true,
    roles: {
      select: {
        role: {
          select: {
            name: true,
            id: true
          }
        }
      }
    }
  },
  skip: 0,
  take: 10,
  orderBy: {
    roleIds: "desc",
    ~~~~~~~
?   id?: SortOrder,
?   first_name?: SortOrder,
?   last_name?: SortOrder,
?   username?: SortOrder,
?   email?: SortOrder,
?   password?: SortOrder,
?   created_at?: SortOrder,
?   roles?: User_RoleOrderByRelationAggregateInput,
?   permissions?: User_permissionOrderByRelationAggregateInput,
?   categories?: CategoryOrderByRelationAggregateInput,
?   devices?: User_deviceOrderByRelationAggregateInput,
?   _relevance?: UserOrderByRelevanceInput
  }
}

Unknown argument `roleIds`. Did you mean `roles`? Available options are marked with ?.
[2026-01-22T11:36:58.521Z] 
Invalid `prisma.user.findMany()` invocation:

{
  select: {
    id: true,
    first_name: true,
    last_name: true,
    username: true,
    email: true,
    roles: {
      select: {
        role: {
          select: {
            name: true,
            id: true
          }
        }
      }
    }
  },
  skip: 0,
  take: 10,
  orderBy: {
    roles: "asc"
           ~~~~~
  }
}

Argument `roles`: Invalid value provided. Expected User_RoleOrderByRelationAggregateInput, provided String.
[2026-01-22T11:36:58.528Z] 
Invalid `prisma.user.findMany()` invocation:

{
  select: {
    id: true,
    first_name: true,
    last_name: true,
    username: true,
    email: true,
    roles: {
      select: {
        role: {
          select: {
            name: true,
            id: true
          }
        }
      }
    }
  },
  skip: 0,
  take: 10,
  orderBy: {
    roles: "desc"
           ~~~~~~
  }
}

Argument `roles`: Invalid value provided. Expected User_RoleOrderByRelationAggregateInput, provided String.
[2026-01-22T11:36:58.629Z] 
Invalid `prisma.user.findMany()` invocation:

{
  select: {
    id: true,
    first_name: true,
    last_name: true,
    username: true,
    email: true,
    roles: {
      select: {
        role: {
          select: {
            name: true,
            id: true
          }
        }
      }
    }
  },
  skip: 0,
  take: 10,
  orderBy: {
    roleIds: "asc",
    ~~~~~~~
?   id?: SortOrder,
?   first_name?: SortOrder,
?   last_name?: SortOrder,
?   username?: SortOrder,
?   email?: SortOrder,
?   password?: SortOrder,
?   created_at?: SortOrder,
?   roles?: User_RoleOrderByRelationAggregateInput,
?   permissions?: User_permissionOrderByRelationAggregateInput,
?   categories?: CategoryOrderByRelationAggregateInput,
?   devices?: User_deviceOrderByRelationAggregateInput,
?   _relevance?: UserOrderByRelevanceInput
  }
}

Unknown argument `roleIds`. Did you mean `roles`? Available options are marked with ?.
[2026-01-22T11:36:58.634Z] 
Invalid `prisma.user.findMany()` invocation:

{
  select: {
    id: true,
    first_name: true,
    last_name: true,
    username: true,
    email: true,
    roles: {
      select: {
        role: {
          select: {
            name: true,
            id: true
          }
        }
      }
    }
  },
  skip: 0,
  take: 10,
  orderBy: {
    roleIds: "desc",
    ~~~~~~~
?   id?: SortOrder,
?   first_name?: SortOrder,
?   last_name?: SortOrder,
?   username?: SortOrder,
?   email?: SortOrder,
?   password?: SortOrder,
?   created_at?: SortOrder,
?   roles?: User_RoleOrderByRelationAggregateInput,
?   permissions?: User_permissionOrderByRelationAggregateInput,
?   categories?: CategoryOrderByRelationAggregateInput,
?   devices?: User_deviceOrderByRelationAggregateInput,
?   _relevance?: UserOrderByRelevanceInput
  }
}

Unknown argument `roleIds`. Did you mean `roles`? Available options are marked with ?.
[2026-01-22T11:36:58.665Z] 
Invalid `prisma.user.findMany()` invocation:

{
  select: {
    id: true,
    first_name: true,
    last_name: true,
    username: true,
    email: true,
    roles: {
      select: {
        role: {
          select: {
            name: true,
            id: true
          }
        }
      }
    }
  },
  skip: 0,
  take: 10,
  orderBy: {
    roles: "asc"
           ~~~~~
  }
}

Argument `roles`: Invalid value provided. Expected User_RoleOrderByRelationAggregateInput, provided String.
[2026-01-22T11:36:58.670Z] 
Invalid `prisma.user.findMany()` invocation:

{
  select: {
    id: true,
    first_name: true,
    last_name: true,
    username: true,
    email: true,
    roles: {
      select: {
        role: {
          select: {
            name: true,
            id: true
          }
        }
      }
    }
  },
  skip: 0,
  take: 10,
  orderBy: {
    roles: "desc"
           ~~~~~~
  }
}

Argument `roles`: Invalid value provided. Expected User_RoleOrderByRelationAggregateInput, provided String.
[2026-01-22T11:36:58.787Z] 
Invalid `prisma.user.findMany()` invocation:

{
  select: {
    id: true,
    first_name: true,
    last_name: true,
    username: true,
    email: true,
    roles: {
      select: {
        role: {
          select: {
            name: true,
            id: true
          }
        }
      }
    }
  },
  skip: 0,
  take: 10,
  orderBy: {
    roleIds: "asc",
    ~~~~~~~
?   id?: SortOrder,
?   first_name?: SortOrder,
?   last_name?: SortOrder,
?   username?: SortOrder,
?   email?: SortOrder,
?   password?: SortOrder,
?   created_at?: SortOrder,
?   roles?: User_RoleOrderByRelationAggregateInput,
?   permissions?: User_permissionOrderByRelationAggregateInput,
?   categories?: CategoryOrderByRelationAggregateInput,
?   devices?: User_deviceOrderByRelationAggregateInput,
?   _relevance?: UserOrderByRelevanceInput
  }
}

Unknown argument `roleIds`. Did you mean `roles`? Available options are marked with ?.
[2026-01-22T11:36:58.793Z] 
Invalid `prisma.user.findMany()` invocation:

{
  select: {
    id: true,
    first_name: true,
    last_name: true,
    username: true,
    email: true,
    roles: {
      select: {
        role: {
          select: {
            name: true,
            id: true
          }
        }
      }
    }
  },
  skip: 0,
  take: 10,
  orderBy: {
    roleIds: "desc",
    ~~~~~~~
?   id?: SortOrder,
?   first_name?: SortOrder,
?   last_name?: SortOrder,
?   username?: SortOrder,
?   email?: SortOrder,
?   password?: SortOrder,
?   created_at?: SortOrder,
?   roles?: User_RoleOrderByRelationAggregateInput,
?   permissions?: User_permissionOrderByRelationAggregateInput,
?   categories?: CategoryOrderByRelationAggregateInput,
?   devices?: User_deviceOrderByRelationAggregateInput,
?   _relevance?: UserOrderByRelevanceInput
  }
}

Unknown argument `roleIds`. Did you mean `roles`? Available options are marked with ?.
[2026-01-22T11:36:58.818Z] 
Invalid `prisma.user.findMany()` invocation:

{
  select: {
    id: true,
    first_name: true,
    last_name: true,
    username: true,
    email: true,
    roles: {
      select: {
        role: {
          select: {
            name: true,
            id: true
          }
        }
      }
    }
  },
  skip: 0,
  take: 10,
  orderBy: {
    roles: "asc"
           ~~~~~
  }
}

Argument `roles`: Invalid value provided. Expected User_RoleOrderByRelationAggregateInput, provided String.
[2026-01-22T11:36:58.824Z] 
Invalid `prisma.user.findMany()` invocation:

{
  select: {
    id: true,
    first_name: true,
    last_name: true,
    username: true,
    email: true,
    roles: {
      select: {
        role: {
          select: {
            name: true,
            id: true
          }
        }
      }
    }
  },
  skip: 0,
  take: 10,
  orderBy: {
    roles: "desc"
           ~~~~~~
  }
}

Argument `roles`: Invalid value provided. Expected User_RoleOrderByRelationAggregateInput, provided String.
[2026-01-22T11:36:58.931Z] 
Invalid `prisma.user.findMany()` invocation:

{
  select: {
    id: true,
    first_name: true,
    last_name: true,
    username: true,
    email: true,
    roles: {
      select: {
        role: {
          select: {
            name: true,
            id: true
          }
        }
      }
    }
  },
  skip: 0,
  take: 10,
  orderBy: {
    roleIds: "asc",
    ~~~~~~~
?   id?: SortOrder,
?   first_name?: SortOrder,
?   last_name?: SortOrder,
?   username?: SortOrder,
?   email?: SortOrder,
?   password?: SortOrder,
?   created_at?: SortOrder,
?   roles?: User_RoleOrderByRelationAggregateInput,
?   permissions?: User_permissionOrderByRelationAggregateInput,
?   categories?: CategoryOrderByRelationAggregateInput,
?   devices?: User_deviceOrderByRelationAggregateInput,
?   _relevance?: UserOrderByRelevanceInput
  }
}

Unknown argument `roleIds`. Did you mean `roles`? Available options are marked with ?.
[2026-01-22T11:36:58.935Z] 
Invalid `prisma.user.findMany()` invocation:

{
  select: {
    id: true,
    first_name: true,
    last_name: true,
    username: true,
    email: true,
    roles: {
      select: {
        role: {
          select: {
            name: true,
            id: true
          }
        }
      }
    }
  },
  skip: 0,
  take: 10,
  orderBy: {
    roleIds: "desc",
    ~~~~~~~
?   id?: SortOrder,
?   first_name?: SortOrder,
?   last_name?: SortOrder,
?   username?: SortOrder,
?   email?: SortOrder,
?   password?: SortOrder,
?   created_at?: SortOrder,
?   roles?: User_RoleOrderByRelationAggregateInput,
?   permissions?: User_permissionOrderByRelationAggregateInput,
?   categories?: CategoryOrderByRelationAggregateInput,
?   devices?: User_deviceOrderByRelationAggregateInput,
?   _relevance?: UserOrderByRelevanceInput
  }
}

Unknown argument `roleIds`. Did you mean `roles`? Available options are marked with ?.
[2026-01-22T11:36:58.978Z] 
Invalid `prisma.user.findMany()` invocation:

{
  select: {
    id: true,
    first_name: true,
    last_name: true,
    username: true,
    email: true,
    roles: {
      select: {
        role: {
          select: {
            name: true,
            id: true
          }
        }
      }
    }
  },
  skip: 0,
  take: 10,
  orderBy: {
    roles: "asc"
           ~~~~~
  }
}

Argument `roles`: Invalid value provided. Expected User_RoleOrderByRelationAggregateInput, provided String.
[2026-01-22T11:36:58.983Z] 
Invalid `prisma.user.findMany()` invocation:

{
  select: {
    id: true,
    first_name: true,
    last_name: true,
    username: true,
    email: true,
    roles: {
      select: {
        role: {
          select: {
            name: true,
            id: true
          }
        }
      }
    }
  },
  skip: 0,
  take: 10,
  orderBy: {
    roles: "desc"
           ~~~~~~
  }
}

Argument `roles`: Invalid value provided. Expected User_RoleOrderByRelationAggregateInput, provided String.
[2026-01-22T11:36:59.075Z] 
Invalid `prisma.user.findMany()` invocation:

{
  select: {
    id: true,
    first_name: true,
    last_name: true,
    username: true,
    email: true,
    roles: {
      select: {
        role: {
          select: {
            name: true,
            id: true
          }
        }
      }
    }
  },
  skip: 0,
  take: 10,
  orderBy: {
    roleIds: "asc",
    ~~~~~~~
?   id?: SortOrder,
?   first_name?: SortOrder,
?   last_name?: SortOrder,
?   username?: SortOrder,
?   email?: SortOrder,
?   password?: SortOrder,
?   created_at?: SortOrder,
?   roles?: User_RoleOrderByRelationAggregateInput,
?   permissions?: User_permissionOrderByRelationAggregateInput,
?   categories?: CategoryOrderByRelationAggregateInput,
?   devices?: User_deviceOrderByRelationAggregateInput,
?   _relevance?: UserOrderByRelevanceInput
  }
}

Unknown argument `roleIds`. Did you mean `roles`? Available options are marked with ?.
[2026-01-22T11:36:59.081Z] 
Invalid `prisma.user.findMany()` invocation:

{
  select: {
    id: true,
    first_name: true,
    last_name: true,
    username: true,
    email: true,
    roles: {
      select: {
        role: {
          select: {
            name: true,
            id: true
          }
        }
      }
    }
  },
  skip: 0,
  take: 10,
  orderBy: {
    roleIds: "desc",
    ~~~~~~~
?   id?: SortOrder,
?   first_name?: SortOrder,
?   last_name?: SortOrder,
?   username?: SortOrder,
?   email?: SortOrder,
?   password?: SortOrder,
?   created_at?: SortOrder,
?   roles?: User_RoleOrderByRelationAggregateInput,
?   permissions?: User_permissionOrderByRelationAggregateInput,
?   categories?: CategoryOrderByRelationAggregateInput,
?   devices?: User_deviceOrderByRelationAggregateInput,
?   _relevance?: UserOrderByRelevanceInput
  }
}

Unknown argument `roleIds`. Did you mean `roles`? Available options are marked with ?.
[2026-01-22T11:36:59.108Z] 
Invalid `prisma.user.findMany()` invocation:

{
  select: {
    id: true,
    first_name: true,
    last_name: true,
    username: true,
    email: true,
    roles: {
      select: {
        role: {
          select: {
            name: true,
            id: true
          }
        }
      }
    }
  },
  skip: 0,
  take: 10,
  orderBy: {
    roles: "asc"
           ~~~~~
  }
}

Argument `roles`: Invalid value provided. Expected User_RoleOrderByRelationAggregateInput, provided String.
[2026-01-22T11:36:59.113Z] 
Invalid `prisma.user.findMany()` invocation:

{
  select: {
    id: true,
    first_name: true,
    last_name: true,
    username: true,
    email: true,
    roles: {
      select: {
        role: {
          select: {
            name: true,
            id: true
          }
        }
      }
    }
  },
  skip: 0,
  take: 10,
  orderBy: {
    roles: "desc"
           ~~~~~~
  }
}

Argument `roles`: Invalid value provided. Expected User_RoleOrderByRelationAggregateInput, provided String.
[2026-01-22T11:36:59.234Z] 
Invalid `prisma.user.findMany()` invocation:

{
  select: {
    id: true,
    first_name: true,
    last_name: true,
    username: true,
    email: true,
    roles: {
      select: {
        role: {
          select: {
            name: true,
            id: true
          }
        }
      }
    }
  },
  skip: 0,
  take: 10,
  orderBy: {
    roleIds: "asc",
    ~~~~~~~
?   id?: SortOrder,
?   first_name?: SortOrder,
?   last_name?: SortOrder,
?   username?: SortOrder,
?   email?: SortOrder,
?   password?: SortOrder,
?   created_at?: SortOrder,
?   roles?: User_RoleOrderByRelationAggregateInput,
?   permissions?: User_permissionOrderByRelationAggregateInput,
?   categories?: CategoryOrderByRelationAggregateInput,
?   devices?: User_deviceOrderByRelationAggregateInput,
?   _relevance?: UserOrderByRelevanceInput
  }
}

Unknown argument `roleIds`. Did you mean `roles`? Available options are marked with ?.
[2026-01-22T11:36:59.238Z] 
Invalid `prisma.user.findMany()` invocation:

{
  select: {
    id: true,
    first_name: true,
    last_name: true,
    username: true,
    email: true,
    roles: {
      select: {
        role: {
          select: {
            name: true,
            id: true
          }
        }
      }
    }
  },
  skip: 0,
  take: 10,
  orderBy: {
    roleIds: "desc",
    ~~~~~~~
?   id?: SortOrder,
?   first_name?: SortOrder,
?   last_name?: SortOrder,
?   username?: SortOrder,
?   email?: SortOrder,
?   password?: SortOrder,
?   created_at?: SortOrder,
?   roles?: User_RoleOrderByRelationAggregateInput,
?   permissions?: User_permissionOrderByRelationAggregateInput,
?   categories?: CategoryOrderByRelationAggregateInput,
?   devices?: User_deviceOrderByRelationAggregateInput,
?   _relevance?: UserOrderByRelevanceInput
  }
}

Unknown argument `roleIds`. Did you mean `roles`? Available options are marked with ?.
[2026-01-22T11:36:59.266Z] 
Invalid `prisma.user.findMany()` invocation:

{
  select: {
    id: true,
    first_name: true,
    last_name: true,
    username: true,
    email: true,
    roles: {
      select: {
        role: {
          select: {
            name: true,
            id: true
          }
        }
      }
    }
  },
  skip: 0,
  take: 10,
  orderBy: {
    roles: "asc"
           ~~~~~
  }
}

Argument `roles`: Invalid value provided. Expected User_RoleOrderByRelationAggregateInput, provided String.
[2026-01-22T11:36:59.271Z] 
Invalid `prisma.user.findMany()` invocation:

{
  select: {
    id: true,
    first_name: true,
    last_name: true,
    username: true,
    email: true,
    roles: {
      select: {
        role: {
          select: {
            name: true,
            id: true
          }
        }
      }
    }
  },
  skip: 0,
  take: 10,
  orderBy: {
    roles: "desc"
           ~~~~~~
  }
}

Argument `roles`: Invalid value provided. Expected User_RoleOrderByRelationAggregateInput, provided String.
[2026-01-22T11:36:59.371Z] 
Invalid `prisma.user.findMany()` invocation:

{
  select: {
    id: true,
    first_name: true,
    last_name: true,
    username: true,
    email: true,
    roles: {
      select: {
        role: {
          select: {
            name: true,
            id: true
          }
        }
      }
    }
  },
  skip: 0,
  take: 10,
  orderBy: {
    roleIds: "asc",
    ~~~~~~~
?   id?: SortOrder,
?   first_name?: SortOrder,
?   last_name?: SortOrder,
?   username?: SortOrder,
?   email?: SortOrder,
?   password?: SortOrder,
?   created_at?: SortOrder,
?   roles?: User_RoleOrderByRelationAggregateInput,
?   permissions?: User_permissionOrderByRelationAggregateInput,
?   categories?: CategoryOrderByRelationAggregateInput,
?   devices?: User_deviceOrderByRelationAggregateInput,
?   _relevance?: UserOrderByRelevanceInput
  }
}

Unknown argument `roleIds`. Did you mean `roles`? Available options are marked with ?.
[2026-01-22T11:36:59.376Z] 
Invalid `prisma.user.findMany()` invocation:

{
  select: {
    id: true,
    first_name: true,
    last_name: true,
    username: true,
    email: true,
    roles: {
      select: {
        role: {
          select: {
            name: true,
            id: true
          }
        }
      }
    }
  },
  skip: 0,
  take: 10,
  orderBy: {
    roleIds: "desc",
    ~~~~~~~
?   id?: SortOrder,
?   first_name?: SortOrder,
?   last_name?: SortOrder,
?   username?: SortOrder,
?   email?: SortOrder,
?   password?: SortOrder,
?   created_at?: SortOrder,
?   roles?: User_RoleOrderByRelationAggregateInput,
?   permissions?: User_permissionOrderByRelationAggregateInput,
?   categories?: CategoryOrderByRelationAggregateInput,
?   devices?: User_deviceOrderByRelationAggregateInput,
?   _relevance?: UserOrderByRelevanceInput
  }
}

Unknown argument `roleIds`. Did you mean `roles`? Available options are marked with ?.
[2026-01-22T11:36:59.426Z] 
Invalid `prisma.user.findMany()` invocation:

{
  select: {
    id: true,
    first_name: true,
    last_name: true,
    username: true,
    email: true,
    roles: {
      select: {
        role: {
          select: {
            name: true,
            id: true
          }
        }
      }
    }
  },
  skip: 0,
  take: 10,
  orderBy: {
    roles: "asc"
           ~~~~~
  }
}

Argument `roles`: Invalid value provided. Expected User_RoleOrderByRelationAggregateInput, provided String.
[2026-01-22T11:36:59.431Z] 
Invalid `prisma.user.findMany()` invocation:

{
  select: {
    id: true,
    first_name: true,
    last_name: true,
    username: true,
    email: true,
    roles: {
      select: {
        role: {
          select: {
            name: true,
            id: true
          }
        }
      }
    }
  },
  skip: 0,
  take: 10,
  orderBy: {
    roles: "desc"
           ~~~~~~
  }
}

Argument `roles`: Invalid value provided. Expected User_RoleOrderByRelationAggregateInput, provided String.
[2026-01-22T11:36:59.519Z] 
Invalid `prisma.user.findMany()` invocation:

{
  select: {
    id: true,
    first_name: true,
    last_name: true,
    username: true,
    email: true,
    roles: {
      select: {
        role: {
          select: {
            name: true,
            id: true
          }
        }
      }
    }
  },
  skip: 0,
  take: 10,
  orderBy: {
    roleIds: "asc",
    ~~~~~~~
?   id?: SortOrder,
?   first_name?: SortOrder,
?   last_name?: SortOrder,
?   username?: SortOrder,
?   email?: SortOrder,
?   password?: SortOrder,
?   created_at?: SortOrder,
?   roles?: User_RoleOrderByRelationAggregateInput,
?   permissions?: User_permissionOrderByRelationAggregateInput,
?   categories?: CategoryOrderByRelationAggregateInput,
?   devices?: User_deviceOrderByRelationAggregateInput,
?   _relevance?: UserOrderByRelevanceInput
  }
}

Unknown argument `roleIds`. Did you mean `roles`? Available options are marked with ?.
[2026-01-22T11:36:59.526Z] 
Invalid `prisma.user.findMany()` invocation:

{
  select: {
    id: true,
    first_name: true,
    last_name: true,
    username: true,
    email: true,
    roles: {
      select: {
        role: {
          select: {
            name: true,
            id: true
          }
        }
      }
    }
  },
  skip: 0,
  take: 10,
  orderBy: {
    roleIds: "desc",
    ~~~~~~~
?   id?: SortOrder,
?   first_name?: SortOrder,
?   last_name?: SortOrder,
?   username?: SortOrder,
?   email?: SortOrder,
?   password?: SortOrder,
?   created_at?: SortOrder,
?   roles?: User_RoleOrderByRelationAggregateInput,
?   permissions?: User_permissionOrderByRelationAggregateInput,
?   categories?: CategoryOrderByRelationAggregateInput,
?   devices?: User_deviceOrderByRelationAggregateInput,
?   _relevance?: UserOrderByRelevanceInput
  }
}

Unknown argument `roleIds`. Did you mean `roles`? Available options are marked with ?.
[2026-01-22T11:36:59.552Z] 
Invalid `prisma.user.findMany()` invocation:

{
  select: {
    id: true,
    first_name: true,
    last_name: true,
    username: true,
    email: true,
    roles: {
      select: {
        role: {
          select: {
            name: true,
            id: true
          }
        }
      }
    }
  },
  skip: 0,
  take: 10,
  orderBy: {
    roles: "asc"
           ~~~~~
  }
}

Argument `roles`: Invalid value provided. Expected User_RoleOrderByRelationAggregateInput, provided String.
[2026-01-22T11:36:59.557Z] 
Invalid `prisma.user.findMany()` invocation:

{
  select: {
    id: true,
    first_name: true,
    last_name: true,
    username: true,
    email: true,
    roles: {
      select: {
        role: {
          select: {
            name: true,
            id: true
          }
        }
      }
    }
  },
  skip: 0,
  take: 10,
  orderBy: {
    roles: "desc"
           ~~~~~~
  }
}

Argument `roles`: Invalid value provided. Expected User_RoleOrderByRelationAggregateInput, provided String.
[2026-01-22T11:36:59.710Z] 
Invalid `prisma.user.findMany()` invocation:

{
  select: {
    id: true,
    first_name: true,
    last_name: true,
    username: true,
    email: true,
    roles: {
      select: {
        role: {
          select: {
            name: true,
            id: true
          }
        }
      }
    }
  },
  skip: 0,
  take: 10,
  orderBy: {
    roleIds: "asc",
    ~~~~~~~
?   id?: SortOrder,
?   first_name?: SortOrder,
?   last_name?: SortOrder,
?   username?: SortOrder,
?   email?: SortOrder,
?   password?: SortOrder,
?   created_at?: SortOrder,
?   roles?: User_RoleOrderByRelationAggregateInput,
?   permissions?: User_permissionOrderByRelationAggregateInput,
?   categories?: CategoryOrderByRelationAggregateInput,
?   devices?: User_deviceOrderByRelationAggregateInput,
?   _relevance?: UserOrderByRelevanceInput
  }
}

Unknown argument `roleIds`. Did you mean `roles`? Available options are marked with ?.
[2026-01-22T11:36:59.714Z] 
Invalid `prisma.user.findMany()` invocation:

{
  select: {
    id: true,
    first_name: true,
    last_name: true,
    username: true,
    email: true,
    roles: {
      select: {
        role: {
          select: {
            name: true,
            id: true
          }
        }
      }
    }
  },
  skip: 0,
  take: 10,
  orderBy: {
    roleIds: "desc",
    ~~~~~~~
?   id?: SortOrder,
?   first_name?: SortOrder,
?   last_name?: SortOrder,
?   username?: SortOrder,
?   email?: SortOrder,
?   password?: SortOrder,
?   created_at?: SortOrder,
?   roles?: User_RoleOrderByRelationAggregateInput,
?   permissions?: User_permissionOrderByRelationAggregateInput,
?   categories?: CategoryOrderByRelationAggregateInput,
?   devices?: User_deviceOrderByRelationAggregateInput,
?   _relevance?: UserOrderByRelevanceInput
  }
}

Unknown argument `roleIds`. Did you mean `roles`? Available options are marked with ?.
[2026-01-22T11:36:59.740Z] 
Invalid `prisma.user.findMany()` invocation:

{
  select: {
    id: true,
    first_name: true,
    last_name: true,
    username: true,
    email: true,
    roles: {
      select: {
        role: {
          select: {
            name: true,
            id: true
          }
        }
      }
    }
  },
  skip: 0,
  take: 10,
  orderBy: {
    roles: "asc"
           ~~~~~
  }
}

Argument `roles`: Invalid value provided. Expected User_RoleOrderByRelationAggregateInput, provided String.
[2026-01-22T11:36:59.748Z] 
Invalid `prisma.user.findMany()` invocation:

{
  select: {
    id: true,
    first_name: true,
    last_name: true,
    username: true,
    email: true,
    roles: {
      select: {
        role: {
          select: {
            name: true,
            id: true
          }
        }
      }
    }
  },
  skip: 0,
  take: 10,
  orderBy: {
    roles: "desc"
           ~~~~~~
  }
}

Argument `roles`: Invalid value provided. Expected User_RoleOrderByRelationAggregateInput, provided String.
[2026-01-22T11:36:59.870Z] 
Invalid `prisma.user.findMany()` invocation:

{
  select: {
    id: true,
    first_name: true,
    last_name: true,
    username: true,
    email: true,
    roles: {
      select: {
        role: {
          select: {
            name: true,
            id: true
          }
        }
      }
    }
  },
  skip: 0,
  take: 10,
  orderBy: {
    roleIds: "asc",
    ~~~~~~~
?   id?: SortOrder,
?   first_name?: SortOrder,
?   last_name?: SortOrder,
?   username?: SortOrder,
?   email?: SortOrder,
?   password?: SortOrder,
?   created_at?: SortOrder,
?   roles?: User_RoleOrderByRelationAggregateInput,
?   permissions?: User_permissionOrderByRelationAggregateInput,
?   categories?: CategoryOrderByRelationAggregateInput,
?   devices?: User_deviceOrderByRelationAggregateInput,
?   _relevance?: UserOrderByRelevanceInput
  }
}

Unknown argument `roleIds`. Did you mean `roles`? Available options are marked with ?.
[2026-01-22T11:36:59.882Z] 
Invalid `prisma.user.findMany()` invocation:

{
  select: {
    id: true,
    first_name: true,
    last_name: true,
    username: true,
    email: true,
    roles: {
      select: {
        role: {
          select: {
            name: true,
            id: true
          }
        }
      }
    }
  },
  skip: 0,
  take: 10,
  orderBy: {
    roleIds: "desc",
    ~~~~~~~
?   id?: SortOrder,
?   first_name?: SortOrder,
?   last_name?: SortOrder,
?   username?: SortOrder,
?   email?: SortOrder,
?   password?: SortOrder,
?   created_at?: SortOrder,
?   roles?: User_RoleOrderByRelationAggregateInput,
?   permissions?: User_permissionOrderByRelationAggregateInput,
?   categories?: CategoryOrderByRelationAggregateInput,
?   devices?: User_deviceOrderByRelationAggregateInput,
?   _relevance?: UserOrderByRelevanceInput
  }
}

Unknown argument `roleIds`. Did you mean `roles`? Available options are marked with ?.
[2026-01-22T11:36:59.964Z] 
Invalid `prisma.user.findMany()` invocation:

{
  select: {
    id: true,
    first_name: true,
    last_name: true,
    username: true,
    email: true,
    roles: {
      select: {
        role: {
          select: {
            name: true,
            id: true
          }
        }
      }
    }
  },
  skip: 0,
  take: 10,
  orderBy: {
    roles: "asc"
           ~~~~~
  }
}

Argument `roles`: Invalid value provided. Expected User_RoleOrderByRelationAggregateInput, provided String.
[2026-01-22T11:36:59.971Z] 
Invalid `prisma.user.findMany()` invocation:

{
  select: {
    id: true,
    first_name: true,
    last_name: true,
    username: true,
    email: true,
    roles: {
      select: {
        role: {
          select: {
            name: true,
            id: true
          }
        }
      }
    }
  },
  skip: 0,
  take: 10,
  orderBy: {
    roles: "desc"
           ~~~~~~
  }
}

Argument `roles`: Invalid value provided. Expected User_RoleOrderByRelationAggregateInput, provided String.
[2026-01-22T11:37:00.083Z] 
Invalid `prisma.user.findMany()` invocation:

{
  select: {
    id: true,
    first_name: true,
    last_name: true,
    username: true,
    email: true,
    roles: {
      select: {
        role: {
          select: {
            name: true,
            id: true
          }
        }
      }
    }
  },
  skip: 0,
  take: 10,
  orderBy: {
    roleIds: "asc",
    ~~~~~~~
?   id?: SortOrder,
?   first_name?: SortOrder,
?   last_name?: SortOrder,
?   username?: SortOrder,
?   email?: SortOrder,
?   password?: SortOrder,
?   created_at?: SortOrder,
?   roles?: User_RoleOrderByRelationAggregateInput,
?   permissions?: User_permissionOrderByRelationAggregateInput,
?   categories?: CategoryOrderByRelationAggregateInput,
?   devices?: User_deviceOrderByRelationAggregateInput,
?   _relevance?: UserOrderByRelevanceInput
  }
}

Unknown argument `roleIds`. Did you mean `roles`? Available options are marked with ?.
[2026-01-22T11:37:00.088Z] 
Invalid `prisma.user.findMany()` invocation:

{
  select: {
    id: true,
    first_name: true,
    last_name: true,
    username: true,
    email: true,
    roles: {
      select: {
        role: {
          select: {
            name: true,
            id: true
          }
        }
      }
    }
  },
  skip: 0,
  take: 10,
  orderBy: {
    roleIds: "desc",
    ~~~~~~~
?   id?: SortOrder,
?   first_name?: SortOrder,
?   last_name?: SortOrder,
?   username?: SortOrder,
?   email?: SortOrder,
?   password?: SortOrder,
?   created_at?: SortOrder,
?   roles?: User_RoleOrderByRelationAggregateInput,
?   permissions?: User_permissionOrderByRelationAggregateInput,
?   categories?: CategoryOrderByRelationAggregateInput,
?   devices?: User_deviceOrderByRelationAggregateInput,
?   _relevance?: UserOrderByRelevanceInput
  }
}

Unknown argument `roleIds`. Did you mean `roles`? Available options are marked with ?.
[2026-01-22T11:37:00.200Z] 
Invalid `prisma.user.findMany()` invocation:

{
  select: {
    id: true,
    first_name: true,
    last_name: true,
    username: true,
    email: true,
    roles: {
      select: {
        role: {
          select: {
            name: true,
            id: true
          }
        }
      }
    }
  },
  skip: 0,
  take: 10,
  orderBy: {
    roles: "asc"
           ~~~~~
  }
}

Argument `roles`: Invalid value provided. Expected User_RoleOrderByRelationAggregateInput, provided String.
[2026-01-22T11:37:00.405Z] 
Invalid `prisma.user.findMany()` invocation:

{
  select: {
    id: true,
    first_name: true,
    last_name: true,
    username: true,
    email: true,
    roles: {
      select: {
        role: {
          select: {
            name: true,
            id: true
          }
        }
      }
    }
  },
  skip: 0,
  take: 10,
  orderBy: {
    roles: "desc"
           ~~~~~~
  }
}

Argument `roles`: Invalid value provided. Expected User_RoleOrderByRelationAggregateInput, provided String.
[2026-01-22T11:37:00.684Z] 
Invalid `prisma.user.findMany()` invocation:

{
  select: {
    id: true,
    first_name: true,
    last_name: true,
    username: true,
    email: true,
    roles: {
      select: {
        role: {
          select: {
            name: true,
            id: true
          }
        }
      }
    }
  },
  skip: 0,
  take: 10,
  orderBy: {
    roleIds: "desc",
    ~~~~~~~
?   id?: SortOrder,
?   first_name?: SortOrder,
?   last_name?: SortOrder,
?   username?: SortOrder,
?   email?: SortOrder,
?   password?: SortOrder,
?   created_at?: SortOrder,
?   roles?: User_RoleOrderByRelationAggregateInput,
?   permissions?: User_permissionOrderByRelationAggregateInput,
?   categories?: CategoryOrderByRelationAggregateInput,
?   devices?: User_deviceOrderByRelationAggregateInput,
?   _relevance?: UserOrderByRelevanceInput
  }
}

Unknown argument `roleIds`. Did you mean `roles`? Available options are marked with ?.
[2026-01-22T11:37:00.770Z] 
Invalid `prisma.user.findMany()` invocation:

{
  select: {
    id: true,
    first_name: true,
    last_name: true,
    username: true,
    email: true,
    roles: {
      select: {
        role: {
          select: {
            name: true,
            id: true
          }
        }
      }
    }
  },
  skip: 0,
  take: 10,
  orderBy: {
    roleIds: "asc",
    ~~~~~~~
?   id?: SortOrder,
?   first_name?: SortOrder,
?   last_name?: SortOrder,
?   username?: SortOrder,
?   email?: SortOrder,
?   password?: SortOrder,
?   created_at?: SortOrder,
?   roles?: User_RoleOrderByRelationAggregateInput,
?   permissions?: User_permissionOrderByRelationAggregateInput,
?   categories?: CategoryOrderByRelationAggregateInput,
?   devices?: User_deviceOrderByRelationAggregateInput,
?   _relevance?: UserOrderByRelevanceInput
  }
}

Unknown argument `roleIds`. Did you mean `roles`? Available options are marked with ?.
[2026-01-22T11:37:01.669Z] 
Invalid `prisma.user.findMany()` invocation:

{
  select: {
    id: true,
    first_name: true,
    last_name: true,
    username: true,
    email: true,
    roles: {
      select: {
        role: {
          select: {
            name: true,
            id: true
          }
        }
      }
    }
  },
  skip: 0,
  take: 10,
  orderBy: {
    roles: "desc"
           ~~~~~~
  }
}

Argument `roles`: Invalid value provided. Expected User_RoleOrderByRelationAggregateInput, provided String.
[2026-01-22T11:37:01.705Z] 
Invalid `prisma.user.findMany()` invocation:

{
  select: {
    id: true,
    first_name: true,
    last_name: true,
    username: true,
    email: true,
    roles: {
      select: {
        role: {
          select: {
            name: true,
            id: true
          }
        }
      }
    }
  },
  skip: 0,
  take: 10,
  orderBy: {
    roles: "asc"
           ~~~~~
  }
}

Argument `roles`: Invalid value provided. Expected User_RoleOrderByRelationAggregateInput, provided String.
[2026-01-22T11:37:02.376Z] 
Invalid `prisma.user.findMany()` invocation:

{
  select: {
    id: true,
    first_name: true,
    last_name: true,
    username: true,
    email: true,
    roles: {
      select: {
        role: {
          select: {
            name: true,
            id: true
          }
        }
      }
    }
  },
  skip: 0,
  take: 10,
  orderBy: {
    roleIds: "desc",
    ~~~~~~~
?   id?: SortOrder,
?   first_name?: SortOrder,
?   last_name?: SortOrder,
?   username?: SortOrder,
?   email?: SortOrder,
?   password?: SortOrder,
?   created_at?: SortOrder,
?   roles?: User_RoleOrderByRelationAggregateInput,
?   permissions?: User_permissionOrderByRelationAggregateInput,
?   categories?: CategoryOrderByRelationAggregateInput,
?   devices?: User_deviceOrderByRelationAggregateInput,
?   _relevance?: UserOrderByRelevanceInput
  }
}

Unknown argument `roleIds`. Did you mean `roles`? Available options are marked with ?.
[2026-01-22T11:37:02.402Z] 
Invalid `prisma.user.findMany()` invocation:

{
  select: {
    id: true,
    first_name: true,
    last_name: true,
    username: true,
    email: true,
    roles: {
      select: {
        role: {
          select: {
            name: true,
            id: true
          }
        }
      }
    }
  },
  skip: 0,
  take: 10,
  orderBy: {
    roles: "asc"
           ~~~~~
  }
}

Argument `roles`: Invalid value provided. Expected User_RoleOrderByRelationAggregateInput, provided String.
[2026-01-22T11:37:02.409Z] 
Invalid `prisma.user.findMany()` invocation:

{
  select: {
    id: true,
    first_name: true,
    last_name: true,
    username: true,
    email: true,
    roles: {
      select: {
        role: {
          select: {
            name: true,
            id: true
          }
        }
      }
    }
  },
  skip: 0,
  take: 10,
  orderBy: {
    roleIds: "asc",
    ~~~~~~~
?   id?: SortOrder,
?   first_name?: SortOrder,
?   last_name?: SortOrder,
?   username?: SortOrder,
?   email?: SortOrder,
?   password?: SortOrder,
?   created_at?: SortOrder,
?   roles?: User_RoleOrderByRelationAggregateInput,
?   permissions?: User_permissionOrderByRelationAggregateInput,
?   categories?: CategoryOrderByRelationAggregateInput,
?   devices?: User_deviceOrderByRelationAggregateInput,
?   _relevance?: UserOrderByRelevanceInput
  }
}

Unknown argument `roleIds`. Did you mean `roles`? Available options are marked with ?.
[2026-01-22T11:37:02.419Z] 
Invalid `prisma.user.findMany()` invocation:

{
  select: {
    id: true,
    first_name: true,
    last_name: true,
    username: true,
    email: true,
    roles: {
      select: {
        role: {
          select: {
            name: true,
            id: true
          }
        }
      }
    }
  },
  skip: 0,
  take: 10,
  orderBy: {
    roles: "asc"
           ~~~~~
  }
}

Argument `roles`: Invalid value provided. Expected User_RoleOrderByRelationAggregateInput, provided String.
[2026-01-22T11:37:02.436Z] 
Invalid `prisma.user.findMany()` invocation:

{
  select: {
    id: true,
    first_name: true,
    last_name: true,
    username: true,
    email: true,
    roles: {
      select: {
        role: {
          select: {
            name: true,
            id: true
          }
        }
      }
    }
  },
  skip: 0,
  take: 10,
  orderBy: {
    roles: "desc"
           ~~~~~~
  }
}

Argument `roles`: Invalid value provided. Expected User_RoleOrderByRelationAggregateInput, provided String.
[2026-01-22T11:37:02.450Z] 
Invalid `prisma.user.findMany()` invocation:

{
  select: {
    id: true,
    first_name: true,
    last_name: true,
    username: true,
    email: true,
    roles: {
      select: {
        role: {
          select: {
            name: true,
            id: true
          }
        }
      }
    }
  },
  skip: 0,
  take: 10,
  orderBy: {
    roles: "desc"
           ~~~~~~
  }
}

Argument `roles`: Invalid value provided. Expected User_RoleOrderByRelationAggregateInput, provided String.
[2026-01-22T11:37:02.455Z] 
Invalid `prisma.user.findMany()` invocation:

{
  select: {
    id: true,
    first_name: true,
    last_name: true,
    username: true,
    email: true,
    roles: {
      select: {
        role: {
          select: {
            name: true,
            id: true
          }
        }
      }
    }
  },
  skip: 0,
  take: 10,
  orderBy: {
    roleIds: "desc",
    ~~~~~~~
?   id?: SortOrder,
?   first_name?: SortOrder,
?   last_name?: SortOrder,
?   username?: SortOrder,
?   email?: SortOrder,
?   password?: SortOrder,
?   created_at?: SortOrder,
?   roles?: User_RoleOrderByRelationAggregateInput,
?   permissions?: User_permissionOrderByRelationAggregateInput,
?   categories?: CategoryOrderByRelationAggregateInput,
?   devices?: User_deviceOrderByRelationAggregateInput,
?   _relevance?: UserOrderByRelevanceInput
  }
}

Unknown argument `roleIds`. Did you mean `roles`? Available options are marked with ?.
[2026-01-22T11:37:02.494Z] 
Invalid `prisma.user.findMany()` invocation:

{
  select: {
    id: true,
    first_name: true,
    last_name: true,
    username: true,
    email: true,
    roles: {
      select: {
        role: {
          select: {
            name: true,
            id: true
          }
        }
      }
    }
  },
  skip: 0,
  take: 10,
  orderBy: {
    roleIds: "asc",
    ~~~~~~~
?   id?: SortOrder,
?   first_name?: SortOrder,
?   last_name?: SortOrder,
?   username?: SortOrder,
?   email?: SortOrder,
?   password?: SortOrder,
?   created_at?: SortOrder,
?   roles?: User_RoleOrderByRelationAggregateInput,
?   permissions?: User_permissionOrderByRelationAggregateInput,
?   categories?: CategoryOrderByRelationAggregateInput,
?   devices?: User_deviceOrderByRelationAggregateInput,
?   _relevance?: UserOrderByRelevanceInput
  }
}

Unknown argument `roleIds`. Did you mean `roles`? Available options are marked with ?.
[2026-01-22T11:37:02.513Z] 
Invalid `prisma.user.findMany()` invocation:

{
  select: {
    id: true,
    first_name: true,
    last_name: true,
    username: true,
    email: true,
    roles: {
      select: {
        role: {
          select: {
            name: true,
            id: true
          }
        }
      }
    }
  },
  skip: 0,
  take: 10,
  orderBy: {
    roles: "asc"
           ~~~~~
  }
}

Argument `roles`: Invalid value provided. Expected User_RoleOrderByRelationAggregateInput, provided String.
[2026-01-22T11:37:02.533Z] 
Invalid `prisma.user.findMany()` invocation:

{
  select: {
    id: true,
    first_name: true,
    last_name: true,
    username: true,
    email: true,
    roles: {
      select: {
        role: {
          select: {
            name: true,
            id: true
          }
        }
      }
    }
  },
  skip: 0,
  take: 10,
  orderBy: {
    roleIds: "desc",
    ~~~~~~~
?   id?: SortOrder,
?   first_name?: SortOrder,
?   last_name?: SortOrder,
?   username?: SortOrder,
?   email?: SortOrder,
?   password?: SortOrder,
?   created_at?: SortOrder,
?   roles?: User_RoleOrderByRelationAggregateInput,
?   permissions?: User_permissionOrderByRelationAggregateInput,
?   categories?: CategoryOrderByRelationAggregateInput,
?   devices?: User_deviceOrderByRelationAggregateInput,
?   _relevance?: UserOrderByRelevanceInput
  }
}

Unknown argument `roleIds`. Did you mean `roles`? Available options are marked with ?.
[2026-01-22T11:37:02.537Z] 
Invalid `prisma.user.findMany()` invocation:

{
  select: {
    id: true,
    first_name: true,
    last_name: true,
    username: true,
    email: true,
    roles: {
      select: {
        role: {
          select: {
            name: true,
            id: true
          }
        }
      }
    }
  },
  skip: 0,
  take: 10,
  orderBy: {
    roles: "desc"
           ~~~~~~
  }
}

Argument `roles`: Invalid value provided. Expected User_RoleOrderByRelationAggregateInput, provided String.
[2026-01-22T11:37:02.560Z] 
Invalid `prisma.user.findMany()` invocation:

{
  select: {
    id: true,
    first_name: true,
    last_name: true,
    username: true,
    email: true,
    roles: {
      select: {
        role: {
          select: {
            name: true,
            id: true
          }
        }
      }
    }
  },
  skip: 0,
  take: 10,
  orderBy: {
    roleIds: "asc",
    ~~~~~~~
?   id?: SortOrder,
?   first_name?: SortOrder,
?   last_name?: SortOrder,
?   username?: SortOrder,
?   email?: SortOrder,
?   password?: SortOrder,
?   created_at?: SortOrder,
?   roles?: User_RoleOrderByRelationAggregateInput,
?   permissions?: User_permissionOrderByRelationAggregateInput,
?   categories?: CategoryOrderByRelationAggregateInput,
?   devices?: User_deviceOrderByRelationAggregateInput,
?   _relevance?: UserOrderByRelevanceInput
  }
}

Unknown argument `roleIds`. Did you mean `roles`? Available options are marked with ?.
[2026-01-22T11:37:02.658Z] 
Invalid `prisma.user.findMany()` invocation:

{
  select: {
    id: true,
    first_name: true,
    last_name: true,
    username: true,
    email: true,
    roles: {
      select: {
        role: {
          select: {
            name: true,
            id: true
          }
        }
      }
    }
  },
  skip: 0,
  take: 10,
  orderBy: {
    roleIds: "asc",
    ~~~~~~~
?   id?: SortOrder,
?   first_name?: SortOrder,
?   last_name?: SortOrder,
?   username?: SortOrder,
?   email?: SortOrder,
?   password?: SortOrder,
?   created_at?: SortOrder,
?   roles?: User_RoleOrderByRelationAggregateInput,
?   permissions?: User_permissionOrderByRelationAggregateInput,
?   categories?: CategoryOrderByRelationAggregateInput,
?   devices?: User_deviceOrderByRelationAggregateInput,
?   _relevance?: UserOrderByRelevanceInput
  }
}

Unknown argument `roleIds`. Did you mean `roles`? Available options are marked with ?.
[2026-01-22T11:37:02.662Z] 
Invalid `prisma.user.findMany()` invocation:

{
  select: {
    id: true,
    first_name: true,
    last_name: true,
    username: true,
    email: true,
    roles: {
      select: {
        role: {
          select: {
            name: true,
            id: true
          }
        }
      }
    }
  },
  skip: 0,
  take: 10,
  orderBy: {
    roles: "asc"
           ~~~~~
  }
}

Argument `roles`: Invalid value provided. Expected User_RoleOrderByRelationAggregateInput, provided String.
[2026-01-22T11:37:02.669Z] 
Invalid `prisma.user.findMany()` invocation:

{
  select: {
    id: true,
    first_name: true,
    last_name: true,
    username: true,
    email: true,
    roles: {
      select: {
        role: {
          select: {
            name: true,
            id: true
          }
        }
      }
    }
  },
  skip: 0,
  take: 10,
  orderBy: {
    roleIds: "desc",
    ~~~~~~~
?   id?: SortOrder,
?   first_name?: SortOrder,
?   last_name?: SortOrder,
?   username?: SortOrder,
?   email?: SortOrder,
?   password?: SortOrder,
?   created_at?: SortOrder,
?   roles?: User_RoleOrderByRelationAggregateInput,
?   permissions?: User_permissionOrderByRelationAggregateInput,
?   categories?: CategoryOrderByRelationAggregateInput,
?   devices?: User_deviceOrderByRelationAggregateInput,
?   _relevance?: UserOrderByRelevanceInput
  }
}

Unknown argument `roleIds`. Did you mean `roles`? Available options are marked with ?.
[2026-01-22T11:37:02.772Z] 
Invalid `prisma.user.findMany()` invocation:

{
  select: {
    id: true,
    first_name: true,
    last_name: true,
    username: true,
    email: true,
    roles: {
      select: {
        role: {
          select: {
            name: true,
            id: true
          }
        }
      }
    }
  },
  skip: 0,
  take: 10,
  orderBy: {
    roles: "desc"
           ~~~~~~
  }
}

Argument `roles`: Invalid value provided. Expected User_RoleOrderByRelationAggregateInput, provided String.
[2026-01-22T11:37:02.783Z] 
Invalid `prisma.user.findMany()` invocation:

{
  select: {
    id: true,
    first_name: true,
    last_name: true,
    username: true,
    email: true,
    roles: {
      select: {
        role: {
          select: {
            name: true,
            id: true
          }
        }
      }
    }
  },
  skip: 0,
  take: 10,
  orderBy: {
    roleIds: "desc",
    ~~~~~~~
?   id?: SortOrder,
?   first_name?: SortOrder,
?   last_name?: SortOrder,
?   username?: SortOrder,
?   email?: SortOrder,
?   password?: SortOrder,
?   created_at?: SortOrder,
?   roles?: User_RoleOrderByRelationAggregateInput,
?   permissions?: User_permissionOrderByRelationAggregateInput,
?   categories?: CategoryOrderByRelationAggregateInput,
?   devices?: User_deviceOrderByRelationAggregateInput,
?   _relevance?: UserOrderByRelevanceInput
  }
}

Unknown argument `roleIds`. Did you mean `roles`? Available options are marked with ?.
[2026-01-22T11:37:02.787Z] 
Invalid `prisma.user.findMany()` invocation:

{
  select: {
    id: true,
    first_name: true,
    last_name: true,
    username: true,
    email: true,
    roles: {
      select: {
        role: {
          select: {
            name: true,
            id: true
          }
        }
      }
    }
  },
  skip: 0,
  take: 10,
  orderBy: {
    roles: "asc"
           ~~~~~
  }
}

Argument `roles`: Invalid value provided. Expected User_RoleOrderByRelationAggregateInput, provided String.
[2026-01-22T11:37:02.801Z] 
Invalid `prisma.user.findMany()` invocation:

{
  select: {
    id: true,
    first_name: true,
    last_name: true,
    username: true,
    email: true,
    roles: {
      select: {
        role: {
          select: {
            name: true,
            id: true
          }
        }
      }
    }
  },
  skip: 0,
  take: 10,
  orderBy: {
    roleIds: "asc",
    ~~~~~~~
?   id?: SortOrder,
?   first_name?: SortOrder,
?   last_name?: SortOrder,
?   username?: SortOrder,
?   email?: SortOrder,
?   password?: SortOrder,
?   created_at?: SortOrder,
?   roles?: User_RoleOrderByRelationAggregateInput,
?   permissions?: User_permissionOrderByRelationAggregateInput,
?   categories?: CategoryOrderByRelationAggregateInput,
?   devices?: User_deviceOrderByRelationAggregateInput,
?   _relevance?: UserOrderByRelevanceInput
  }
}

Unknown argument `roleIds`. Did you mean `roles`? Available options are marked with ?.
[2026-01-22T11:37:39.639Z] 
Invalid `prisma.user.findMany()` invocation:

{
  select: {
    id: true,
    first_name: true,
    last_name: true,
    username: true,
    email: true,
    roles: {
      select: {
        role: {
          select: {
            name: true,
            id: true
          }
        }
      }
    }
  },
  skip: 0,
  take: 10,
  orderBy: {
    roleIds: "desc",
    ~~~~~~~
?   id?: SortOrder,
?   first_name?: SortOrder,
?   last_name?: SortOrder,
?   username?: SortOrder,
?   email?: SortOrder,
?   password?: SortOrder,
?   created_at?: SortOrder,
?   roles?: User_RoleOrderByRelationAggregateInput,
?   permissions?: User_permissionOrderByRelationAggregateInput,
?   categories?: CategoryOrderByRelationAggregateInput,
?   devices?: User_deviceOrderByRelationAggregateInput,
?   _relevance?: UserOrderByRelevanceInput
  }
}

Unknown argument `roleIds`. Did you mean `roles`? Available options are marked with ?.
[2026-01-22T11:37:39.657Z] 
Invalid `prisma.user.findMany()` invocation:

{
  select: {
    id: true,
    first_name: true,
    last_name: true,
    username: true,
    email: true,
    roles: {
      select: {
        role: {
          select: {
            name: true,
            id: true
          }
        }
      }
    }
  },
  skip: 0,
  take: 10,
  orderBy: {
    roles: "desc"
           ~~~~~~
  }
}

Argument `roles`: Invalid value provided. Expected User_RoleOrderByRelationAggregateInput, provided String.
[2026-01-22T11:37:39.766Z] 
Invalid `prisma.user.findMany()` invocation:

{
  select: {
    id: true,
    first_name: true,
    last_name: true,
    username: true,
    email: true,
    roles: {
      select: {
        role: {
          select: {
            name: true,
            id: true
          }
        }
      }
    }
  },
  skip: 0,
  take: 10,
  orderBy: {
    roleIds: "desc",
    ~~~~~~~
?   id?: SortOrder,
?   first_name?: SortOrder,
?   last_name?: SortOrder,
?   username?: SortOrder,
?   email?: SortOrder,
?   password?: SortOrder,
?   created_at?: SortOrder,
?   roles?: User_RoleOrderByRelationAggregateInput,
?   permissions?: User_permissionOrderByRelationAggregateInput,
?   categories?: CategoryOrderByRelationAggregateInput,
?   devices?: User_deviceOrderByRelationAggregateInput,
?   _relevance?: UserOrderByRelevanceInput
  }
}

Unknown argument `roleIds`. Did you mean `roles`? Available options are marked with ?.
[2026-01-22T11:37:39.781Z] 
Invalid `prisma.user.findMany()` invocation:

{
  select: {
    id: true,
    first_name: true,
    last_name: true,
    username: true,
    email: true,
    roles: {
      select: {
        role: {
          select: {
            name: true,
            id: true
          }
        }
      }
    }
  },
  skip: 0,
  take: 10,
  orderBy: {
    roles: "desc"
           ~~~~~~
  }
}

Argument `roles`: Invalid value provided. Expected User_RoleOrderByRelationAggregateInput, provided String.
[2026-01-22T11:37:39.876Z] 
Invalid `prisma.user.findMany()` invocation:

{
  select: {
    id: true,
    first_name: true,
    last_name: true,
    username: true,
    email: true,
    roles: {
      select: {
        role: {
          select: {
            name: true,
            id: true
          }
        }
      }
    }
  },
  skip: 0,
  take: 10,
  orderBy: {
    roleIds: "desc",
    ~~~~~~~
?   id?: SortOrder,
?   first_name?: SortOrder,
?   last_name?: SortOrder,
?   username?: SortOrder,
?   email?: SortOrder,
?   password?: SortOrder,
?   created_at?: SortOrder,
?   roles?: User_RoleOrderByRelationAggregateInput,
?   permissions?: User_permissionOrderByRelationAggregateInput,
?   categories?: CategoryOrderByRelationAggregateInput,
?   devices?: User_deviceOrderByRelationAggregateInput,
?   _relevance?: UserOrderByRelevanceInput
  }
}

Unknown argument `roleIds`. Did you mean `roles`? Available options are marked with ?.
[2026-01-22T11:37:39.889Z] 
Invalid `prisma.user.findMany()` invocation:

{
  select: {
    id: true,
    first_name: true,
    last_name: true,
    username: true,
    email: true,
    roles: {
      select: {
        role: {
          select: {
            name: true,
            id: true
          }
        }
      }
    }
  },
  skip: 0,
  take: 10,
  orderBy: {
    roles: "desc"
           ~~~~~~
  }
}

Argument `roles`: Invalid value provided. Expected User_RoleOrderByRelationAggregateInput, provided String.
[2026-01-22T11:37:39.996Z] 
Invalid `prisma.user.findMany()` invocation:

{
  select: {
    id: true,
    first_name: true,
    last_name: true,
    username: true,
    email: true,
    roles: {
      select: {
        role: {
          select: {
            name: true,
            id: true
          }
        }
      }
    }
  },
  skip: 0,
  take: 10,
  orderBy: {
    roleIds: "desc",
    ~~~~~~~
?   id?: SortOrder,
?   first_name?: SortOrder,
?   last_name?: SortOrder,
?   username?: SortOrder,
?   email?: SortOrder,
?   password?: SortOrder,
?   created_at?: SortOrder,
?   roles?: User_RoleOrderByRelationAggregateInput,
?   permissions?: User_permissionOrderByRelationAggregateInput,
?   categories?: CategoryOrderByRelationAggregateInput,
?   devices?: User_deviceOrderByRelationAggregateInput,
?   _relevance?: UserOrderByRelevanceInput
  }
}

Unknown argument `roleIds`. Did you mean `roles`? Available options are marked with ?.
[2026-01-22T11:37:40.012Z] 
Invalid `prisma.user.findMany()` invocation:

{
  select: {
    id: true,
    first_name: true,
    last_name: true,
    username: true,
    email: true,
    roles: {
      select: {
        role: {
          select: {
            name: true,
            id: true
          }
        }
      }
    }
  },
  skip: 0,
  take: 10,
  orderBy: {
    roles: "desc"
           ~~~~~~
  }
}

Argument `roles`: Invalid value provided. Expected User_RoleOrderByRelationAggregateInput, provided String.
[2026-01-22T11:37:40.101Z] 
Invalid `prisma.user.findMany()` invocation:

{
  select: {
    id: true,
    first_name: true,
    last_name: true,
    username: true,
    email: true,
    roles: {
      select: {
        role: {
          select: {
            name: true,
            id: true
          }
        }
      }
    }
  },
  skip: 0,
  take: 10,
  orderBy: {
    roleIds: "desc",
    ~~~~~~~
?   id?: SortOrder,
?   first_name?: SortOrder,
?   last_name?: SortOrder,
?   username?: SortOrder,
?   email?: SortOrder,
?   password?: SortOrder,
?   created_at?: SortOrder,
?   roles?: User_RoleOrderByRelationAggregateInput,
?   permissions?: User_permissionOrderByRelationAggregateInput,
?   categories?: CategoryOrderByRelationAggregateInput,
?   devices?: User_deviceOrderByRelationAggregateInput,
?   _relevance?: UserOrderByRelevanceInput
  }
}

Unknown argument `roleIds`. Did you mean `roles`? Available options are marked with ?.
[2026-01-22T11:37:40.120Z] 
Invalid `prisma.user.findMany()` invocation:

{
  select: {
    id: true,
    first_name: true,
    last_name: true,
    username: true,
    email: true,
    roles: {
      select: {
        role: {
          select: {
            name: true,
            id: true
          }
        }
      }
    }
  },
  skip: 0,
  take: 10,
  orderBy: {
    roles: "desc"
           ~~~~~~
  }
}

Argument `roles`: Invalid value provided. Expected User_RoleOrderByRelationAggregateInput, provided String.
[2026-01-22T11:37:40.211Z] 
Invalid `prisma.user.findMany()` invocation:

{
  select: {
    id: true,
    first_name: true,
    last_name: true,
    username: true,
    email: true,
    roles: {
      select: {
        role: {
          select: {
            name: true,
            id: true
          }
        }
      }
    }
  },
  skip: 0,
  take: 10,
  orderBy: {
    roleIds: "desc",
    ~~~~~~~
?   id?: SortOrder,
?   first_name?: SortOrder,
?   last_name?: SortOrder,
?   username?: SortOrder,
?   email?: SortOrder,
?   password?: SortOrder,
?   created_at?: SortOrder,
?   roles?: User_RoleOrderByRelationAggregateInput,
?   permissions?: User_permissionOrderByRelationAggregateInput,
?   categories?: CategoryOrderByRelationAggregateInput,
?   devices?: User_deviceOrderByRelationAggregateInput,
?   _relevance?: UserOrderByRelevanceInput
  }
}

Unknown argument `roleIds`. Did you mean `roles`? Available options are marked with ?.
[2026-01-22T11:37:40.224Z] 
Invalid `prisma.user.findMany()` invocation:

{
  select: {
    id: true,
    first_name: true,
    last_name: true,
    username: true,
    email: true,
    roles: {
      select: {
        role: {
          select: {
            name: true,
            id: true
          }
        }
      }
    }
  },
  skip: 0,
  take: 10,
  orderBy: {
    roles: "desc"
           ~~~~~~
  }
}

Argument `roles`: Invalid value provided. Expected User_RoleOrderByRelationAggregateInput, provided String.
[2026-01-22T11:37:40.317Z] 
Invalid `prisma.user.findMany()` invocation:

{
  select: {
    id: true,
    first_name: true,
    last_name: true,
    username: true,
    email: true,
    roles: {
      select: {
        role: {
          select: {
            name: true,
            id: true
          }
        }
      }
    }
  },
  skip: 0,
  take: 10,
  orderBy: {
    roleIds: "desc",
    ~~~~~~~
?   id?: SortOrder,
?   first_name?: SortOrder,
?   last_name?: SortOrder,
?   username?: SortOrder,
?   email?: SortOrder,
?   password?: SortOrder,
?   created_at?: SortOrder,
?   roles?: User_RoleOrderByRelationAggregateInput,
?   permissions?: User_permissionOrderByRelationAggregateInput,
?   categories?: CategoryOrderByRelationAggregateInput,
?   devices?: User_deviceOrderByRelationAggregateInput,
?   _relevance?: UserOrderByRelevanceInput
  }
}

Unknown argument `roleIds`. Did you mean `roles`? Available options are marked with ?.
[2026-01-22T11:37:40.338Z] 
Invalid `prisma.user.findMany()` invocation:

{
  select: {
    id: true,
    first_name: true,
    last_name: true,
    username: true,
    email: true,
    roles: {
      select: {
        role: {
          select: {
            name: true,
            id: true
          }
        }
      }
    }
  },
  skip: 0,
  take: 10,
  orderBy: {
    roles: "desc"
           ~~~~~~
  }
}

Argument `roles`: Invalid value provided. Expected User_RoleOrderByRelationAggregateInput, provided String.
[2026-01-22T11:37:40.419Z] 
Invalid `prisma.user.findMany()` invocation:

{
  select: {
    id: true,
    first_name: true,
    last_name: true,
    username: true,
    email: true,
    roles: {
      select: {
        role: {
          select: {
            name: true,
            id: true
          }
        }
      }
    }
  },
  skip: 0,
  take: 10,
  orderBy: {
    roleIds: "desc",
    ~~~~~~~
?   id?: SortOrder,
?   first_name?: SortOrder,
?   last_name?: SortOrder,
?   username?: SortOrder,
?   email?: SortOrder,
?   password?: SortOrder,
?   created_at?: SortOrder,
?   roles?: User_RoleOrderByRelationAggregateInput,
?   permissions?: User_permissionOrderByRelationAggregateInput,
?   categories?: CategoryOrderByRelationAggregateInput,
?   devices?: User_deviceOrderByRelationAggregateInput,
?   _relevance?: UserOrderByRelevanceInput
  }
}

Unknown argument `roleIds`. Did you mean `roles`? Available options are marked with ?.
[2026-01-22T11:37:40.435Z] 
Invalid `prisma.user.findMany()` invocation:

{
  select: {
    id: true,
    first_name: true,
    last_name: true,
    username: true,
    email: true,
    roles: {
      select: {
        role: {
          select: {
            name: true,
            id: true
          }
        }
      }
    }
  },
  skip: 0,
  take: 10,
  orderBy: {
    roles: "desc"
           ~~~~~~
  }
}

Argument `roles`: Invalid value provided. Expected User_RoleOrderByRelationAggregateInput, provided String.
[2026-01-22T11:37:40.540Z] 
Invalid `prisma.user.findMany()` invocation:

{
  select: {
    id: true,
    first_name: true,
    last_name: true,
    username: true,
    email: true,
    roles: {
      select: {
        role: {
          select: {
            name: true,
            id: true
          }
        }
      }
    }
  },
  skip: 0,
  take: 10,
  orderBy: {
    roleIds: "desc",
    ~~~~~~~
?   id?: SortOrder,
?   first_name?: SortOrder,
?   last_name?: SortOrder,
?   username?: SortOrder,
?   email?: SortOrder,
?   password?: SortOrder,
?   created_at?: SortOrder,
?   roles?: User_RoleOrderByRelationAggregateInput,
?   permissions?: User_permissionOrderByRelationAggregateInput,
?   categories?: CategoryOrderByRelationAggregateInput,
?   devices?: User_deviceOrderByRelationAggregateInput,
?   _relevance?: UserOrderByRelevanceInput
  }
}

Unknown argument `roleIds`. Did you mean `roles`? Available options are marked with ?.
[2026-01-22T11:37:40.562Z] 
Invalid `prisma.user.findMany()` invocation:

{
  select: {
    id: true,
    first_name: true,
    last_name: true,
    username: true,
    email: true,
    roles: {
      select: {
        role: {
          select: {
            name: true,
            id: true
          }
        }
      }
    }
  },
  skip: 0,
  take: 10,
  orderBy: {
    roles: "desc"
           ~~~~~~
  }
}

Argument `roles`: Invalid value provided. Expected User_RoleOrderByRelationAggregateInput, provided String.
[2026-01-22T11:37:40.649Z] 
Invalid `prisma.user.findMany()` invocation:

{
  select: {
    id: true,
    first_name: true,
    last_name: true,
    username: true,
    email: true,
    roles: {
      select: {
        role: {
          select: {
            name: true,
            id: true
          }
        }
      }
    }
  },
  skip: 0,
  take: 10,
  orderBy: {
    roleIds: "desc",
    ~~~~~~~
?   id?: SortOrder,
?   first_name?: SortOrder,
?   last_name?: SortOrder,
?   username?: SortOrder,
?   email?: SortOrder,
?   password?: SortOrder,
?   created_at?: SortOrder,
?   roles?: User_RoleOrderByRelationAggregateInput,
?   permissions?: User_permissionOrderByRelationAggregateInput,
?   categories?: CategoryOrderByRelationAggregateInput,
?   devices?: User_deviceOrderByRelationAggregateInput,
?   _relevance?: UserOrderByRelevanceInput
  }
}

Unknown argument `roleIds`. Did you mean `roles`? Available options are marked with ?.
[2026-01-22T11:37:40.662Z] 
Invalid `prisma.user.findMany()` invocation:

{
  select: {
    id: true,
    first_name: true,
    last_name: true,
    username: true,
    email: true,
    roles: {
      select: {
        role: {
          select: {
            name: true,
            id: true
          }
        }
      }
    }
  },
  skip: 0,
  take: 10,
  orderBy: {
    roles: "desc"
           ~~~~~~
  }
}

Argument `roles`: Invalid value provided. Expected User_RoleOrderByRelationAggregateInput, provided String.
[2026-01-22T11:37:40.709Z] 
Invalid `prisma.user.findMany()` invocation:

{
  select: {
    id: true,
    first_name: true,
    last_name: true,
    username: true,
    email: true,
    roles: {
      select: {
        role: {
          select: {
            name: true,
            id: true
          }
        }
      }
    }
  },
  skip: 0,
  take: 10,
  orderBy: {
    roleIds: "desc",
    ~~~~~~~
?   id?: SortOrder,
?   first_name?: SortOrder,
?   last_name?: SortOrder,
?   username?: SortOrder,
?   email?: SortOrder,
?   password?: SortOrder,
?   created_at?: SortOrder,
?   roles?: User_RoleOrderByRelationAggregateInput,
?   permissions?: User_permissionOrderByRelationAggregateInput,
?   categories?: CategoryOrderByRelationAggregateInput,
?   devices?: User_deviceOrderByRelationAggregateInput,
?   _relevance?: UserOrderByRelevanceInput
  }
}

Unknown argument `roleIds`. Did you mean `roles`? Available options are marked with ?.
[2026-01-22T11:37:40.724Z] 
Invalid `prisma.user.findMany()` invocation:

{
  select: {
    id: true,
    first_name: true,
    last_name: true,
    username: true,
    email: true,
    roles: {
      select: {
        role: {
          select: {
            name: true,
            id: true
          }
        }
      }
    }
  },
  skip: 0,
  take: 10,
  orderBy: {
    roles: "desc"
           ~~~~~~
  }
}

Argument `roles`: Invalid value provided. Expected User_RoleOrderByRelationAggregateInput, provided String.
[2026-01-22T11:37:40.779Z] 
Invalid `prisma.user.findMany()` invocation:

{
  select: {
    id: true,
    first_name: true,
    last_name: true,
    username: true,
    email: true,
    roles: {
      select: {
        role: {
          select: {
            name: true,
            id: true
          }
        }
      }
    }
  },
  skip: 0,
  take: 10,
  orderBy: {
    roleIds: "desc",
    ~~~~~~~
?   id?: SortOrder,
?   first_name?: SortOrder,
?   last_name?: SortOrder,
?   username?: SortOrder,
?   email?: SortOrder,
?   password?: SortOrder,
?   created_at?: SortOrder,
?   roles?: User_RoleOrderByRelationAggregateInput,
?   permissions?: User_permissionOrderByRelationAggregateInput,
?   categories?: CategoryOrderByRelationAggregateInput,
?   devices?: User_deviceOrderByRelationAggregateInput,
?   _relevance?: UserOrderByRelevanceInput
  }
}

Unknown argument `roleIds`. Did you mean `roles`? Available options are marked with ?.
[2026-01-22T11:37:40.795Z] 
Invalid `prisma.user.findMany()` invocation:

{
  select: {
    id: true,
    first_name: true,
    last_name: true,
    username: true,
    email: true,
    roles: {
      select: {
        role: {
          select: {
            name: true,
            id: true
          }
        }
      }
    }
  },
  skip: 0,
  take: 10,
  orderBy: {
    roles: "desc"
           ~~~~~~
  }
}

Argument `roles`: Invalid value provided. Expected User_RoleOrderByRelationAggregateInput, provided String.
[2026-01-22T11:37:40.866Z] 
Invalid `prisma.user.findMany()` invocation:

{
  select: {
    id: true,
    first_name: true,
    last_name: true,
    username: true,
    email: true,
    roles: {
      select: {
        role: {
          select: {
            name: true,
            id: true
          }
        }
      }
    }
  },
  skip: 0,
  take: 10,
  orderBy: {
    roleIds: "desc",
    ~~~~~~~
?   id?: SortOrder,
?   first_name?: SortOrder,
?   last_name?: SortOrder,
?   username?: SortOrder,
?   email?: SortOrder,
?   password?: SortOrder,
?   created_at?: SortOrder,
?   roles?: User_RoleOrderByRelationAggregateInput,
?   permissions?: User_permissionOrderByRelationAggregateInput,
?   categories?: CategoryOrderByRelationAggregateInput,
?   devices?: User_deviceOrderByRelationAggregateInput,
?   _relevance?: UserOrderByRelevanceInput
  }
}

Unknown argument `roleIds`. Did you mean `roles`? Available options are marked with ?.
[2026-01-22T11:37:40.892Z] 
Invalid `prisma.user.findMany()` invocation:

{
  select: {
    id: true,
    first_name: true,
    last_name: true,
    username: true,
    email: true,
    roles: {
      select: {
        role: {
          select: {
            name: true,
            id: true
          }
        }
      }
    }
  },
  skip: 0,
  take: 10,
  orderBy: {
    roles: "desc"
           ~~~~~~
  }
}

Argument `roles`: Invalid value provided. Expected User_RoleOrderByRelationAggregateInput, provided String.
[2026-01-22T11:37:40.947Z] 
Invalid `prisma.user.findMany()` invocation:

{
  select: {
    id: true,
    first_name: true,
    last_name: true,
    username: true,
    email: true,
    roles: {
      select: {
        role: {
          select: {
            name: true,
            id: true
          }
        }
      }
    }
  },
  skip: 0,
  take: 10,
  orderBy: {
    roleIds: "desc",
    ~~~~~~~
?   id?: SortOrder,
?   first_name?: SortOrder,
?   last_name?: SortOrder,
?   username?: SortOrder,
?   email?: SortOrder,
?   password?: SortOrder,
?   created_at?: SortOrder,
?   roles?: User_RoleOrderByRelationAggregateInput,
?   permissions?: User_permissionOrderByRelationAggregateInput,
?   categories?: CategoryOrderByRelationAggregateInput,
?   devices?: User_deviceOrderByRelationAggregateInput,
?   _relevance?: UserOrderByRelevanceInput
  }
}

Unknown argument `roleIds`. Did you mean `roles`? Available options are marked with ?.
[2026-01-22T11:37:40.967Z] 
Invalid `prisma.user.findMany()` invocation:

{
  select: {
    id: true,
    first_name: true,
    last_name: true,
    username: true,
    email: true,
    roles: {
      select: {
        role: {
          select: {
            name: true,
            id: true
          }
        }
      }
    }
  },
  skip: 0,
  take: 10,
  orderBy: {
    roles: "desc"
           ~~~~~~
  }
}

Argument `roles`: Invalid value provided. Expected User_RoleOrderByRelationAggregateInput, provided String.
[2026-01-22T11:37:41.014Z] 
Invalid `prisma.user.findMany()` invocation:

{
  select: {
    id: true,
    first_name: true,
    last_name: true,
    username: true,
    email: true,
    roles: {
      select: {
        role: {
          select: {
            name: true,
            id: true
          }
        }
      }
    }
  },
  skip: 0,
  take: 10,
  orderBy: {
    roleIds: "desc",
    ~~~~~~~
?   id?: SortOrder,
?   first_name?: SortOrder,
?   last_name?: SortOrder,
?   username?: SortOrder,
?   email?: SortOrder,
?   password?: SortOrder,
?   created_at?: SortOrder,
?   roles?: User_RoleOrderByRelationAggregateInput,
?   permissions?: User_permissionOrderByRelationAggregateInput,
?   categories?: CategoryOrderByRelationAggregateInput,
?   devices?: User_deviceOrderByRelationAggregateInput,
?   _relevance?: UserOrderByRelevanceInput
  }
}

Unknown argument `roleIds`. Did you mean `roles`? Available options are marked with ?.
[2026-01-22T11:37:41.029Z] 
Invalid `prisma.user.findMany()` invocation:

{
  select: {
    id: true,
    first_name: true,
    last_name: true,
    username: true,
    email: true,
    roles: {
      select: {
        role: {
          select: {
            name: true,
            id: true
          }
        }
      }
    }
  },
  skip: 0,
  take: 10,
  orderBy: {
    roles: "desc"
           ~~~~~~
  }
}

Argument `roles`: Invalid value provided. Expected User_RoleOrderByRelationAggregateInput, provided String.
[2026-01-22T11:37:41.066Z] 
Invalid `prisma.user.findMany()` invocation:

{
  select: {
    id: true,
    first_name: true,
    last_name: true,
    username: true,
    email: true,
    roles: {
      select: {
        role: {
          select: {
            name: true,
            id: true
          }
        }
      }
    }
  },
  skip: 0,
  take: 10,
  orderBy: {
    roleIds: "desc",
    ~~~~~~~
?   id?: SortOrder,
?   first_name?: SortOrder,
?   last_name?: SortOrder,
?   username?: SortOrder,
?   email?: SortOrder,
?   password?: SortOrder,
?   created_at?: SortOrder,
?   roles?: User_RoleOrderByRelationAggregateInput,
?   permissions?: User_permissionOrderByRelationAggregateInput,
?   categories?: CategoryOrderByRelationAggregateInput,
?   devices?: User_deviceOrderByRelationAggregateInput,
?   _relevance?: UserOrderByRelevanceInput
  }
}

Unknown argument `roleIds`. Did you mean `roles`? Available options are marked with ?.
[2026-01-22T11:37:41.081Z] 
Invalid `prisma.user.findMany()` invocation:

{
  select: {
    id: true,
    first_name: true,
    last_name: true,
    username: true,
    email: true,
    roles: {
      select: {
        role: {
          select: {
            name: true,
            id: true
          }
        }
      }
    }
  },
  skip: 0,
  take: 10,
  orderBy: {
    roles: "desc"
           ~~~~~~
  }
}

Argument `roles`: Invalid value provided. Expected User_RoleOrderByRelationAggregateInput, provided String.
[2026-01-22T11:37:41.213Z] 
Invalid `prisma.user.findMany()` invocation:

{
  select: {
    id: true,
    first_name: true,
    last_name: true,
    username: true,
    email: true,
    roles: {
      select: {
        role: {
          select: {
            name: true,
            id: true
          }
        }
      }
    }
  },
  skip: 0,
  take: 10,
  orderBy: {
    roleIds: "desc",
    ~~~~~~~
?   id?: SortOrder,
?   first_name?: SortOrder,
?   last_name?: SortOrder,
?   username?: SortOrder,
?   email?: SortOrder,
?   password?: SortOrder,
?   created_at?: SortOrder,
?   roles?: User_RoleOrderByRelationAggregateInput,
?   permissions?: User_permissionOrderByRelationAggregateInput,
?   categories?: CategoryOrderByRelationAggregateInput,
?   devices?: User_deviceOrderByRelationAggregateInput,
?   _relevance?: UserOrderByRelevanceInput
  }
}

Unknown argument `roleIds`. Did you mean `roles`? Available options are marked with ?.
[2026-01-22T11:37:41.225Z] 
Invalid `prisma.user.findMany()` invocation:

{
  select: {
    id: true,
    first_name: true,
    last_name: true,
    username: true,
    email: true,
    roles: {
      select: {
        role: {
          select: {
            name: true,
            id: true
          }
        }
      }
    }
  },
  skip: 0,
  take: 10,
  orderBy: {
    roles: "desc"
           ~~~~~~
  }
}

Argument `roles`: Invalid value provided. Expected User_RoleOrderByRelationAggregateInput, provided String.
[2026-01-22T11:37:41.274Z] 
Invalid `prisma.user.findMany()` invocation:

{
  select: {
    id: true,
    first_name: true,
    last_name: true,
    username: true,
    email: true,
    roles: {
      select: {
        role: {
          select: {
            name: true,
            id: true
          }
        }
      }
    }
  },
  skip: 0,
  take: 10,
  orderBy: {
    roleIds: "desc",
    ~~~~~~~
?   id?: SortOrder,
?   first_name?: SortOrder,
?   last_name?: SortOrder,
?   username?: SortOrder,
?   email?: SortOrder,
?   password?: SortOrder,
?   created_at?: SortOrder,
?   roles?: User_RoleOrderByRelationAggregateInput,
?   permissions?: User_permissionOrderByRelationAggregateInput,
?   categories?: CategoryOrderByRelationAggregateInput,
?   devices?: User_deviceOrderByRelationAggregateInput,
?   _relevance?: UserOrderByRelevanceInput
  }
}

Unknown argument `roleIds`. Did you mean `roles`? Available options are marked with ?.
[2026-01-22T11:37:41.288Z] 
Invalid `prisma.user.findMany()` invocation:

{
  select: {
    id: true,
    first_name: true,
    last_name: true,
    username: true,
    email: true,
    roles: {
      select: {
        role: {
          select: {
            name: true,
            id: true
          }
        }
      }
    }
  },
  skip: 0,
  take: 10,
  orderBy: {
    roles: "desc"
           ~~~~~~
  }
}

Argument `roles`: Invalid value provided. Expected User_RoleOrderByRelationAggregateInput, provided String.
[2026-01-22T11:37:41.347Z] 
Invalid `prisma.user.findMany()` invocation:

{
  select: {
    id: true,
    first_name: true,
    last_name: true,
    username: true,
    email: true,
    roles: {
      select: {
        role: {
          select: {
            name: true,
            id: true
          }
        }
      }
    }
  },
  skip: 0,
  take: 10,
  orderBy: {
    roleIds: "desc",
    ~~~~~~~
?   id?: SortOrder,
?   first_name?: SortOrder,
?   last_name?: SortOrder,
?   username?: SortOrder,
?   email?: SortOrder,
?   password?: SortOrder,
?   created_at?: SortOrder,
?   roles?: User_RoleOrderByRelationAggregateInput,
?   permissions?: User_permissionOrderByRelationAggregateInput,
?   categories?: CategoryOrderByRelationAggregateInput,
?   devices?: User_deviceOrderByRelationAggregateInput,
?   _relevance?: UserOrderByRelevanceInput
  }
}

Unknown argument `roleIds`. Did you mean `roles`? Available options are marked with ?.
[2026-01-22T11:37:41.363Z] 
Invalid `prisma.user.findMany()` invocation:

{
  select: {
    id: true,
    first_name: true,
    last_name: true,
    username: true,
    email: true,
    roles: {
      select: {
        role: {
          select: {
            name: true,
            id: true
          }
        }
      }
    }
  },
  skip: 0,
  take: 10,
  orderBy: {
    roles: "desc"
           ~~~~~~
  }
}

Argument `roles`: Invalid value provided. Expected User_RoleOrderByRelationAggregateInput, provided String.
[2026-01-22T11:37:41.421Z] 
Invalid `prisma.user.findMany()` invocation:

{
  select: {
    id: true,
    first_name: true,
    last_name: true,
    username: true,
    email: true,
    roles: {
      select: {
        role: {
          select: {
            name: true,
            id: true
          }
        }
      }
    }
  },
  skip: 0,
  take: 10,
  orderBy: {
    roleIds: "desc",
    ~~~~~~~
?   id?: SortOrder,
?   first_name?: SortOrder,
?   last_name?: SortOrder,
?   username?: SortOrder,
?   email?: SortOrder,
?   password?: SortOrder,
?   created_at?: SortOrder,
?   roles?: User_RoleOrderByRelationAggregateInput,
?   permissions?: User_permissionOrderByRelationAggregateInput,
?   categories?: CategoryOrderByRelationAggregateInput,
?   devices?: User_deviceOrderByRelationAggregateInput,
?   _relevance?: UserOrderByRelevanceInput
  }
}

Unknown argument `roleIds`. Did you mean `roles`? Available options are marked with ?.
[2026-01-22T11:37:41.437Z] 
Invalid `prisma.user.findMany()` invocation:

{
  select: {
    id: true,
    first_name: true,
    last_name: true,
    username: true,
    email: true,
    roles: {
      select: {
        role: {
          select: {
            name: true,
            id: true
          }
        }
      }
    }
  },
  skip: 0,
  take: 10,
  orderBy: {
    roles: "desc"
           ~~~~~~
  }
}

Argument `roles`: Invalid value provided. Expected User_RoleOrderByRelationAggregateInput, provided String.
[2026-01-22T11:37:41.500Z] 
Invalid `prisma.user.findMany()` invocation:

{
  select: {
    id: true,
    first_name: true,
    last_name: true,
    username: true,
    email: true,
    roles: {
      select: {
        role: {
          select: {
            name: true,
            id: true
          }
        }
      }
    }
  },
  skip: 0,
  take: 10,
  orderBy: {
    roleIds: "desc",
    ~~~~~~~
?   id?: SortOrder,
?   first_name?: SortOrder,
?   last_name?: SortOrder,
?   username?: SortOrder,
?   email?: SortOrder,
?   password?: SortOrder,
?   created_at?: SortOrder,
?   roles?: User_RoleOrderByRelationAggregateInput,
?   permissions?: User_permissionOrderByRelationAggregateInput,
?   categories?: CategoryOrderByRelationAggregateInput,
?   devices?: User_deviceOrderByRelationAggregateInput,
?   _relevance?: UserOrderByRelevanceInput
  }
}

Unknown argument `roleIds`. Did you mean `roles`? Available options are marked with ?.
[2026-01-22T11:37:41.515Z] 
Invalid `prisma.user.findMany()` invocation:

{
  select: {
    id: true,
    first_name: true,
    last_name: true,
    username: true,
    email: true,
    roles: {
      select: {
        role: {
          select: {
            name: true,
            id: true
          }
        }
      }
    }
  },
  skip: 0,
  take: 10,
  orderBy: {
    roles: "desc"
           ~~~~~~
  }
}

Argument `roles`: Invalid value provided. Expected User_RoleOrderByRelationAggregateInput, provided String.
[2026-01-22T11:37:41.604Z] 
Invalid `prisma.user.findMany()` invocation:

{
  select: {
    id: true,
    first_name: true,
    last_name: true,
    username: true,
    email: true,
    roles: {
      select: {
        role: {
          select: {
            name: true,
            id: true
          }
        }
      }
    }
  },
  skip: 0,
  take: 10,
  orderBy: {
    roleIds: "desc",
    ~~~~~~~
?   id?: SortOrder,
?   first_name?: SortOrder,
?   last_name?: SortOrder,
?   username?: SortOrder,
?   email?: SortOrder,
?   password?: SortOrder,
?   created_at?: SortOrder,
?   roles?: User_RoleOrderByRelationAggregateInput,
?   permissions?: User_permissionOrderByRelationAggregateInput,
?   categories?: CategoryOrderByRelationAggregateInput,
?   devices?: User_deviceOrderByRelationAggregateInput,
?   _relevance?: UserOrderByRelevanceInput
  }
}

Unknown argument `roleIds`. Did you mean `roles`? Available options are marked with ?.
[2026-01-22T11:37:41.620Z] 
Invalid `prisma.user.findMany()` invocation:

{
  select: {
    id: true,
    first_name: true,
    last_name: true,
    username: true,
    email: true,
    roles: {
      select: {
        role: {
          select: {
            name: true,
            id: true
          }
        }
      }
    }
  },
  skip: 0,
  take: 10,
  orderBy: {
    roles: "desc"
           ~~~~~~
  }
}

Argument `roles`: Invalid value provided. Expected User_RoleOrderByRelationAggregateInput, provided String.
[2026-01-22T11:37:41.669Z] 
Invalid `prisma.user.findMany()` invocation:

{
  select: {
    id: true,
    first_name: true,
    last_name: true,
    username: true,
    email: true,
    roles: {
      select: {
        role: {
          select: {
            name: true,
            id: true
          }
        }
      }
    }
  },
  skip: 0,
  take: 10,
  orderBy: {
    roleIds: "desc",
    ~~~~~~~
?   id?: SortOrder,
?   first_name?: SortOrder,
?   last_name?: SortOrder,
?   username?: SortOrder,
?   email?: SortOrder,
?   password?: SortOrder,
?   created_at?: SortOrder,
?   roles?: User_RoleOrderByRelationAggregateInput,
?   permissions?: User_permissionOrderByRelationAggregateInput,
?   categories?: CategoryOrderByRelationAggregateInput,
?   devices?: User_deviceOrderByRelationAggregateInput,
?   _relevance?: UserOrderByRelevanceInput
  }
}

Unknown argument `roleIds`. Did you mean `roles`? Available options are marked with ?.
[2026-01-22T11:37:41.685Z] 
Invalid `prisma.user.findMany()` invocation:

{
  select: {
    id: true,
    first_name: true,
    last_name: true,
    username: true,
    email: true,
    roles: {
      select: {
        role: {
          select: {
            name: true,
            id: true
          }
        }
      }
    }
  },
  skip: 0,
  take: 10,
  orderBy: {
    roles: "desc"
           ~~~~~~
  }
}

Argument `roles`: Invalid value provided. Expected User_RoleOrderByRelationAggregateInput, provided String.
[2026-01-22T11:37:41.738Z] 
Invalid `prisma.user.findMany()` invocation:

{
  select: {
    id: true,
    first_name: true,
    last_name: true,
    username: true,
    email: true,
    roles: {
      select: {
        role: {
          select: {
            name: true,
            id: true
          }
        }
      }
    }
  },
  skip: 0,
  take: 10,
  orderBy: {
    roleIds: "desc",
    ~~~~~~~
?   id?: SortOrder,
?   first_name?: SortOrder,
?   last_name?: SortOrder,
?   username?: SortOrder,
?   email?: SortOrder,
?   password?: SortOrder,
?   created_at?: SortOrder,
?   roles?: User_RoleOrderByRelationAggregateInput,
?   permissions?: User_permissionOrderByRelationAggregateInput,
?   categories?: CategoryOrderByRelationAggregateInput,
?   devices?: User_deviceOrderByRelationAggregateInput,
?   _relevance?: UserOrderByRelevanceInput
  }
}

Unknown argument `roleIds`. Did you mean `roles`? Available options are marked with ?.
[2026-01-22T11:37:41.758Z] 
Invalid `prisma.user.findMany()` invocation:

{
  select: {
    id: true,
    first_name: true,
    last_name: true,
    username: true,
    email: true,
    roles: {
      select: {
        role: {
          select: {
            name: true,
            id: true
          }
        }
      }
    }
  },
  skip: 0,
  take: 10,
  orderBy: {
    roles: "desc"
           ~~~~~~
  }
}

Argument `roles`: Invalid value provided. Expected User_RoleOrderByRelationAggregateInput, provided String.
[2026-01-22T11:37:41.820Z] 
Invalid `prisma.user.findMany()` invocation:

{
  select: {
    id: true,
    first_name: true,
    last_name: true,
    username: true,
    email: true,
    roles: {
      select: {
        role: {
          select: {
            name: true,
            id: true
          }
        }
      }
    }
  },
  skip: 0,
  take: 10,
  orderBy: {
    roleIds: "desc",
    ~~~~~~~
?   id?: SortOrder,
?   first_name?: SortOrder,
?   last_name?: SortOrder,
?   username?: SortOrder,
?   email?: SortOrder,
?   password?: SortOrder,
?   created_at?: SortOrder,
?   roles?: User_RoleOrderByRelationAggregateInput,
?   permissions?: User_permissionOrderByRelationAggregateInput,
?   categories?: CategoryOrderByRelationAggregateInput,
?   devices?: User_deviceOrderByRelationAggregateInput,
?   _relevance?: UserOrderByRelevanceInput
  }
}

Unknown argument `roleIds`. Did you mean `roles`? Available options are marked with ?.
[2026-01-22T11:37:41.837Z] 
Invalid `prisma.user.findMany()` invocation:

{
  select: {
    id: true,
    first_name: true,
    last_name: true,
    username: true,
    email: true,
    roles: {
      select: {
        role: {
          select: {
            name: true,
            id: true
          }
        }
      }
    }
  },
  skip: 0,
  take: 10,
  orderBy: {
    roles: "desc"
           ~~~~~~
  }
}

Argument `roles`: Invalid value provided. Expected User_RoleOrderByRelationAggregateInput, provided String.
[2026-01-22T11:37:41.873Z] 
Invalid `prisma.user.findMany()` invocation:

{
  select: {
    id: true,
    first_name: true,
    last_name: true,
    username: true,
    email: true,
    roles: {
      select: {
        role: {
          select: {
            name: true,
            id: true
          }
        }
      }
    }
  },
  skip: 0,
  take: 10,
  orderBy: {
    roleIds: "desc",
    ~~~~~~~
?   id?: SortOrder,
?   first_name?: SortOrder,
?   last_name?: SortOrder,
?   username?: SortOrder,
?   email?: SortOrder,
?   password?: SortOrder,
?   created_at?: SortOrder,
?   roles?: User_RoleOrderByRelationAggregateInput,
?   permissions?: User_permissionOrderByRelationAggregateInput,
?   categories?: CategoryOrderByRelationAggregateInput,
?   devices?: User_deviceOrderByRelationAggregateInput,
?   _relevance?: UserOrderByRelevanceInput
  }
}

Unknown argument `roleIds`. Did you mean `roles`? Available options are marked with ?.
[2026-01-22T11:37:41.905Z] 
Invalid `prisma.user.findMany()` invocation:

{
  select: {
    id: true,
    first_name: true,
    last_name: true,
    username: true,
    email: true,
    roles: {
      select: {
        role: {
          select: {
            name: true,
            id: true
          }
        }
      }
    }
  },
  skip: 0,
  take: 10,
  orderBy: {
    roles: "desc"
           ~~~~~~
  }
}

Argument `roles`: Invalid value provided. Expected User_RoleOrderByRelationAggregateInput, provided String.
[2026-01-22T11:37:41.961Z] 
Invalid `prisma.user.findMany()` invocation:

{
  select: {
    id: true,
    first_name: true,
    last_name: true,
    username: true,
    email: true,
    roles: {
      select: {
        role: {
          select: {
            name: true,
            id: true
          }
        }
      }
    }
  },
  skip: 0,
  take: 10,
  orderBy: {
    roleIds: "desc",
    ~~~~~~~
?   id?: SortOrder,
?   first_name?: SortOrder,
?   last_name?: SortOrder,
?   username?: SortOrder,
?   email?: SortOrder,
?   password?: SortOrder,
?   created_at?: SortOrder,
?   roles?: User_RoleOrderByRelationAggregateInput,
?   permissions?: User_permissionOrderByRelationAggregateInput,
?   categories?: CategoryOrderByRelationAggregateInput,
?   devices?: User_deviceOrderByRelationAggregateInput,
?   _relevance?: UserOrderByRelevanceInput
  }
}

Unknown argument `roleIds`. Did you mean `roles`? Available options are marked with ?.
[2026-01-22T11:37:41.976Z] 
Invalid `prisma.user.findMany()` invocation:

{
  select: {
    id: true,
    first_name: true,
    last_name: true,
    username: true,
    email: true,
    roles: {
      select: {
        role: {
          select: {
            name: true,
            id: true
          }
        }
      }
    }
  },
  skip: 0,
  take: 10,
  orderBy: {
    roles: "desc"
           ~~~~~~
  }
}

Argument `roles`: Invalid value provided. Expected User_RoleOrderByRelationAggregateInput, provided String.
[2026-01-22T11:37:42.023Z] 
Invalid `prisma.user.findMany()` invocation:

{
  select: {
    id: true,
    first_name: true,
    last_name: true,
    username: true,
    email: true,
    roles: {
      select: {
        role: {
          select: {
            name: true,
            id: true
          }
        }
      }
    }
  },
  skip: 0,
  take: 10,
  orderBy: {
    roleIds: "desc",
    ~~~~~~~
?   id?: SortOrder,
?   first_name?: SortOrder,
?   last_name?: SortOrder,
?   username?: SortOrder,
?   email?: SortOrder,
?   password?: SortOrder,
?   created_at?: SortOrder,
?   roles?: User_RoleOrderByRelationAggregateInput,
?   permissions?: User_permissionOrderByRelationAggregateInput,
?   categories?: CategoryOrderByRelationAggregateInput,
?   devices?: User_deviceOrderByRelationAggregateInput,
?   _relevance?: UserOrderByRelevanceInput
  }
}

Unknown argument `roleIds`. Did you mean `roles`? Available options are marked with ?.
[2026-01-22T11:37:42.038Z] 
Invalid `prisma.user.findMany()` invocation:

{
  select: {
    id: true,
    first_name: true,
    last_name: true,
    username: true,
    email: true,
    roles: {
      select: {
        role: {
          select: {
            name: true,
            id: true
          }
        }
      }
    }
  },
  skip: 0,
  take: 10,
  orderBy: {
    roles: "desc"
           ~~~~~~
  }
}

Argument `roles`: Invalid value provided. Expected User_RoleOrderByRelationAggregateInput, provided String.
[2026-01-22T11:37:42.104Z] 
Invalid `prisma.user.findMany()` invocation:

{
  select: {
    id: true,
    first_name: true,
    last_name: true,
    username: true,
    email: true,
    roles: {
      select: {
        role: {
          select: {
            name: true,
            id: true
          }
        }
      }
    }
  },
  skip: 0,
  take: 10,
  orderBy: {
    roleIds: "desc",
    ~~~~~~~
?   id?: SortOrder,
?   first_name?: SortOrder,
?   last_name?: SortOrder,
?   username?: SortOrder,
?   email?: SortOrder,
?   password?: SortOrder,
?   created_at?: SortOrder,
?   roles?: User_RoleOrderByRelationAggregateInput,
?   permissions?: User_permissionOrderByRelationAggregateInput,
?   categories?: CategoryOrderByRelationAggregateInput,
?   devices?: User_deviceOrderByRelationAggregateInput,
?   _relevance?: UserOrderByRelevanceInput
  }
}

Unknown argument `roleIds`. Did you mean `roles`? Available options are marked with ?.
[2026-01-22T11:37:42.118Z] 
Invalid `prisma.user.findMany()` invocation:

{
  select: {
    id: true,
    first_name: true,
    last_name: true,
    username: true,
    email: true,
    roles: {
      select: {
        role: {
          select: {
            name: true,
            id: true
          }
        }
      }
    }
  },
  skip: 0,
  take: 10,
  orderBy: {
    roles: "desc"
           ~~~~~~
  }
}

Argument `roles`: Invalid value provided. Expected User_RoleOrderByRelationAggregateInput, provided String.
[2026-01-22T11:37:42.172Z] 
Invalid `prisma.user.findMany()` invocation:

{
  select: {
    id: true,
    first_name: true,
    last_name: true,
    username: true,
    email: true,
    roles: {
      select: {
        role: {
          select: {
            name: true,
            id: true
          }
        }
      }
    }
  },
  skip: 0,
  take: 10,
  orderBy: {
    roleIds: "desc",
    ~~~~~~~
?   id?: SortOrder,
?   first_name?: SortOrder,
?   last_name?: SortOrder,
?   username?: SortOrder,
?   email?: SortOrder,
?   password?: SortOrder,
?   created_at?: SortOrder,
?   roles?: User_RoleOrderByRelationAggregateInput,
?   permissions?: User_permissionOrderByRelationAggregateInput,
?   categories?: CategoryOrderByRelationAggregateInput,
?   devices?: User_deviceOrderByRelationAggregateInput,
?   _relevance?: UserOrderByRelevanceInput
  }
}

Unknown argument `roleIds`. Did you mean `roles`? Available options are marked with ?.
[2026-01-22T11:37:42.186Z] 
Invalid `prisma.user.findMany()` invocation:

{
  select: {
    id: true,
    first_name: true,
    last_name: true,
    username: true,
    email: true,
    roles: {
      select: {
        role: {
          select: {
            name: true,
            id: true
          }
        }
      }
    }
  },
  skip: 0,
  take: 10,
  orderBy: {
    roles: "desc"
           ~~~~~~
  }
}

Argument `roles`: Invalid value provided. Expected User_RoleOrderByRelationAggregateInput, provided String.
[2026-01-22T11:37:42.239Z] 
Invalid `prisma.user.findMany()` invocation:

{
  select: {
    id: true,
    first_name: true,
    last_name: true,
    username: true,
    email: true,
    roles: {
      select: {
        role: {
          select: {
            name: true,
            id: true
          }
        }
      }
    }
  },
  skip: 0,
  take: 10,
  orderBy: {
    roleIds: "desc",
    ~~~~~~~
?   id?: SortOrder,
?   first_name?: SortOrder,
?   last_name?: SortOrder,
?   username?: SortOrder,
?   email?: SortOrder,
?   password?: SortOrder,
?   created_at?: SortOrder,
?   roles?: User_RoleOrderByRelationAggregateInput,
?   permissions?: User_permissionOrderByRelationAggregateInput,
?   categories?: CategoryOrderByRelationAggregateInput,
?   devices?: User_deviceOrderByRelationAggregateInput,
?   _relevance?: UserOrderByRelevanceInput
  }
}

Unknown argument `roleIds`. Did you mean `roles`? Available options are marked with ?.
[2026-01-22T11:37:42.251Z] 
Invalid `prisma.user.findMany()` invocation:

{
  select: {
    id: true,
    first_name: true,
    last_name: true,
    username: true,
    email: true,
    roles: {
      select: {
        role: {
          select: {
            name: true,
            id: true
          }
        }
      }
    }
  },
  skip: 0,
  take: 10,
  orderBy: {
    roles: "desc"
           ~~~~~~
  }
}

Argument `roles`: Invalid value provided. Expected User_RoleOrderByRelationAggregateInput, provided String.
[2026-01-22T11:37:42.309Z] 
Invalid `prisma.user.findMany()` invocation:

{
  select: {
    id: true,
    first_name: true,
    last_name: true,
    username: true,
    email: true,
    roles: {
      select: {
        role: {
          select: {
            name: true,
            id: true
          }
        }
      }
    }
  },
  skip: 0,
  take: 10,
  orderBy: {
    roleIds: "desc",
    ~~~~~~~
?   id?: SortOrder,
?   first_name?: SortOrder,
?   last_name?: SortOrder,
?   username?: SortOrder,
?   email?: SortOrder,
?   password?: SortOrder,
?   created_at?: SortOrder,
?   roles?: User_RoleOrderByRelationAggregateInput,
?   permissions?: User_permissionOrderByRelationAggregateInput,
?   categories?: CategoryOrderByRelationAggregateInput,
?   devices?: User_deviceOrderByRelationAggregateInput,
?   _relevance?: UserOrderByRelevanceInput
  }
}

Unknown argument `roleIds`. Did you mean `roles`? Available options are marked with ?.
[2026-01-22T11:37:42.324Z] 
Invalid `prisma.user.findMany()` invocation:

{
  select: {
    id: true,
    first_name: true,
    last_name: true,
    username: true,
    email: true,
    roles: {
      select: {
        role: {
          select: {
            name: true,
            id: true
          }
        }
      }
    }
  },
  skip: 0,
  take: 10,
  orderBy: {
    roles: "desc"
           ~~~~~~
  }
}

Argument `roles`: Invalid value provided. Expected User_RoleOrderByRelationAggregateInput, provided String.
[2026-01-22T11:37:42.361Z] 
Invalid `prisma.user.findMany()` invocation:

{
  select: {
    id: true,
    first_name: true,
    last_name: true,
    username: true,
    email: true,
    roles: {
      select: {
        role: {
          select: {
            name: true,
            id: true
          }
        }
      }
    }
  },
  skip: 0,
  take: 10,
  orderBy: {
    roleIds: "desc",
    ~~~~~~~
?   id?: SortOrder,
?   first_name?: SortOrder,
?   last_name?: SortOrder,
?   username?: SortOrder,
?   email?: SortOrder,
?   password?: SortOrder,
?   created_at?: SortOrder,
?   roles?: User_RoleOrderByRelationAggregateInput,
?   permissions?: User_permissionOrderByRelationAggregateInput,
?   categories?: CategoryOrderByRelationAggregateInput,
?   devices?: User_deviceOrderByRelationAggregateInput,
?   _relevance?: UserOrderByRelevanceInput
  }
}

Unknown argument `roleIds`. Did you mean `roles`? Available options are marked with ?.
[2026-01-22T11:37:42.374Z] 
Invalid `prisma.user.findMany()` invocation:

{
  select: {
    id: true,
    first_name: true,
    last_name: true,
    username: true,
    email: true,
    roles: {
      select: {
        role: {
          select: {
            name: true,
            id: true
          }
        }
      }
    }
  },
  skip: 0,
  take: 10,
  orderBy: {
    roles: "desc"
           ~~~~~~
  }
}

Argument `roles`: Invalid value provided. Expected User_RoleOrderByRelationAggregateInput, provided String.
[2026-01-22T11:37:42.420Z] 
Invalid `prisma.user.findMany()` invocation:

{
  select: {
    id: true,
    first_name: true,
    last_name: true,
    username: true,
    email: true,
    roles: {
      select: {
        role: {
          select: {
            name: true,
            id: true
          }
        }
      }
    }
  },
  skip: 0,
  take: 10,
  orderBy: {
    roleIds: "desc",
    ~~~~~~~
?   id?: SortOrder,
?   first_name?: SortOrder,
?   last_name?: SortOrder,
?   username?: SortOrder,
?   email?: SortOrder,
?   password?: SortOrder,
?   created_at?: SortOrder,
?   roles?: User_RoleOrderByRelationAggregateInput,
?   permissions?: User_permissionOrderByRelationAggregateInput,
?   categories?: CategoryOrderByRelationAggregateInput,
?   devices?: User_deviceOrderByRelationAggregateInput,
?   _relevance?: UserOrderByRelevanceInput
  }
}

Unknown argument `roleIds`. Did you mean `roles`? Available options are marked with ?.
[2026-01-22T11:37:42.434Z] 
Invalid `prisma.user.findMany()` invocation:

{
  select: {
    id: true,
    first_name: true,
    last_name: true,
    username: true,
    email: true,
    roles: {
      select: {
        role: {
          select: {
            name: true,
            id: true
          }
        }
      }
    }
  },
  skip: 0,
  take: 10,
  orderBy: {
    roles: "desc"
           ~~~~~~
  }
}

Argument `roles`: Invalid value provided. Expected User_RoleOrderByRelationAggregateInput, provided String.
[2026-01-22T11:37:42.484Z] 
Invalid `prisma.user.findMany()` invocation:

{
  select: {
    id: true,
    first_name: true,
    last_name: true,
    username: true,
    email: true,
    roles: {
      select: {
        role: {
          select: {
            name: true,
            id: true
          }
        }
      }
    }
  },
  skip: 0,
  take: 10,
  orderBy: {
    roleIds: "desc",
    ~~~~~~~
?   id?: SortOrder,
?   first_name?: SortOrder,
?   last_name?: SortOrder,
?   username?: SortOrder,
?   email?: SortOrder,
?   password?: SortOrder,
?   created_at?: SortOrder,
?   roles?: User_RoleOrderByRelationAggregateInput,
?   permissions?: User_permissionOrderByRelationAggregateInput,
?   categories?: CategoryOrderByRelationAggregateInput,
?   devices?: User_deviceOrderByRelationAggregateInput,
?   _relevance?: UserOrderByRelevanceInput
  }
}

Unknown argument `roleIds`. Did you mean `roles`? Available options are marked with ?.
[2026-01-22T11:37:42.498Z] 
Invalid `prisma.user.findMany()` invocation:

{
  select: {
    id: true,
    first_name: true,
    last_name: true,
    username: true,
    email: true,
    roles: {
      select: {
        role: {
          select: {
            name: true,
            id: true
          }
        }
      }
    }
  },
  skip: 0,
  take: 10,
  orderBy: {
    roles: "desc"
           ~~~~~~
  }
}

Argument `roles`: Invalid value provided. Expected User_RoleOrderByRelationAggregateInput, provided String.
[2026-01-22T11:37:42.573Z] 
Invalid `prisma.user.findMany()` invocation:

{
  select: {
    id: true,
    first_name: true,
    last_name: true,
    username: true,
    email: true,
    roles: {
      select: {
        role: {
          select: {
            name: true,
            id: true
          }
        }
      }
    }
  },
  skip: 0,
  take: 10,
  orderBy: {
    roleIds: "desc",
    ~~~~~~~
?   id?: SortOrder,
?   first_name?: SortOrder,
?   last_name?: SortOrder,
?   username?: SortOrder,
?   email?: SortOrder,
?   password?: SortOrder,
?   created_at?: SortOrder,
?   roles?: User_RoleOrderByRelationAggregateInput,
?   permissions?: User_permissionOrderByRelationAggregateInput,
?   categories?: CategoryOrderByRelationAggregateInput,
?   devices?: User_deviceOrderByRelationAggregateInput,
?   _relevance?: UserOrderByRelevanceInput
  }
}

Unknown argument `roleIds`. Did you mean `roles`? Available options are marked with ?.
[2026-01-22T11:37:42.587Z] 
Invalid `prisma.user.findMany()` invocation:

{
  select: {
    id: true,
    first_name: true,
    last_name: true,
    username: true,
    email: true,
    roles: {
      select: {
        role: {
          select: {
            name: true,
            id: true
          }
        }
      }
    }
  },
  skip: 0,
  take: 10,
  orderBy: {
    roles: "desc"
           ~~~~~~
  }
}

Argument `roles`: Invalid value provided. Expected User_RoleOrderByRelationAggregateInput, provided String.
[2026-01-22T11:37:42.645Z] 
Invalid `prisma.user.findMany()` invocation:

{
  select: {
    id: true,
    first_name: true,
    last_name: true,
    username: true,
    email: true,
    roles: {
      select: {
        role: {
          select: {
            name: true,
            id: true
          }
        }
      }
    }
  },
  skip: 0,
  take: 10,
  orderBy: {
    roleIds: "desc",
    ~~~~~~~
?   id?: SortOrder,
?   first_name?: SortOrder,
?   last_name?: SortOrder,
?   username?: SortOrder,
?   email?: SortOrder,
?   password?: SortOrder,
?   created_at?: SortOrder,
?   roles?: User_RoleOrderByRelationAggregateInput,
?   permissions?: User_permissionOrderByRelationAggregateInput,
?   categories?: CategoryOrderByRelationAggregateInput,
?   devices?: User_deviceOrderByRelationAggregateInput,
?   _relevance?: UserOrderByRelevanceInput
  }
}

Unknown argument `roleIds`. Did you mean `roles`? Available options are marked with ?.
[2026-01-22T11:37:42.660Z] 
Invalid `prisma.user.findMany()` invocation:

{
  select: {
    id: true,
    first_name: true,
    last_name: true,
    username: true,
    email: true,
    roles: {
      select: {
        role: {
          select: {
            name: true,
            id: true
          }
        }
      }
    }
  },
  skip: 0,
  take: 10,
  orderBy: {
    roles: "desc"
           ~~~~~~
  }
}

Argument `roles`: Invalid value provided. Expected User_RoleOrderByRelationAggregateInput, provided String.
[2026-01-22T11:37:42.712Z] 
Invalid `prisma.user.findMany()` invocation:

{
  select: {
    id: true,
    first_name: true,
    last_name: true,
    username: true,
    email: true,
    roles: {
      select: {
        role: {
          select: {
            name: true,
            id: true
          }
        }
      }
    }
  },
  skip: 0,
  take: 10,
  orderBy: {
    roleIds: "desc",
    ~~~~~~~
?   id?: SortOrder,
?   first_name?: SortOrder,
?   last_name?: SortOrder,
?   username?: SortOrder,
?   email?: SortOrder,
?   password?: SortOrder,
?   created_at?: SortOrder,
?   roles?: User_RoleOrderByRelationAggregateInput,
?   permissions?: User_permissionOrderByRelationAggregateInput,
?   categories?: CategoryOrderByRelationAggregateInput,
?   devices?: User_deviceOrderByRelationAggregateInput,
?   _relevance?: UserOrderByRelevanceInput
  }
}

Unknown argument `roleIds`. Did you mean `roles`? Available options are marked with ?.
[2026-01-22T11:37:42.725Z] 
Invalid `prisma.user.findMany()` invocation:

{
  select: {
    id: true,
    first_name: true,
    last_name: true,
    username: true,
    email: true,
    roles: {
      select: {
        role: {
          select: {
            name: true,
            id: true
          }
        }
      }
    }
  },
  skip: 0,
  take: 10,
  orderBy: {
    roles: "desc"
           ~~~~~~
  }
}

Argument `roles`: Invalid value provided. Expected User_RoleOrderByRelationAggregateInput, provided String.
[2026-01-22T11:37:42.771Z] 
Invalid `prisma.user.findMany()` invocation:

{
  select: {
    id: true,
    first_name: true,
    last_name: true,
    username: true,
    email: true,
    roles: {
      select: {
        role: {
          select: {
            name: true,
            id: true
          }
        }
      }
    }
  },
  skip: 0,
  take: 10,
  orderBy: {
    roleIds: "desc",
    ~~~~~~~
?   id?: SortOrder,
?   first_name?: SortOrder,
?   last_name?: SortOrder,
?   username?: SortOrder,
?   email?: SortOrder,
?   password?: SortOrder,
?   created_at?: SortOrder,
?   roles?: User_RoleOrderByRelationAggregateInput,
?   permissions?: User_permissionOrderByRelationAggregateInput,
?   categories?: CategoryOrderByRelationAggregateInput,
?   devices?: User_deviceOrderByRelationAggregateInput,
?   _relevance?: UserOrderByRelevanceInput
  }
}

Unknown argument `roleIds`. Did you mean `roles`? Available options are marked with ?.
[2026-01-22T11:37:42.783Z] 
Invalid `prisma.user.findMany()` invocation:

{
  select: {
    id: true,
    first_name: true,
    last_name: true,
    username: true,
    email: true,
    roles: {
      select: {
        role: {
          select: {
            name: true,
            id: true
          }
        }
      }
    }
  },
  skip: 0,
  take: 10,
  orderBy: {
    roles: "desc"
           ~~~~~~
  }
}

Argument `roles`: Invalid value provided. Expected User_RoleOrderByRelationAggregateInput, provided String.
[2026-01-22T11:37:42.836Z] 
Invalid `prisma.user.findMany()` invocation:

{
  select: {
    id: true,
    first_name: true,
    last_name: true,
    username: true,
    email: true,
    roles: {
      select: {
        role: {
          select: {
            name: true,
            id: true
          }
        }
      }
    }
  },
  skip: 0,
  take: 10,
  orderBy: {
    roleIds: "desc",
    ~~~~~~~
?   id?: SortOrder,
?   first_name?: SortOrder,
?   last_name?: SortOrder,
?   username?: SortOrder,
?   email?: SortOrder,
?   password?: SortOrder,
?   created_at?: SortOrder,
?   roles?: User_RoleOrderByRelationAggregateInput,
?   permissions?: User_permissionOrderByRelationAggregateInput,
?   categories?: CategoryOrderByRelationAggregateInput,
?   devices?: User_deviceOrderByRelationAggregateInput,
?   _relevance?: UserOrderByRelevanceInput
  }
}

Unknown argument `roleIds`. Did you mean `roles`? Available options are marked with ?.
[2026-01-22T11:37:42.848Z] 
Invalid `prisma.user.findMany()` invocation:

{
  select: {
    id: true,
    first_name: true,
    last_name: true,
    username: true,
    email: true,
    roles: {
      select: {
        role: {
          select: {
            name: true,
            id: true
          }
        }
      }
    }
  },
  skip: 0,
  take: 10,
  orderBy: {
    roles: "desc"
           ~~~~~~
  }
}

Argument `roles`: Invalid value provided. Expected User_RoleOrderByRelationAggregateInput, provided String.
[2026-01-22T11:37:42.899Z] 
Invalid `prisma.user.findMany()` invocation:

{
  select: {
    id: true,
    first_name: true,
    last_name: true,
    username: true,
    email: true,
    roles: {
      select: {
        role: {
          select: {
            name: true,
            id: true
          }
        }
      }
    }
  },
  skip: 0,
  take: 10,
  orderBy: {
    roleIds: "desc",
    ~~~~~~~
?   id?: SortOrder,
?   first_name?: SortOrder,
?   last_name?: SortOrder,
?   username?: SortOrder,
?   email?: SortOrder,
?   password?: SortOrder,
?   created_at?: SortOrder,
?   roles?: User_RoleOrderByRelationAggregateInput,
?   permissions?: User_permissionOrderByRelationAggregateInput,
?   categories?: CategoryOrderByRelationAggregateInput,
?   devices?: User_deviceOrderByRelationAggregateInput,
?   _relevance?: UserOrderByRelevanceInput
  }
}

Unknown argument `roleIds`. Did you mean `roles`? Available options are marked with ?.
[2026-01-22T11:37:42.911Z] 
Invalid `prisma.user.findMany()` invocation:

{
  select: {
    id: true,
    first_name: true,
    last_name: true,
    username: true,
    email: true,
    roles: {
      select: {
        role: {
          select: {
            name: true,
            id: true
          }
        }
      }
    }
  },
  skip: 0,
  take: 10,
  orderBy: {
    roles: "desc"
           ~~~~~~
  }
}

Argument `roles`: Invalid value provided. Expected User_RoleOrderByRelationAggregateInput, provided String.
[2026-01-22T11:37:42.972Z] 
Invalid `prisma.user.findMany()` invocation:

{
  select: {
    id: true,
    first_name: true,
    last_name: true,
    username: true,
    email: true,
    roles: {
      select: {
        role: {
          select: {
            name: true,
            id: true
          }
        }
      }
    }
  },
  skip: 0,
  take: 10,
  orderBy: {
    roleIds: "desc",
    ~~~~~~~
?   id?: SortOrder,
?   first_name?: SortOrder,
?   last_name?: SortOrder,
?   username?: SortOrder,
?   email?: SortOrder,
?   password?: SortOrder,
?   created_at?: SortOrder,
?   roles?: User_RoleOrderByRelationAggregateInput,
?   permissions?: User_permissionOrderByRelationAggregateInput,
?   categories?: CategoryOrderByRelationAggregateInput,
?   devices?: User_deviceOrderByRelationAggregateInput,
?   _relevance?: UserOrderByRelevanceInput
  }
}

Unknown argument `roleIds`. Did you mean `roles`? Available options are marked with ?.
[2026-01-22T11:37:42.984Z] 
Invalid `prisma.user.findMany()` invocation:

{
  select: {
    id: true,
    first_name: true,
    last_name: true,
    username: true,
    email: true,
    roles: {
      select: {
        role: {
          select: {
            name: true,
            id: true
          }
        }
      }
    }
  },
  skip: 0,
  take: 10,
  orderBy: {
    roles: "desc"
           ~~~~~~
  }
}

Argument `roles`: Invalid value provided. Expected User_RoleOrderByRelationAggregateInput, provided String.
[2026-01-22T11:37:43.047Z] 
Invalid `prisma.user.findMany()` invocation:

{
  select: {
    id: true,
    first_name: true,
    last_name: true,
    username: true,
    email: true,
    roles: {
      select: {
        role: {
          select: {
            name: true,
            id: true
          }
        }
      }
    }
  },
  skip: 0,
  take: 10,
  orderBy: {
    roleIds: "desc",
    ~~~~~~~
?   id?: SortOrder,
?   first_name?: SortOrder,
?   last_name?: SortOrder,
?   username?: SortOrder,
?   email?: SortOrder,
?   password?: SortOrder,
?   created_at?: SortOrder,
?   roles?: User_RoleOrderByRelationAggregateInput,
?   permissions?: User_permissionOrderByRelationAggregateInput,
?   categories?: CategoryOrderByRelationAggregateInput,
?   devices?: User_deviceOrderByRelationAggregateInput,
?   _relevance?: UserOrderByRelevanceInput
  }
}

Unknown argument `roleIds`. Did you mean `roles`? Available options are marked with ?.
[2026-01-22T11:37:43.062Z] 
Invalid `prisma.user.findMany()` invocation:

{
  select: {
    id: true,
    first_name: true,
    last_name: true,
    username: true,
    email: true,
    roles: {
      select: {
        role: {
          select: {
            name: true,
            id: true
          }
        }
      }
    }
  },
  skip: 0,
  take: 10,
  orderBy: {
    roles: "desc"
           ~~~~~~
  }
}

Argument `roles`: Invalid value provided. Expected User_RoleOrderByRelationAggregateInput, provided String.
[2026-01-22T11:37:43.182Z] 
Invalid `prisma.user.findMany()` invocation:

{
  select: {
    id: true,
    first_name: true,
    last_name: true,
    username: true,
    email: true,
    roles: {
      select: {
        role: {
          select: {
            name: true,
            id: true
          }
        }
      }
    }
  },
  skip: 0,
  take: 10,
  orderBy: {
    roleIds: "desc",
    ~~~~~~~
?   id?: SortOrder,
?   first_name?: SortOrder,
?   last_name?: SortOrder,
?   username?: SortOrder,
?   email?: SortOrder,
?   password?: SortOrder,
?   created_at?: SortOrder,
?   roles?: User_RoleOrderByRelationAggregateInput,
?   permissions?: User_permissionOrderByRelationAggregateInput,
?   categories?: CategoryOrderByRelationAggregateInput,
?   devices?: User_deviceOrderByRelationAggregateInput,
?   _relevance?: UserOrderByRelevanceInput
  }
}

Unknown argument `roleIds`. Did you mean `roles`? Available options are marked with ?.
[2026-01-22T11:37:43.196Z] 
Invalid `prisma.user.findMany()` invocation:

{
  select: {
    id: true,
    first_name: true,
    last_name: true,
    username: true,
    email: true,
    roles: {
      select: {
        role: {
          select: {
            name: true,
            id: true
          }
        }
      }
    }
  },
  skip: 0,
  take: 10,
  orderBy: {
    roles: "desc"
           ~~~~~~
  }
}

Argument `roles`: Invalid value provided. Expected User_RoleOrderByRelationAggregateInput, provided String.
[2026-01-22T11:37:43.277Z] 
Invalid `prisma.user.findMany()` invocation:

{
  select: {
    id: true,
    first_name: true,
    last_name: true,
    username: true,
    email: true,
    roles: {
      select: {
        role: {
          select: {
            name: true,
            id: true
          }
        }
      }
    }
  },
  skip: 0,
  take: 10,
  orderBy: {
    roleIds: "desc",
    ~~~~~~~
?   id?: SortOrder,
?   first_name?: SortOrder,
?   last_name?: SortOrder,
?   username?: SortOrder,
?   email?: SortOrder,
?   password?: SortOrder,
?   created_at?: SortOrder,
?   roles?: User_RoleOrderByRelationAggregateInput,
?   permissions?: User_permissionOrderByRelationAggregateInput,
?   categories?: CategoryOrderByRelationAggregateInput,
?   devices?: User_deviceOrderByRelationAggregateInput,
?   _relevance?: UserOrderByRelevanceInput
  }
}

Unknown argument `roleIds`. Did you mean `roles`? Available options are marked with ?.
[2026-01-22T11:37:43.291Z] 
Invalid `prisma.user.findMany()` invocation:

{
  select: {
    id: true,
    first_name: true,
    last_name: true,
    username: true,
    email: true,
    roles: {
      select: {
        role: {
          select: {
            name: true,
            id: true
          }
        }
      }
    }
  },
  skip: 0,
  take: 10,
  orderBy: {
    roles: "desc"
           ~~~~~~
  }
}

Argument `roles`: Invalid value provided. Expected User_RoleOrderByRelationAggregateInput, provided String.
[2026-01-22T11:37:43.368Z] 
Invalid `prisma.user.findMany()` invocation:

{
  select: {
    id: true,
    first_name: true,
    last_name: true,
    username: true,
    email: true,
    roles: {
      select: {
        role: {
          select: {
            name: true,
            id: true
          }
        }
      }
    }
  },
  skip: 0,
  take: 10,
  orderBy: {
    roleIds: "desc",
    ~~~~~~~
?   id?: SortOrder,
?   first_name?: SortOrder,
?   last_name?: SortOrder,
?   username?: SortOrder,
?   email?: SortOrder,
?   password?: SortOrder,
?   created_at?: SortOrder,
?   roles?: User_RoleOrderByRelationAggregateInput,
?   permissions?: User_permissionOrderByRelationAggregateInput,
?   categories?: CategoryOrderByRelationAggregateInput,
?   devices?: User_deviceOrderByRelationAggregateInput,
?   _relevance?: UserOrderByRelevanceInput
  }
}

Unknown argument `roleIds`. Did you mean `roles`? Available options are marked with ?.
[2026-01-22T11:37:43.389Z] 
Invalid `prisma.user.findMany()` invocation:

{
  select: {
    id: true,
    first_name: true,
    last_name: true,
    username: true,
    email: true,
    roles: {
      select: {
        role: {
          select: {
            name: true,
            id: true
          }
        }
      }
    }
  },
  skip: 0,
  take: 10,
  orderBy: {
    roles: "desc"
           ~~~~~~
  }
}

Argument `roles`: Invalid value provided. Expected User_RoleOrderByRelationAggregateInput, provided String.
[2026-01-22T11:37:43.430Z] 
Invalid `prisma.user.findMany()` invocation:

{
  select: {
    id: true,
    first_name: true,
    last_name: true,
    username: true,
    email: true,
    roles: {
      select: {
        role: {
          select: {
            name: true,
            id: true
          }
        }
      }
    }
  },
  skip: 0,
  take: 10,
  orderBy: {
    roleIds: "desc",
    ~~~~~~~
?   id?: SortOrder,
?   first_name?: SortOrder,
?   last_name?: SortOrder,
?   username?: SortOrder,
?   email?: SortOrder,
?   password?: SortOrder,
?   created_at?: SortOrder,
?   roles?: User_RoleOrderByRelationAggregateInput,
?   permissions?: User_permissionOrderByRelationAggregateInput,
?   categories?: CategoryOrderByRelationAggregateInput,
?   devices?: User_deviceOrderByRelationAggregateInput,
?   _relevance?: UserOrderByRelevanceInput
  }
}

Unknown argument `roleIds`. Did you mean `roles`? Available options are marked with ?.
[2026-01-22T11:37:43.444Z] 
Invalid `prisma.user.findMany()` invocation:

{
  select: {
    id: true,
    first_name: true,
    last_name: true,
    username: true,
    email: true,
    roles: {
      select: {
        role: {
          select: {
            name: true,
            id: true
          }
        }
      }
    }
  },
  skip: 0,
  take: 10,
  orderBy: {
    roles: "desc"
           ~~~~~~
  }
}

Argument `roles`: Invalid value provided. Expected User_RoleOrderByRelationAggregateInput, provided String.
[2026-01-22T11:37:43.494Z] 
Invalid `prisma.user.findMany()` invocation:

{
  select: {
    id: true,
    first_name: true,
    last_name: true,
    username: true,
    email: true,
    roles: {
      select: {
        role: {
          select: {
            name: true,
            id: true
          }
        }
      }
    }
  },
  skip: 0,
  take: 10,
  orderBy: {
    roleIds: "desc",
    ~~~~~~~
?   id?: SortOrder,
?   first_name?: SortOrder,
?   last_name?: SortOrder,
?   username?: SortOrder,
?   email?: SortOrder,
?   password?: SortOrder,
?   created_at?: SortOrder,
?   roles?: User_RoleOrderByRelationAggregateInput,
?   permissions?: User_permissionOrderByRelationAggregateInput,
?   categories?: CategoryOrderByRelationAggregateInput,
?   devices?: User_deviceOrderByRelationAggregateInput,
?   _relevance?: UserOrderByRelevanceInput
  }
}

Unknown argument `roleIds`. Did you mean `roles`? Available options are marked with ?.
[2026-01-22T11:37:43.508Z] 
Invalid `prisma.user.findMany()` invocation:

{
  select: {
    id: true,
    first_name: true,
    last_name: true,
    username: true,
    email: true,
    roles: {
      select: {
        role: {
          select: {
            name: true,
            id: true
          }
        }
      }
    }
  },
  skip: 0,
  take: 10,
  orderBy: {
    roles: "desc"
           ~~~~~~
  }
}

Argument `roles`: Invalid value provided. Expected User_RoleOrderByRelationAggregateInput, provided String.
[2026-01-22T11:37:43.575Z] 
Invalid `prisma.user.findMany()` invocation:

{
  select: {
    id: true,
    first_name: true,
    last_name: true,
    username: true,
    email: true,
    roles: {
      select: {
        role: {
          select: {
            name: true,
            id: true
          }
        }
      }
    }
  },
  skip: 0,
  take: 10,
  orderBy: {
    roleIds: "desc",
    ~~~~~~~
?   id?: SortOrder,
?   first_name?: SortOrder,
?   last_name?: SortOrder,
?   username?: SortOrder,
?   email?: SortOrder,
?   password?: SortOrder,
?   created_at?: SortOrder,
?   roles?: User_RoleOrderByRelationAggregateInput,
?   permissions?: User_permissionOrderByRelationAggregateInput,
?   categories?: CategoryOrderByRelationAggregateInput,
?   devices?: User_deviceOrderByRelationAggregateInput,
?   _relevance?: UserOrderByRelevanceInput
  }
}

Unknown argument `roleIds`. Did you mean `roles`? Available options are marked with ?.
[2026-01-22T11:37:43.600Z] 
Invalid `prisma.user.findMany()` invocation:

{
  select: {
    id: true,
    first_name: true,
    last_name: true,
    username: true,
    email: true,
    roles: {
      select: {
        role: {
          select: {
            name: true,
            id: true
          }
        }
      }
    }
  },
  skip: 0,
  take: 10,
  orderBy: {
    roles: "desc"
           ~~~~~~
  }
}

Argument `roles`: Invalid value provided. Expected User_RoleOrderByRelationAggregateInput, provided String.
[2026-01-22T11:37:43.641Z] 
Invalid `prisma.user.findMany()` invocation:

{
  select: {
    id: true,
    first_name: true,
    last_name: true,
    username: true,
    email: true,
    roles: {
      select: {
        role: {
          select: {
            name: true,
            id: true
          }
        }
      }
    }
  },
  skip: 0,
  take: 10,
  orderBy: {
    roleIds: "desc",
    ~~~~~~~
?   id?: SortOrder,
?   first_name?: SortOrder,
?   last_name?: SortOrder,
?   username?: SortOrder,
?   email?: SortOrder,
?   password?: SortOrder,
?   created_at?: SortOrder,
?   roles?: User_RoleOrderByRelationAggregateInput,
?   permissions?: User_permissionOrderByRelationAggregateInput,
?   categories?: CategoryOrderByRelationAggregateInput,
?   devices?: User_deviceOrderByRelationAggregateInput,
?   _relevance?: UserOrderByRelevanceInput
  }
}

Unknown argument `roleIds`. Did you mean `roles`? Available options are marked with ?.
[2026-01-22T11:37:43.660Z] 
Invalid `prisma.user.findMany()` invocation:

{
  select: {
    id: true,
    first_name: true,
    last_name: true,
    username: true,
    email: true,
    roles: {
      select: {
        role: {
          select: {
            name: true,
            id: true
          }
        }
      }
    }
  },
  skip: 0,
  take: 10,
  orderBy: {
    roles: "desc"
           ~~~~~~
  }
}

Argument `roles`: Invalid value provided. Expected User_RoleOrderByRelationAggregateInput, provided String.
[2026-01-22T11:37:43.721Z] 
Invalid `prisma.user.findMany()` invocation:

{
  select: {
    id: true,
    first_name: true,
    last_name: true,
    username: true,
    email: true,
    roles: {
      select: {
        role: {
          select: {
            name: true,
            id: true
          }
        }
      }
    }
  },
  skip: 0,
  take: 10,
  orderBy: {
    roleIds: "desc",
    ~~~~~~~
?   id?: SortOrder,
?   first_name?: SortOrder,
?   last_name?: SortOrder,
?   username?: SortOrder,
?   email?: SortOrder,
?   password?: SortOrder,
?   created_at?: SortOrder,
?   roles?: User_RoleOrderByRelationAggregateInput,
?   permissions?: User_permissionOrderByRelationAggregateInput,
?   categories?: CategoryOrderByRelationAggregateInput,
?   devices?: User_deviceOrderByRelationAggregateInput,
?   _relevance?: UserOrderByRelevanceInput
  }
}

Unknown argument `roleIds`. Did you mean `roles`? Available options are marked with ?.
[2026-01-22T11:37:43.738Z] 
Invalid `prisma.user.findMany()` invocation:

{
  select: {
    id: true,
    first_name: true,
    last_name: true,
    username: true,
    email: true,
    roles: {
      select: {
        role: {
          select: {
            name: true,
            id: true
          }
        }
      }
    }
  },
  skip: 0,
  take: 10,
  orderBy: {
    roles: "desc"
           ~~~~~~
  }
}

Argument `roles`: Invalid value provided. Expected User_RoleOrderByRelationAggregateInput, provided String.
[2026-01-22T11:37:43.784Z] 
Invalid `prisma.user.findMany()` invocation:

{
  select: {
    id: true,
    first_name: true,
    last_name: true,
    username: true,
    email: true,
    roles: {
      select: {
        role: {
          select: {
            name: true,
            id: true
          }
        }
      }
    }
  },
  skip: 0,
  take: 10,
  orderBy: {
    roleIds: "desc",
    ~~~~~~~
?   id?: SortOrder,
?   first_name?: SortOrder,
?   last_name?: SortOrder,
?   username?: SortOrder,
?   email?: SortOrder,
?   password?: SortOrder,
?   created_at?: SortOrder,
?   roles?: User_RoleOrderByRelationAggregateInput,
?   permissions?: User_permissionOrderByRelationAggregateInput,
?   categories?: CategoryOrderByRelationAggregateInput,
?   devices?: User_deviceOrderByRelationAggregateInput,
?   _relevance?: UserOrderByRelevanceInput
  }
}

Unknown argument `roleIds`. Did you mean `roles`? Available options are marked with ?.
[2026-01-22T11:37:43.798Z] 
Invalid `prisma.user.findMany()` invocation:

{
  select: {
    id: true,
    first_name: true,
    last_name: true,
    username: true,
    email: true,
    roles: {
      select: {
        role: {
          select: {
            name: true,
            id: true
          }
        }
      }
    }
  },
  skip: 0,
  take: 10,
  orderBy: {
    roles: "desc"
           ~~~~~~
  }
}

Argument `roles`: Invalid value provided. Expected User_RoleOrderByRelationAggregateInput, provided String.
[2026-01-22T11:37:43.859Z] 
Invalid `prisma.user.findMany()` invocation:

{
  select: {
    id: true,
    first_name: true,
    last_name: true,
    username: true,
    email: true,
    roles: {
      select: {
        role: {
          select: {
            name: true,
            id: true
          }
        }
      }
    }
  },
  skip: 0,
  take: 10,
  orderBy: {
    roleIds: "desc",
    ~~~~~~~
?   id?: SortOrder,
?   first_name?: SortOrder,
?   last_name?: SortOrder,
?   username?: SortOrder,
?   email?: SortOrder,
?   password?: SortOrder,
?   created_at?: SortOrder,
?   roles?: User_RoleOrderByRelationAggregateInput,
?   permissions?: User_permissionOrderByRelationAggregateInput,
?   categories?: CategoryOrderByRelationAggregateInput,
?   devices?: User_deviceOrderByRelationAggregateInput,
?   _relevance?: UserOrderByRelevanceInput
  }
}

Unknown argument `roleIds`. Did you mean `roles`? Available options are marked with ?.
[2026-01-22T11:37:43.873Z] 
Invalid `prisma.user.findMany()` invocation:

{
  select: {
    id: true,
    first_name: true,
    last_name: true,
    username: true,
    email: true,
    roles: {
      select: {
        role: {
          select: {
            name: true,
            id: true
          }
        }
      }
    }
  },
  skip: 0,
  take: 10,
  orderBy: {
    roles: "desc"
           ~~~~~~
  }
}

Argument `roles`: Invalid value provided. Expected User_RoleOrderByRelationAggregateInput, provided String.
[2026-01-22T11:37:43.947Z] 
Invalid `prisma.user.findMany()` invocation:

{
  select: {
    id: true,
    first_name: true,
    last_name: true,
    username: true,
    email: true,
    roles: {
      select: {
        role: {
          select: {
            name: true,
            id: true
          }
        }
      }
    }
  },
  skip: 0,
  take: 10,
  orderBy: {
    roleIds: "desc",
    ~~~~~~~
?   id?: SortOrder,
?   first_name?: SortOrder,
?   last_name?: SortOrder,
?   username?: SortOrder,
?   email?: SortOrder,
?   password?: SortOrder,
?   created_at?: SortOrder,
?   roles?: User_RoleOrderByRelationAggregateInput,
?   permissions?: User_permissionOrderByRelationAggregateInput,
?   categories?: CategoryOrderByRelationAggregateInput,
?   devices?: User_deviceOrderByRelationAggregateInput,
?   _relevance?: UserOrderByRelevanceInput
  }
}

Unknown argument `roleIds`. Did you mean `roles`? Available options are marked with ?.
[2026-01-22T11:37:43.962Z] 
Invalid `prisma.user.findMany()` invocation:

{
  select: {
    id: true,
    first_name: true,
    last_name: true,
    username: true,
    email: true,
    roles: {
      select: {
        role: {
          select: {
            name: true,
            id: true
          }
        }
      }
    }
  },
  skip: 0,
  take: 10,
  orderBy: {
    roles: "desc"
           ~~~~~~
  }
}

Argument `roles`: Invalid value provided. Expected User_RoleOrderByRelationAggregateInput, provided String.
[2026-01-22T11:37:44.021Z] 
Invalid `prisma.user.findMany()` invocation:

{
  select: {
    id: true,
    first_name: true,
    last_name: true,
    username: true,
    email: true,
    roles: {
      select: {
        role: {
          select: {
            name: true,
            id: true
          }
        }
      }
    }
  },
  skip: 0,
  take: 10,
  orderBy: {
    roleIds: "desc",
    ~~~~~~~
?   id?: SortOrder,
?   first_name?: SortOrder,
?   last_name?: SortOrder,
?   username?: SortOrder,
?   email?: SortOrder,
?   password?: SortOrder,
?   created_at?: SortOrder,
?   roles?: User_RoleOrderByRelationAggregateInput,
?   permissions?: User_permissionOrderByRelationAggregateInput,
?   categories?: CategoryOrderByRelationAggregateInput,
?   devices?: User_deviceOrderByRelationAggregateInput,
?   _relevance?: UserOrderByRelevanceInput
  }
}

Unknown argument `roleIds`. Did you mean `roles`? Available options are marked with ?.
[2026-01-22T11:37:44.034Z] 
Invalid `prisma.user.findMany()` invocation:

{
  select: {
    id: true,
    first_name: true,
    last_name: true,
    username: true,
    email: true,
    roles: {
      select: {
        role: {
          select: {
            name: true,
            id: true
          }
        }
      }
    }
  },
  skip: 0,
  take: 10,
  orderBy: {
    roles: "desc"
           ~~~~~~
  }
}

Argument `roles`: Invalid value provided. Expected User_RoleOrderByRelationAggregateInput, provided String.
[2026-01-22T11:37:44.090Z] 
Invalid `prisma.user.findMany()` invocation:

{
  select: {
    id: true,
    first_name: true,
    last_name: true,
    username: true,
    email: true,
    roles: {
      select: {
        role: {
          select: {
            name: true,
            id: true
          }
        }
      }
    }
  },
  skip: 0,
  take: 10,
  orderBy: {
    roleIds: "desc",
    ~~~~~~~
?   id?: SortOrder,
?   first_name?: SortOrder,
?   last_name?: SortOrder,
?   username?: SortOrder,
?   email?: SortOrder,
?   password?: SortOrder,
?   created_at?: SortOrder,
?   roles?: User_RoleOrderByRelationAggregateInput,
?   permissions?: User_permissionOrderByRelationAggregateInput,
?   categories?: CategoryOrderByRelationAggregateInput,
?   devices?: User_deviceOrderByRelationAggregateInput,
?   _relevance?: UserOrderByRelevanceInput
  }
}

Unknown argument `roleIds`. Did you mean `roles`? Available options are marked with ?.
[2026-01-22T11:37:44.102Z] 
Invalid `prisma.user.findMany()` invocation:

{
  select: {
    id: true,
    first_name: true,
    last_name: true,
    username: true,
    email: true,
    roles: {
      select: {
        role: {
          select: {
            name: true,
            id: true
          }
        }
      }
    }
  },
  skip: 0,
  take: 10,
  orderBy: {
    roles: "desc"
           ~~~~~~
  }
}

Argument `roles`: Invalid value provided. Expected User_RoleOrderByRelationAggregateInput, provided String.
[2026-01-22T11:37:44.166Z] 
Invalid `prisma.user.findMany()` invocation:

{
  select: {
    id: true,
    first_name: true,
    last_name: true,
    username: true,
    email: true,
    roles: {
      select: {
        role: {
          select: {
            name: true,
            id: true
          }
        }
      }
    }
  },
  skip: 0,
  take: 10,
  orderBy: {
    roleIds: "desc",
    ~~~~~~~
?   id?: SortOrder,
?   first_name?: SortOrder,
?   last_name?: SortOrder,
?   username?: SortOrder,
?   email?: SortOrder,
?   password?: SortOrder,
?   created_at?: SortOrder,
?   roles?: User_RoleOrderByRelationAggregateInput,
?   permissions?: User_permissionOrderByRelationAggregateInput,
?   categories?: CategoryOrderByRelationAggregateInput,
?   devices?: User_deviceOrderByRelationAggregateInput,
?   _relevance?: UserOrderByRelevanceInput
  }
}

Unknown argument `roleIds`. Did you mean `roles`? Available options are marked with ?.
[2026-01-22T11:37:44.181Z] 
Invalid `prisma.user.findMany()` invocation:

{
  select: {
    id: true,
    first_name: true,
    last_name: true,
    username: true,
    email: true,
    roles: {
      select: {
        role: {
          select: {
            name: true,
            id: true
          }
        }
      }
    }
  },
  skip: 0,
  take: 10,
  orderBy: {
    roles: "desc"
           ~~~~~~
  }
}

Argument `roles`: Invalid value provided. Expected User_RoleOrderByRelationAggregateInput, provided String.
[2026-01-22T11:37:44.244Z] 
Invalid `prisma.user.findMany()` invocation:

{
  select: {
    id: true,
    first_name: true,
    last_name: true,
    username: true,
    email: true,
    roles: {
      select: {
        role: {
          select: {
            name: true,
            id: true
          }
        }
      }
    }
  },
  skip: 0,
  take: 10,
  orderBy: {
    roleIds: "desc",
    ~~~~~~~
?   id?: SortOrder,
?   first_name?: SortOrder,
?   last_name?: SortOrder,
?   username?: SortOrder,
?   email?: SortOrder,
?   password?: SortOrder,
?   created_at?: SortOrder,
?   roles?: User_RoleOrderByRelationAggregateInput,
?   permissions?: User_permissionOrderByRelationAggregateInput,
?   categories?: CategoryOrderByRelationAggregateInput,
?   devices?: User_deviceOrderByRelationAggregateInput,
?   _relevance?: UserOrderByRelevanceInput
  }
}

Unknown argument `roleIds`. Did you mean `roles`? Available options are marked with ?.
[2026-01-22T11:37:44.255Z] 
Invalid `prisma.user.findMany()` invocation:

{
  select: {
    id: true,
    first_name: true,
    last_name: true,
    username: true,
    email: true,
    roles: {
      select: {
        role: {
          select: {
            name: true,
            id: true
          }
        }
      }
    }
  },
  skip: 0,
  take: 10,
  orderBy: {
    roles: "desc"
           ~~~~~~
  }
}

Argument `roles`: Invalid value provided. Expected User_RoleOrderByRelationAggregateInput, provided String.
[2026-01-22T11:37:44.315Z] 
Invalid `prisma.user.findMany()` invocation:

{
  select: {
    id: true,
    first_name: true,
    last_name: true,
    username: true,
    email: true,
    roles: {
      select: {
        role: {
          select: {
            name: true,
            id: true
          }
        }
      }
    }
  },
  skip: 0,
  take: 10,
  orderBy: {
    roleIds: "desc",
    ~~~~~~~
?   id?: SortOrder,
?   first_name?: SortOrder,
?   last_name?: SortOrder,
?   username?: SortOrder,
?   email?: SortOrder,
?   password?: SortOrder,
?   created_at?: SortOrder,
?   roles?: User_RoleOrderByRelationAggregateInput,
?   permissions?: User_permissionOrderByRelationAggregateInput,
?   categories?: CategoryOrderByRelationAggregateInput,
?   devices?: User_deviceOrderByRelationAggregateInput,
?   _relevance?: UserOrderByRelevanceInput
  }
}

Unknown argument `roleIds`. Did you mean `roles`? Available options are marked with ?.
[2026-01-22T11:37:44.336Z] 
Invalid `prisma.user.findMany()` invocation:

{
  select: {
    id: true,
    first_name: true,
    last_name: true,
    username: true,
    email: true,
    roles: {
      select: {
        role: {
          select: {
            name: true,
            id: true
          }
        }
      }
    }
  },
  skip: 0,
  take: 10,
  orderBy: {
    roles: "desc"
           ~~~~~~
  }
}

Argument `roles`: Invalid value provided. Expected User_RoleOrderByRelationAggregateInput, provided String.
[2026-01-22T11:37:44.412Z] 
Invalid `prisma.user.findMany()` invocation:

{
  select: {
    id: true,
    first_name: true,
    last_name: true,
    username: true,
    email: true,
    roles: {
      select: {
        role: {
          select: {
            name: true,
            id: true
          }
        }
      }
    }
  },
  skip: 0,
  take: 10,
  orderBy: {
    roleIds: "desc",
    ~~~~~~~
?   id?: SortOrder,
?   first_name?: SortOrder,
?   last_name?: SortOrder,
?   username?: SortOrder,
?   email?: SortOrder,
?   password?: SortOrder,
?   created_at?: SortOrder,
?   roles?: User_RoleOrderByRelationAggregateInput,
?   permissions?: User_permissionOrderByRelationAggregateInput,
?   categories?: CategoryOrderByRelationAggregateInput,
?   devices?: User_deviceOrderByRelationAggregateInput,
?   _relevance?: UserOrderByRelevanceInput
  }
}

Unknown argument `roleIds`. Did you mean `roles`? Available options are marked with ?.
[2026-01-22T11:37:44.438Z] 
Invalid `prisma.user.findMany()` invocation:

{
  select: {
    id: true,
    first_name: true,
    last_name: true,
    username: true,
    email: true,
    roles: {
      select: {
        role: {
          select: {
            name: true,
            id: true
          }
        }
      }
    }
  },
  skip: 0,
  take: 10,
  orderBy: {
    roles: "desc"
           ~~~~~~
  }
}

Argument `roles`: Invalid value provided. Expected User_RoleOrderByRelationAggregateInput, provided String.
[2026-01-22T11:37:44.488Z] 
Invalid `prisma.user.findMany()` invocation:

{
  select: {
    id: true,
    first_name: true,
    last_name: true,
    username: true,
    email: true,
    roles: {
      select: {
        role: {
          select: {
            name: true,
            id: true
          }
        }
      }
    }
  },
  skip: 0,
  take: 10,
  orderBy: {
    roleIds: "desc",
    ~~~~~~~
?   id?: SortOrder,
?   first_name?: SortOrder,
?   last_name?: SortOrder,
?   username?: SortOrder,
?   email?: SortOrder,
?   password?: SortOrder,
?   created_at?: SortOrder,
?   roles?: User_RoleOrderByRelationAggregateInput,
?   permissions?: User_permissionOrderByRelationAggregateInput,
?   categories?: CategoryOrderByRelationAggregateInput,
?   devices?: User_deviceOrderByRelationAggregateInput,
?   _relevance?: UserOrderByRelevanceInput
  }
}

Unknown argument `roleIds`. Did you mean `roles`? Available options are marked with ?.
[2026-01-22T11:37:44.500Z] 
Invalid `prisma.user.findMany()` invocation:

{
  select: {
    id: true,
    first_name: true,
    last_name: true,
    username: true,
    email: true,
    roles: {
      select: {
        role: {
          select: {
            name: true,
            id: true
          }
        }
      }
    }
  },
  skip: 0,
  take: 10,
  orderBy: {
    roles: "desc"
           ~~~~~~
  }
}

Argument `roles`: Invalid value provided. Expected User_RoleOrderByRelationAggregateInput, provided String.
[2026-01-22T11:37:44.567Z] 
Invalid `prisma.user.findMany()` invocation:

{
  select: {
    id: true,
    first_name: true,
    last_name: true,
    username: true,
    email: true,
    roles: {
      select: {
        role: {
          select: {
            name: true,
            id: true
          }
        }
      }
    }
  },
  skip: 0,
  take: 10,
  orderBy: {
    roleIds: "desc",
    ~~~~~~~
?   id?: SortOrder,
?   first_name?: SortOrder,
?   last_name?: SortOrder,
?   username?: SortOrder,
?   email?: SortOrder,
?   password?: SortOrder,
?   created_at?: SortOrder,
?   roles?: User_RoleOrderByRelationAggregateInput,
?   permissions?: User_permissionOrderByRelationAggregateInput,
?   categories?: CategoryOrderByRelationAggregateInput,
?   devices?: User_deviceOrderByRelationAggregateInput,
?   _relevance?: UserOrderByRelevanceInput
  }
}

Unknown argument `roleIds`. Did you mean `roles`? Available options are marked with ?.
[2026-01-22T11:37:44.582Z] 
Invalid `prisma.user.findMany()` invocation:

{
  select: {
    id: true,
    first_name: true,
    last_name: true,
    username: true,
    email: true,
    roles: {
      select: {
        role: {
          select: {
            name: true,
            id: true
          }
        }
      }
    }
  },
  skip: 0,
  take: 10,
  orderBy: {
    roles: "desc"
           ~~~~~~
  }
}

Argument `roles`: Invalid value provided. Expected User_RoleOrderByRelationAggregateInput, provided String.
[2026-01-22T11:37:44.684Z] 
Invalid `prisma.user.findMany()` invocation:

{
  select: {
    id: true,
    first_name: true,
    last_name: true,
    username: true,
    email: true,
    roles: {
      select: {
        role: {
          select: {
            name: true,
            id: true
          }
        }
      }
    }
  },
  skip: 0,
  take: 10,
  orderBy: {
    roleIds: "desc",
    ~~~~~~~
?   id?: SortOrder,
?   first_name?: SortOrder,
?   last_name?: SortOrder,
?   username?: SortOrder,
?   email?: SortOrder,
?   password?: SortOrder,
?   created_at?: SortOrder,
?   roles?: User_RoleOrderByRelationAggregateInput,
?   permissions?: User_permissionOrderByRelationAggregateInput,
?   categories?: CategoryOrderByRelationAggregateInput,
?   devices?: User_deviceOrderByRelationAggregateInput,
?   _relevance?: UserOrderByRelevanceInput
  }
}

Unknown argument `roleIds`. Did you mean `roles`? Available options are marked with ?.
[2026-01-22T11:37:44.698Z] 
Invalid `prisma.user.findMany()` invocation:

{
  select: {
    id: true,
    first_name: true,
    last_name: true,
    username: true,
    email: true,
    roles: {
      select: {
        role: {
          select: {
            name: true,
            id: true
          }
        }
      }
    }
  },
  skip: 0,
  take: 10,
  orderBy: {
    roles: "desc"
           ~~~~~~
  }
}

Argument `roles`: Invalid value provided. Expected User_RoleOrderByRelationAggregateInput, provided String.
[2026-01-22T11:37:44.786Z] 
Invalid `prisma.user.findMany()` invocation:

{
  select: {
    id: true,
    first_name: true,
    last_name: true,
    username: true,
    email: true,
    roles: {
      select: {
        role: {
          select: {
            name: true,
            id: true
          }
        }
      }
    }
  },
  skip: 0,
  take: 10,
  orderBy: {
    roleIds: "desc",
    ~~~~~~~
?   id?: SortOrder,
?   first_name?: SortOrder,
?   last_name?: SortOrder,
?   username?: SortOrder,
?   email?: SortOrder,
?   password?: SortOrder,
?   created_at?: SortOrder,
?   roles?: User_RoleOrderByRelationAggregateInput,
?   permissions?: User_permissionOrderByRelationAggregateInput,
?   categories?: CategoryOrderByRelationAggregateInput,
?   devices?: User_deviceOrderByRelationAggregateInput,
?   _relevance?: UserOrderByRelevanceInput
  }
}

Unknown argument `roleIds`. Did you mean `roles`? Available options are marked with ?.
[2026-01-22T11:37:44.800Z] 
Invalid `prisma.user.findMany()` invocation:

{
  select: {
    id: true,
    first_name: true,
    last_name: true,
    username: true,
    email: true,
    roles: {
      select: {
        role: {
          select: {
            name: true,
            id: true
          }
        }
      }
    }
  },
  skip: 0,
  take: 10,
  orderBy: {
    roles: "desc"
           ~~~~~~
  }
}

Argument `roles`: Invalid value provided. Expected User_RoleOrderByRelationAggregateInput, provided String.
[2026-01-22T11:37:44.867Z] 
Invalid `prisma.user.findMany()` invocation:

{
  select: {
    id: true,
    first_name: true,
    last_name: true,
    username: true,
    email: true,
    roles: {
      select: {
        role: {
          select: {
            name: true,
            id: true
          }
        }
      }
    }
  },
  skip: 0,
  take: 10,
  orderBy: {
    roleIds: "desc",
    ~~~~~~~
?   id?: SortOrder,
?   first_name?: SortOrder,
?   last_name?: SortOrder,
?   username?: SortOrder,
?   email?: SortOrder,
?   password?: SortOrder,
?   created_at?: SortOrder,
?   roles?: User_RoleOrderByRelationAggregateInput,
?   permissions?: User_permissionOrderByRelationAggregateInput,
?   categories?: CategoryOrderByRelationAggregateInput,
?   devices?: User_deviceOrderByRelationAggregateInput,
?   _relevance?: UserOrderByRelevanceInput
  }
}

Unknown argument `roleIds`. Did you mean `roles`? Available options are marked with ?.
[2026-01-22T11:37:44.880Z] 
Invalid `prisma.user.findMany()` invocation:

{
  select: {
    id: true,
    first_name: true,
    last_name: true,
    username: true,
    email: true,
    roles: {
      select: {
        role: {
          select: {
            name: true,
            id: true
          }
        }
      }
    }
  },
  skip: 0,
  take: 10,
  orderBy: {
    roles: "desc"
           ~~~~~~
  }
}

Argument `roles`: Invalid value provided. Expected User_RoleOrderByRelationAggregateInput, provided String.
[2026-01-22T11:37:44.976Z] 
Invalid `prisma.user.findMany()` invocation:

{
  select: {
    id: true,
    first_name: true,
    last_name: true,
    username: true,
    email: true,
    roles: {
      select: {
        role: {
          select: {
            name: true,
            id: true
          }
        }
      }
    }
  },
  skip: 0,
  take: 10,
  orderBy: {
    roleIds: "desc",
    ~~~~~~~
?   id?: SortOrder,
?   first_name?: SortOrder,
?   last_name?: SortOrder,
?   username?: SortOrder,
?   email?: SortOrder,
?   password?: SortOrder,
?   created_at?: SortOrder,
?   roles?: User_RoleOrderByRelationAggregateInput,
?   permissions?: User_permissionOrderByRelationAggregateInput,
?   categories?: CategoryOrderByRelationAggregateInput,
?   devices?: User_deviceOrderByRelationAggregateInput,
?   _relevance?: UserOrderByRelevanceInput
  }
}

Unknown argument `roleIds`. Did you mean `roles`? Available options are marked with ?.
[2026-01-22T11:37:44.991Z] 
Invalid `prisma.user.findMany()` invocation:

{
  select: {
    id: true,
    first_name: true,
    last_name: true,
    username: true,
    email: true,
    roles: {
      select: {
        role: {
          select: {
            name: true,
            id: true
          }
        }
      }
    }
  },
  skip: 0,
  take: 10,
  orderBy: {
    roles: "desc"
           ~~~~~~
  }
}

Argument `roles`: Invalid value provided. Expected User_RoleOrderByRelationAggregateInput, provided String.
[2026-01-22T11:37:45.069Z] 
Invalid `prisma.user.findMany()` invocation:

{
  select: {
    id: true,
    first_name: true,
    last_name: true,
    username: true,
    email: true,
    roles: {
      select: {
        role: {
          select: {
            name: true,
            id: true
          }
        }
      }
    }
  },
  skip: 0,
  take: 10,
  orderBy: {
    roleIds: "desc",
    ~~~~~~~
?   id?: SortOrder,
?   first_name?: SortOrder,
?   last_name?: SortOrder,
?   username?: SortOrder,
?   email?: SortOrder,
?   password?: SortOrder,
?   created_at?: SortOrder,
?   roles?: User_RoleOrderByRelationAggregateInput,
?   permissions?: User_permissionOrderByRelationAggregateInput,
?   categories?: CategoryOrderByRelationAggregateInput,
?   devices?: User_deviceOrderByRelationAggregateInput,
?   _relevance?: UserOrderByRelevanceInput
  }
}

Unknown argument `roleIds`. Did you mean `roles`? Available options are marked with ?.
[2026-01-22T11:37:45.081Z] 
Invalid `prisma.user.findMany()` invocation:

{
  select: {
    id: true,
    first_name: true,
    last_name: true,
    username: true,
    email: true,
    roles: {
      select: {
        role: {
          select: {
            name: true,
            id: true
          }
        }
      }
    }
  },
  skip: 0,
  take: 10,
  orderBy: {
    roles: "desc"
           ~~~~~~
  }
}

Argument `roles`: Invalid value provided. Expected User_RoleOrderByRelationAggregateInput, provided String.
[2026-01-22T11:37:45.150Z] 
Invalid `prisma.user.findMany()` invocation:

{
  select: {
    id: true,
    first_name: true,
    last_name: true,
    username: true,
    email: true,
    roles: {
      select: {
        role: {
          select: {
            name: true,
            id: true
          }
        }
      }
    }
  },
  skip: 0,
  take: 10,
  orderBy: {
    roleIds: "desc",
    ~~~~~~~
?   id?: SortOrder,
?   first_name?: SortOrder,
?   last_name?: SortOrder,
?   username?: SortOrder,
?   email?: SortOrder,
?   password?: SortOrder,
?   created_at?: SortOrder,
?   roles?: User_RoleOrderByRelationAggregateInput,
?   permissions?: User_permissionOrderByRelationAggregateInput,
?   categories?: CategoryOrderByRelationAggregateInput,
?   devices?: User_deviceOrderByRelationAggregateInput,
?   _relevance?: UserOrderByRelevanceInput
  }
}

Unknown argument `roleIds`. Did you mean `roles`? Available options are marked with ?.
[2026-01-22T11:37:45.162Z] 
Invalid `prisma.user.findMany()` invocation:

{
  select: {
    id: true,
    first_name: true,
    last_name: true,
    username: true,
    email: true,
    roles: {
      select: {
        role: {
          select: {
            name: true,
            id: true
          }
        }
      }
    }
  },
  skip: 0,
  take: 10,
  orderBy: {
    roles: "desc"
           ~~~~~~
  }
}

Argument `roles`: Invalid value provided. Expected User_RoleOrderByRelationAggregateInput, provided String.
[2026-01-22T11:37:45.234Z] 
Invalid `prisma.user.findMany()` invocation:

{
  select: {
    id: true,
    first_name: true,
    last_name: true,
    username: true,
    email: true,
    roles: {
      select: {
        role: {
          select: {
            name: true,
            id: true
          }
        }
      }
    }
  },
  skip: 0,
  take: 10,
  orderBy: {
    roleIds: "desc",
    ~~~~~~~
?   id?: SortOrder,
?   first_name?: SortOrder,
?   last_name?: SortOrder,
?   username?: SortOrder,
?   email?: SortOrder,
?   password?: SortOrder,
?   created_at?: SortOrder,
?   roles?: User_RoleOrderByRelationAggregateInput,
?   permissions?: User_permissionOrderByRelationAggregateInput,
?   categories?: CategoryOrderByRelationAggregateInput,
?   devices?: User_deviceOrderByRelationAggregateInput,
?   _relevance?: UserOrderByRelevanceInput
  }
}

Unknown argument `roleIds`. Did you mean `roles`? Available options are marked with ?.
[2026-01-22T11:37:45.247Z] 
Invalid `prisma.user.findMany()` invocation:

{
  select: {
    id: true,
    first_name: true,
    last_name: true,
    username: true,
    email: true,
    roles: {
      select: {
        role: {
          select: {
            name: true,
            id: true
          }
        }
      }
    }
  },
  skip: 0,
  take: 10,
  orderBy: {
    roles: "desc"
           ~~~~~~
  }
}

Argument `roles`: Invalid value provided. Expected User_RoleOrderByRelationAggregateInput, provided String.
[2026-01-22T11:37:45.314Z] 
Invalid `prisma.user.findMany()` invocation:

{
  select: {
    id: true,
    first_name: true,
    last_name: true,
    username: true,
    email: true,
    roles: {
      select: {
        role: {
          select: {
            name: true,
            id: true
          }
        }
      }
    }
  },
  skip: 0,
  take: 10,
  orderBy: {
    roleIds: "desc",
    ~~~~~~~
?   id?: SortOrder,
?   first_name?: SortOrder,
?   last_name?: SortOrder,
?   username?: SortOrder,
?   email?: SortOrder,
?   password?: SortOrder,
?   created_at?: SortOrder,
?   roles?: User_RoleOrderByRelationAggregateInput,
?   permissions?: User_permissionOrderByRelationAggregateInput,
?   categories?: CategoryOrderByRelationAggregateInput,
?   devices?: User_deviceOrderByRelationAggregateInput,
?   _relevance?: UserOrderByRelevanceInput
  }
}

Unknown argument `roleIds`. Did you mean `roles`? Available options are marked with ?.
[2026-01-22T11:37:45.328Z] 
Invalid `prisma.user.findMany()` invocation:

{
  select: {
    id: true,
    first_name: true,
    last_name: true,
    username: true,
    email: true,
    roles: {
      select: {
        role: {
          select: {
            name: true,
            id: true
          }
        }
      }
    }
  },
  skip: 0,
  take: 10,
  orderBy: {
    roles: "desc"
           ~~~~~~
  }
}

Argument `roles`: Invalid value provided. Expected User_RoleOrderByRelationAggregateInput, provided String.
[2026-01-22T11:37:45.384Z] 
Invalid `prisma.user.findMany()` invocation:

{
  select: {
    id: true,
    first_name: true,
    last_name: true,
    username: true,
    email: true,
    roles: {
      select: {
        role: {
          select: {
            name: true,
            id: true
          }
        }
      }
    }
  },
  skip: 0,
  take: 10,
  orderBy: {
    roleIds: "desc",
    ~~~~~~~
?   id?: SortOrder,
?   first_name?: SortOrder,
?   last_name?: SortOrder,
?   username?: SortOrder,
?   email?: SortOrder,
?   password?: SortOrder,
?   created_at?: SortOrder,
?   roles?: User_RoleOrderByRelationAggregateInput,
?   permissions?: User_permissionOrderByRelationAggregateInput,
?   categories?: CategoryOrderByRelationAggregateInput,
?   devices?: User_deviceOrderByRelationAggregateInput,
?   _relevance?: UserOrderByRelevanceInput
  }
}

Unknown argument `roleIds`. Did you mean `roles`? Available options are marked with ?.
[2026-01-22T11:37:45.397Z] 
Invalid `prisma.user.findMany()` invocation:

{
  select: {
    id: true,
    first_name: true,
    last_name: true,
    username: true,
    email: true,
    roles: {
      select: {
        role: {
          select: {
            name: true,
            id: true
          }
        }
      }
    }
  },
  skip: 0,
  take: 10,
  orderBy: {
    roles: "desc"
           ~~~~~~
  }
}

Argument `roles`: Invalid value provided. Expected User_RoleOrderByRelationAggregateInput, provided String.
[2026-01-22T11:37:45.463Z] 
Invalid `prisma.user.findMany()` invocation:

{
  select: {
    id: true,
    first_name: true,
    last_name: true,
    username: true,
    email: true,
    roles: {
      select: {
        role: {
          select: {
            name: true,
            id: true
          }
        }
      }
    }
  },
  skip: 0,
  take: 10,
  orderBy: {
    roleIds: "desc",
    ~~~~~~~
?   id?: SortOrder,
?   first_name?: SortOrder,
?   last_name?: SortOrder,
?   username?: SortOrder,
?   email?: SortOrder,
?   password?: SortOrder,
?   created_at?: SortOrder,
?   roles?: User_RoleOrderByRelationAggregateInput,
?   permissions?: User_permissionOrderByRelationAggregateInput,
?   categories?: CategoryOrderByRelationAggregateInput,
?   devices?: User_deviceOrderByRelationAggregateInput,
?   _relevance?: UserOrderByRelevanceInput
  }
}

Unknown argument `roleIds`. Did you mean `roles`? Available options are marked with ?.
[2026-01-22T11:37:45.475Z] 
Invalid `prisma.user.findMany()` invocation:

{
  select: {
    id: true,
    first_name: true,
    last_name: true,
    username: true,
    email: true,
    roles: {
      select: {
        role: {
          select: {
            name: true,
            id: true
          }
        }
      }
    }
  },
  skip: 0,
  take: 10,
  orderBy: {
    roles: "desc"
           ~~~~~~
  }
}

Argument `roles`: Invalid value provided. Expected User_RoleOrderByRelationAggregateInput, provided String.
[2026-01-22T11:37:45.549Z] 
Invalid `prisma.user.findMany()` invocation:

{
  select: {
    id: true,
    first_name: true,
    last_name: true,
    username: true,
    email: true,
    roles: {
      select: {
        role: {
          select: {
            name: true,
            id: true
          }
        }
      }
    }
  },
  skip: 0,
  take: 10,
  orderBy: {
    roleIds: "desc",
    ~~~~~~~
?   id?: SortOrder,
?   first_name?: SortOrder,
?   last_name?: SortOrder,
?   username?: SortOrder,
?   email?: SortOrder,
?   password?: SortOrder,
?   created_at?: SortOrder,
?   roles?: User_RoleOrderByRelationAggregateInput,
?   permissions?: User_permissionOrderByRelationAggregateInput,
?   categories?: CategoryOrderByRelationAggregateInput,
?   devices?: User_deviceOrderByRelationAggregateInput,
?   _relevance?: UserOrderByRelevanceInput
  }
}

Unknown argument `roleIds`. Did you mean `roles`? Available options are marked with ?.
[2026-01-22T11:37:45.562Z] 
Invalid `prisma.user.findMany()` invocation:

{
  select: {
    id: true,
    first_name: true,
    last_name: true,
    username: true,
    email: true,
    roles: {
      select: {
        role: {
          select: {
            name: true,
            id: true
          }
        }
      }
    }
  },
  skip: 0,
  take: 10,
  orderBy: {
    roles: "desc"
           ~~~~~~
  }
}

Argument `roles`: Invalid value provided. Expected User_RoleOrderByRelationAggregateInput, provided String.
[2026-01-22T11:37:45.623Z] 
Invalid `prisma.user.findMany()` invocation:

{
  select: {
    id: true,
    first_name: true,
    last_name: true,
    username: true,
    email: true,
    roles: {
      select: {
        role: {
          select: {
            name: true,
            id: true
          }
        }
      }
    }
  },
  skip: 0,
  take: 10,
  orderBy: {
    roleIds: "desc",
    ~~~~~~~
?   id?: SortOrder,
?   first_name?: SortOrder,
?   last_name?: SortOrder,
?   username?: SortOrder,
?   email?: SortOrder,
?   password?: SortOrder,
?   created_at?: SortOrder,
?   roles?: User_RoleOrderByRelationAggregateInput,
?   permissions?: User_permissionOrderByRelationAggregateInput,
?   categories?: CategoryOrderByRelationAggregateInput,
?   devices?: User_deviceOrderByRelationAggregateInput,
?   _relevance?: UserOrderByRelevanceInput
  }
}

Unknown argument `roleIds`. Did you mean `roles`? Available options are marked with ?.
[2026-01-22T11:37:45.636Z] 
Invalid `prisma.user.findMany()` invocation:

{
  select: {
    id: true,
    first_name: true,
    last_name: true,
    username: true,
    email: true,
    roles: {
      select: {
        role: {
          select: {
            name: true,
            id: true
          }
        }
      }
    }
  },
  skip: 0,
  take: 10,
  orderBy: {
    roles: "desc"
           ~~~~~~
  }
}

Argument `roles`: Invalid value provided. Expected User_RoleOrderByRelationAggregateInput, provided String.
[2026-01-22T11:37:45.704Z] 
Invalid `prisma.user.findMany()` invocation:

{
  select: {
    id: true,
    first_name: true,
    last_name: true,
    username: true,
    email: true,
    roles: {
      select: {
        role: {
          select: {
            name: true,
            id: true
          }
        }
      }
    }
  },
  skip: 0,
  take: 10,
  orderBy: {
    roleIds: "desc",
    ~~~~~~~
?   id?: SortOrder,
?   first_name?: SortOrder,
?   last_name?: SortOrder,
?   username?: SortOrder,
?   email?: SortOrder,
?   password?: SortOrder,
?   created_at?: SortOrder,
?   roles?: User_RoleOrderByRelationAggregateInput,
?   permissions?: User_permissionOrderByRelationAggregateInput,
?   categories?: CategoryOrderByRelationAggregateInput,
?   devices?: User_deviceOrderByRelationAggregateInput,
?   _relevance?: UserOrderByRelevanceInput
  }
}

Unknown argument `roleIds`. Did you mean `roles`? Available options are marked with ?.
[2026-01-22T11:37:45.718Z] 
Invalid `prisma.user.findMany()` invocation:

{
  select: {
    id: true,
    first_name: true,
    last_name: true,
    username: true,
    email: true,
    roles: {
      select: {
        role: {
          select: {
            name: true,
            id: true
          }
        }
      }
    }
  },
  skip: 0,
  take: 10,
  orderBy: {
    roles: "desc"
           ~~~~~~
  }
}

Argument `roles`: Invalid value provided. Expected User_RoleOrderByRelationAggregateInput, provided String.
[2026-01-22T11:37:45.795Z] 
Invalid `prisma.user.findMany()` invocation:

{
  select: {
    id: true,
    first_name: true,
    last_name: true,
    username: true,
    email: true,
    roles: {
      select: {
        role: {
          select: {
            name: true,
            id: true
          }
        }
      }
    }
  },
  skip: 0,
  take: 10,
  orderBy: {
    roleIds: "desc",
    ~~~~~~~
?   id?: SortOrder,
?   first_name?: SortOrder,
?   last_name?: SortOrder,
?   username?: SortOrder,
?   email?: SortOrder,
?   password?: SortOrder,
?   created_at?: SortOrder,
?   roles?: User_RoleOrderByRelationAggregateInput,
?   permissions?: User_permissionOrderByRelationAggregateInput,
?   categories?: CategoryOrderByRelationAggregateInput,
?   devices?: User_deviceOrderByRelationAggregateInput,
?   _relevance?: UserOrderByRelevanceInput
  }
}

Unknown argument `roleIds`. Did you mean `roles`? Available options are marked with ?.
[2026-01-22T11:37:45.808Z] 
Invalid `prisma.user.findMany()` invocation:

{
  select: {
    id: true,
    first_name: true,
    last_name: true,
    username: true,
    email: true,
    roles: {
      select: {
        role: {
          select: {
            name: true,
            id: true
          }
        }
      }
    }
  },
  skip: 0,
  take: 10,
  orderBy: {
    roles: "desc"
           ~~~~~~
  }
}

Argument `roles`: Invalid value provided. Expected User_RoleOrderByRelationAggregateInput, provided String.
[2026-01-22T11:37:45.873Z] 
Invalid `prisma.user.findMany()` invocation:

{
  select: {
    id: true,
    first_name: true,
    last_name: true,
    username: true,
    email: true,
    roles: {
      select: {
        role: {
          select: {
            name: true,
            id: true
          }
        }
      }
    }
  },
  skip: 0,
  take: 10,
  orderBy: {
    roleIds: "desc",
    ~~~~~~~
?   id?: SortOrder,
?   first_name?: SortOrder,
?   last_name?: SortOrder,
?   username?: SortOrder,
?   email?: SortOrder,
?   password?: SortOrder,
?   created_at?: SortOrder,
?   roles?: User_RoleOrderByRelationAggregateInput,
?   permissions?: User_permissionOrderByRelationAggregateInput,
?   categories?: CategoryOrderByRelationAggregateInput,
?   devices?: User_deviceOrderByRelationAggregateInput,
?   _relevance?: UserOrderByRelevanceInput
  }
}

Unknown argument `roleIds`. Did you mean `roles`? Available options are marked with ?.
[2026-01-22T11:37:45.884Z] 
Invalid `prisma.user.findMany()` invocation:

{
  select: {
    id: true,
    first_name: true,
    last_name: true,
    username: true,
    email: true,
    roles: {
      select: {
        role: {
          select: {
            name: true,
            id: true
          }
        }
      }
    }
  },
  skip: 0,
  take: 10,
  orderBy: {
    roles: "desc"
           ~~~~~~
  }
}

Argument `roles`: Invalid value provided. Expected User_RoleOrderByRelationAggregateInput, provided String.
[2026-01-22T11:37:45.963Z] 
Invalid `prisma.user.findMany()` invocation:

{
  select: {
    id: true,
    first_name: true,
    last_name: true,
    username: true,
    email: true,
    roles: {
      select: {
        role: {
          select: {
            name: true,
            id: true
          }
        }
      }
    }
  },
  skip: 0,
  take: 10,
  orderBy: {
    roleIds: "desc",
    ~~~~~~~
?   id?: SortOrder,
?   first_name?: SortOrder,
?   last_name?: SortOrder,
?   username?: SortOrder,
?   email?: SortOrder,
?   password?: SortOrder,
?   created_at?: SortOrder,
?   roles?: User_RoleOrderByRelationAggregateInput,
?   permissions?: User_permissionOrderByRelationAggregateInput,
?   categories?: CategoryOrderByRelationAggregateInput,
?   devices?: User_deviceOrderByRelationAggregateInput,
?   _relevance?: UserOrderByRelevanceInput
  }
}

Unknown argument `roleIds`. Did you mean `roles`? Available options are marked with ?.
[2026-01-22T11:37:45.993Z] 
Invalid `prisma.user.findMany()` invocation:

{
  select: {
    id: true,
    first_name: true,
    last_name: true,
    username: true,
    email: true,
    roles: {
      select: {
        role: {
          select: {
            name: true,
            id: true
          }
        }
      }
    }
  },
  skip: 0,
  take: 10,
  orderBy: {
    roles: "desc"
           ~~~~~~
  }
}

Argument `roles`: Invalid value provided. Expected User_RoleOrderByRelationAggregateInput, provided String.
[2026-01-22T11:37:46.083Z] 
Invalid `prisma.user.findMany()` invocation:

{
  select: {
    id: true,
    first_name: true,
    last_name: true,
    username: true,
    email: true,
    roles: {
      select: {
        role: {
          select: {
            name: true,
            id: true
          }
        }
      }
    }
  },
  skip: 0,
  take: 10,
  orderBy: {
    roleIds: "desc",
    ~~~~~~~
?   id?: SortOrder,
?   first_name?: SortOrder,
?   last_name?: SortOrder,
?   username?: SortOrder,
?   email?: SortOrder,
?   password?: SortOrder,
?   created_at?: SortOrder,
?   roles?: User_RoleOrderByRelationAggregateInput,
?   permissions?: User_permissionOrderByRelationAggregateInput,
?   categories?: CategoryOrderByRelationAggregateInput,
?   devices?: User_deviceOrderByRelationAggregateInput,
?   _relevance?: UserOrderByRelevanceInput
  }
}

Unknown argument `roleIds`. Did you mean `roles`? Available options are marked with ?.
[2026-01-22T11:37:46.096Z] 
Invalid `prisma.user.findMany()` invocation:

{
  select: {
    id: true,
    first_name: true,
    last_name: true,
    username: true,
    email: true,
    roles: {
      select: {
        role: {
          select: {
            name: true,
            id: true
          }
        }
      }
    }
  },
  skip: 0,
  take: 10,
  orderBy: {
    roles: "desc"
           ~~~~~~
  }
}

Argument `roles`: Invalid value provided. Expected User_RoleOrderByRelationAggregateInput, provided String.
[2026-01-22T11:37:46.149Z] 
Invalid `prisma.user.findMany()` invocation:

{
  select: {
    id: true,
    first_name: true,
    last_name: true,
    username: true,
    email: true,
    roles: {
      select: {
        role: {
          select: {
            name: true,
            id: true
          }
        }
      }
    }
  },
  skip: 0,
  take: 10,
  orderBy: {
    roleIds: "desc",
    ~~~~~~~
?   id?: SortOrder,
?   first_name?: SortOrder,
?   last_name?: SortOrder,
?   username?: SortOrder,
?   email?: SortOrder,
?   password?: SortOrder,
?   created_at?: SortOrder,
?   roles?: User_RoleOrderByRelationAggregateInput,
?   permissions?: User_permissionOrderByRelationAggregateInput,
?   categories?: CategoryOrderByRelationAggregateInput,
?   devices?: User_deviceOrderByRelationAggregateInput,
?   _relevance?: UserOrderByRelevanceInput
  }
}

Unknown argument `roleIds`. Did you mean `roles`? Available options are marked with ?.
[2026-01-22T11:37:46.161Z] 
Invalid `prisma.user.findMany()` invocation:

{
  select: {
    id: true,
    first_name: true,
    last_name: true,
    username: true,
    email: true,
    roles: {
      select: {
        role: {
          select: {
            name: true,
            id: true
          }
        }
      }
    }
  },
  skip: 0,
  take: 10,
  orderBy: {
    roles: "desc"
           ~~~~~~
  }
}

Argument `roles`: Invalid value provided. Expected User_RoleOrderByRelationAggregateInput, provided String.
[2026-01-22T11:37:46.226Z] 
Invalid `prisma.user.findMany()` invocation:

{
  select: {
    id: true,
    first_name: true,
    last_name: true,
    username: true,
    email: true,
    roles: {
      select: {
        role: {
          select: {
            name: true,
            id: true
          }
        }
      }
    }
  },
  skip: 0,
  take: 10,
  orderBy: {
    roleIds: "desc",
    ~~~~~~~
?   id?: SortOrder,
?   first_name?: SortOrder,
?   last_name?: SortOrder,
?   username?: SortOrder,
?   email?: SortOrder,
?   password?: SortOrder,
?   created_at?: SortOrder,
?   roles?: User_RoleOrderByRelationAggregateInput,
?   permissions?: User_permissionOrderByRelationAggregateInput,
?   categories?: CategoryOrderByRelationAggregateInput,
?   devices?: User_deviceOrderByRelationAggregateInput,
?   _relevance?: UserOrderByRelevanceInput
  }
}

Unknown argument `roleIds`. Did you mean `roles`? Available options are marked with ?.
[2026-01-22T11:37:46.238Z] 
Invalid `prisma.user.findMany()` invocation:

{
  select: {
    id: true,
    first_name: true,
    last_name: true,
    username: true,
    email: true,
    roles: {
      select: {
        role: {
          select: {
            name: true,
            id: true
          }
        }
      }
    }
  },
  skip: 0,
  take: 10,
  orderBy: {
    roles: "desc"
           ~~~~~~
  }
}

Argument `roles`: Invalid value provided. Expected User_RoleOrderByRelationAggregateInput, provided String.
[2026-01-22T11:37:46.301Z] 
Invalid `prisma.user.findMany()` invocation:

{
  select: {
    id: true,
    first_name: true,
    last_name: true,
    username: true,
    email: true,
    roles: {
      select: {
        role: {
          select: {
            name: true,
            id: true
          }
        }
      }
    }
  },
  skip: 0,
  take: 10,
  orderBy: {
    roleIds: "desc",
    ~~~~~~~
?   id?: SortOrder,
?   first_name?: SortOrder,
?   last_name?: SortOrder,
?   username?: SortOrder,
?   email?: SortOrder,
?   password?: SortOrder,
?   created_at?: SortOrder,
?   roles?: User_RoleOrderByRelationAggregateInput,
?   permissions?: User_permissionOrderByRelationAggregateInput,
?   categories?: CategoryOrderByRelationAggregateInput,
?   devices?: User_deviceOrderByRelationAggregateInput,
?   _relevance?: UserOrderByRelevanceInput
  }
}

Unknown argument `roleIds`. Did you mean `roles`? Available options are marked with ?.
[2026-01-22T11:37:46.313Z] 
Invalid `prisma.user.findMany()` invocation:

{
  select: {
    id: true,
    first_name: true,
    last_name: true,
    username: true,
    email: true,
    roles: {
      select: {
        role: {
          select: {
            name: true,
            id: true
          }
        }
      }
    }
  },
  skip: 0,
  take: 10,
  orderBy: {
    roles: "desc"
           ~~~~~~
  }
}

Argument `roles`: Invalid value provided. Expected User_RoleOrderByRelationAggregateInput, provided String.
[2026-01-22T11:37:46.380Z] 
Invalid `prisma.user.findMany()` invocation:

{
  select: {
    id: true,
    first_name: true,
    last_name: true,
    username: true,
    email: true,
    roles: {
      select: {
        role: {
          select: {
            name: true,
            id: true
          }
        }
      }
    }
  },
  skip: 0,
  take: 10,
  orderBy: {
    roleIds: "desc",
    ~~~~~~~
?   id?: SortOrder,
?   first_name?: SortOrder,
?   last_name?: SortOrder,
?   username?: SortOrder,
?   email?: SortOrder,
?   password?: SortOrder,
?   created_at?: SortOrder,
?   roles?: User_RoleOrderByRelationAggregateInput,
?   permissions?: User_permissionOrderByRelationAggregateInput,
?   categories?: CategoryOrderByRelationAggregateInput,
?   devices?: User_deviceOrderByRelationAggregateInput,
?   _relevance?: UserOrderByRelevanceInput
  }
}

Unknown argument `roleIds`. Did you mean `roles`? Available options are marked with ?.
[2026-01-22T11:37:46.392Z] 
Invalid `prisma.user.findMany()` invocation:

{
  select: {
    id: true,
    first_name: true,
    last_name: true,
    username: true,
    email: true,
    roles: {
      select: {
        role: {
          select: {
            name: true,
            id: true
          }
        }
      }
    }
  },
  skip: 0,
  take: 10,
  orderBy: {
    roles: "desc"
           ~~~~~~
  }
}

Argument `roles`: Invalid value provided. Expected User_RoleOrderByRelationAggregateInput, provided String.
[2026-01-22T11:37:46.458Z] 
Invalid `prisma.user.findMany()` invocation:

{
  select: {
    id: true,
    first_name: true,
    last_name: true,
    username: true,
    email: true,
    roles: {
      select: {
        role: {
          select: {
            name: true,
            id: true
          }
        }
      }
    }
  },
  skip: 0,
  take: 10,
  orderBy: {
    roleIds: "desc",
    ~~~~~~~
?   id?: SortOrder,
?   first_name?: SortOrder,
?   last_name?: SortOrder,
?   username?: SortOrder,
?   email?: SortOrder,
?   password?: SortOrder,
?   created_at?: SortOrder,
?   roles?: User_RoleOrderByRelationAggregateInput,
?   permissions?: User_permissionOrderByRelationAggregateInput,
?   categories?: CategoryOrderByRelationAggregateInput,
?   devices?: User_deviceOrderByRelationAggregateInput,
?   _relevance?: UserOrderByRelevanceInput
  }
}

Unknown argument `roleIds`. Did you mean `roles`? Available options are marked with ?.
[2026-01-22T11:37:46.477Z] 
Invalid `prisma.user.findMany()` invocation:

{
  select: {
    id: true,
    first_name: true,
    last_name: true,
    username: true,
    email: true,
    roles: {
      select: {
        role: {
          select: {
            name: true,
            id: true
          }
        }
      }
    }
  },
  skip: 0,
  take: 10,
  orderBy: {
    roles: "desc"
           ~~~~~~
  }
}

Argument `roles`: Invalid value provided. Expected User_RoleOrderByRelationAggregateInput, provided String.
[2026-01-22T11:37:46.547Z] 
Invalid `prisma.user.findMany()` invocation:

{
  select: {
    id: true,
    first_name: true,
    last_name: true,
    username: true,
    email: true,
    roles: {
      select: {
        role: {
          select: {
            name: true,
            id: true
          }
        }
      }
    }
  },
  skip: 0,
  take: 10,
  orderBy: {
    roleIds: "desc",
    ~~~~~~~
?   id?: SortOrder,
?   first_name?: SortOrder,
?   last_name?: SortOrder,
?   username?: SortOrder,
?   email?: SortOrder,
?   password?: SortOrder,
?   created_at?: SortOrder,
?   roles?: User_RoleOrderByRelationAggregateInput,
?   permissions?: User_permissionOrderByRelationAggregateInput,
?   categories?: CategoryOrderByRelationAggregateInput,
?   devices?: User_deviceOrderByRelationAggregateInput,
?   _relevance?: UserOrderByRelevanceInput
  }
}

Unknown argument `roleIds`. Did you mean `roles`? Available options are marked with ?.
[2026-01-22T11:37:46.562Z] 
Invalid `prisma.user.findMany()` invocation:

{
  select: {
    id: true,
    first_name: true,
    last_name: true,
    username: true,
    email: true,
    roles: {
      select: {
        role: {
          select: {
            name: true,
            id: true
          }
        }
      }
    }
  },
  skip: 0,
  take: 10,
  orderBy: {
    roles: "desc"
           ~~~~~~
  }
}

Argument `roles`: Invalid value provided. Expected User_RoleOrderByRelationAggregateInput, provided String.
[2026-01-22T11:37:46.619Z] 
Invalid `prisma.user.findMany()` invocation:

{
  select: {
    id: true,
    first_name: true,
    last_name: true,
    username: true,
    email: true,
    roles: {
      select: {
        role: {
          select: {
            name: true,
            id: true
          }
        }
      }
    }
  },
  skip: 0,
  take: 10,
  orderBy: {
    roleIds: "desc",
    ~~~~~~~
?   id?: SortOrder,
?   first_name?: SortOrder,
?   last_name?: SortOrder,
?   username?: SortOrder,
?   email?: SortOrder,
?   password?: SortOrder,
?   created_at?: SortOrder,
?   roles?: User_RoleOrderByRelationAggregateInput,
?   permissions?: User_permissionOrderByRelationAggregateInput,
?   categories?: CategoryOrderByRelationAggregateInput,
?   devices?: User_deviceOrderByRelationAggregateInput,
?   _relevance?: UserOrderByRelevanceInput
  }
}

Unknown argument `roleIds`. Did you mean `roles`? Available options are marked with ?.
[2026-01-22T11:37:46.632Z] 
Invalid `prisma.user.findMany()` invocation:

{
  select: {
    id: true,
    first_name: true,
    last_name: true,
    username: true,
    email: true,
    roles: {
      select: {
        role: {
          select: {
            name: true,
            id: true
          }
        }
      }
    }
  },
  skip: 0,
  take: 10,
  orderBy: {
    roles: "desc"
           ~~~~~~
  }
}

Argument `roles`: Invalid value provided. Expected User_RoleOrderByRelationAggregateInput, provided String.
[2026-01-22T11:37:46.713Z] 
Invalid `prisma.user.findMany()` invocation:

{
  select: {
    id: true,
    first_name: true,
    last_name: true,
    username: true,
    email: true,
    roles: {
      select: {
        role: {
          select: {
            name: true,
            id: true
          }
        }
      }
    }
  },
  skip: 0,
  take: 10,
  orderBy: {
    roleIds: "desc",
    ~~~~~~~
?   id?: SortOrder,
?   first_name?: SortOrder,
?   last_name?: SortOrder,
?   username?: SortOrder,
?   email?: SortOrder,
?   password?: SortOrder,
?   created_at?: SortOrder,
?   roles?: User_RoleOrderByRelationAggregateInput,
?   permissions?: User_permissionOrderByRelationAggregateInput,
?   categories?: CategoryOrderByRelationAggregateInput,
?   devices?: User_deviceOrderByRelationAggregateInput,
?   _relevance?: UserOrderByRelevanceInput
  }
}

Unknown argument `roleIds`. Did you mean `roles`? Available options are marked with ?.
[2026-01-22T11:37:46.730Z] 
Invalid `prisma.user.findMany()` invocation:

{
  select: {
    id: true,
    first_name: true,
    last_name: true,
    username: true,
    email: true,
    roles: {
      select: {
        role: {
          select: {
            name: true,
            id: true
          }
        }
      }
    }
  },
  skip: 0,
  take: 10,
  orderBy: {
    roles: "desc"
           ~~~~~~
  }
}

Argument `roles`: Invalid value provided. Expected User_RoleOrderByRelationAggregateInput, provided String.
[2026-01-22T11:37:46.798Z] 
Invalid `prisma.user.findMany()` invocation:

{
  select: {
    id: true,
    first_name: true,
    last_name: true,
    username: true,
    email: true,
    roles: {
      select: {
        role: {
          select: {
            name: true,
            id: true
          }
        }
      }
    }
  },
  skip: 0,
  take: 10,
  orderBy: {
    roleIds: "desc",
    ~~~~~~~
?   id?: SortOrder,
?   first_name?: SortOrder,
?   last_name?: SortOrder,
?   username?: SortOrder,
?   email?: SortOrder,
?   password?: SortOrder,
?   created_at?: SortOrder,
?   roles?: User_RoleOrderByRelationAggregateInput,
?   permissions?: User_permissionOrderByRelationAggregateInput,
?   categories?: CategoryOrderByRelationAggregateInput,
?   devices?: User_deviceOrderByRelationAggregateInput,
?   _relevance?: UserOrderByRelevanceInput
  }
}

Unknown argument `roleIds`. Did you mean `roles`? Available options are marked with ?.
[2026-01-22T11:37:46.813Z] 
Invalid `prisma.user.findMany()` invocation:

{
  select: {
    id: true,
    first_name: true,
    last_name: true,
    username: true,
    email: true,
    roles: {
      select: {
        role: {
          select: {
            name: true,
            id: true
          }
        }
      }
    }
  },
  skip: 0,
  take: 10,
  orderBy: {
    roles: "desc"
           ~~~~~~
  }
}

Argument `roles`: Invalid value provided. Expected User_RoleOrderByRelationAggregateInput, provided String.
[2026-01-22T11:37:46.879Z] 
Invalid `prisma.user.findMany()` invocation:

{
  select: {
    id: true,
    first_name: true,
    last_name: true,
    username: true,
    email: true,
    roles: {
      select: {
        role: {
          select: {
            name: true,
            id: true
          }
        }
      }
    }
  },
  skip: 0,
  take: 10,
  orderBy: {
    roleIds: "desc",
    ~~~~~~~
?   id?: SortOrder,
?   first_name?: SortOrder,
?   last_name?: SortOrder,
?   username?: SortOrder,
?   email?: SortOrder,
?   password?: SortOrder,
?   created_at?: SortOrder,
?   roles?: User_RoleOrderByRelationAggregateInput,
?   permissions?: User_permissionOrderByRelationAggregateInput,
?   categories?: CategoryOrderByRelationAggregateInput,
?   devices?: User_deviceOrderByRelationAggregateInput,
?   _relevance?: UserOrderByRelevanceInput
  }
}

Unknown argument `roleIds`. Did you mean `roles`? Available options are marked with ?.
[2026-01-22T11:37:46.900Z] 
Invalid `prisma.user.findMany()` invocation:

{
  select: {
    id: true,
    first_name: true,
    last_name: true,
    username: true,
    email: true,
    roles: {
      select: {
        role: {
          select: {
            name: true,
            id: true
          }
        }
      }
    }
  },
  skip: 0,
  take: 10,
  orderBy: {
    roles: "desc"
           ~~~~~~
  }
}

Argument `roles`: Invalid value provided. Expected User_RoleOrderByRelationAggregateInput, provided String.
[2026-01-22T11:37:46.954Z] 
Invalid `prisma.user.findMany()` invocation:

{
  select: {
    id: true,
    first_name: true,
    last_name: true,
    username: true,
    email: true,
    roles: {
      select: {
        role: {
          select: {
            name: true,
            id: true
          }
        }
      }
    }
  },
  skip: 0,
  take: 10,
  orderBy: {
    roleIds: "desc",
    ~~~~~~~
?   id?: SortOrder,
?   first_name?: SortOrder,
?   last_name?: SortOrder,
?   username?: SortOrder,
?   email?: SortOrder,
?   password?: SortOrder,
?   created_at?: SortOrder,
?   roles?: User_RoleOrderByRelationAggregateInput,
?   permissions?: User_permissionOrderByRelationAggregateInput,
?   categories?: CategoryOrderByRelationAggregateInput,
?   devices?: User_deviceOrderByRelationAggregateInput,
?   _relevance?: UserOrderByRelevanceInput
  }
}

Unknown argument `roleIds`. Did you mean `roles`? Available options are marked with ?.
[2026-01-22T11:37:46.967Z] 
Invalid `prisma.user.findMany()` invocation:

{
  select: {
    id: true,
    first_name: true,
    last_name: true,
    username: true,
    email: true,
    roles: {
      select: {
        role: {
          select: {
            name: true,
            id: true
          }
        }
      }
    }
  },
  skip: 0,
  take: 10,
  orderBy: {
    roles: "desc"
           ~~~~~~
  }
}

Argument `roles`: Invalid value provided. Expected User_RoleOrderByRelationAggregateInput, provided String.
[2026-01-22T11:37:47.034Z] 
Invalid `prisma.user.findMany()` invocation:

{
  select: {
    id: true,
    first_name: true,
    last_name: true,
    username: true,
    email: true,
    roles: {
      select: {
        role: {
          select: {
            name: true,
            id: true
          }
        }
      }
    }
  },
  skip: 0,
  take: 10,
  orderBy: {
    roleIds: "desc",
    ~~~~~~~
?   id?: SortOrder,
?   first_name?: SortOrder,
?   last_name?: SortOrder,
?   username?: SortOrder,
?   email?: SortOrder,
?   password?: SortOrder,
?   created_at?: SortOrder,
?   roles?: User_RoleOrderByRelationAggregateInput,
?   permissions?: User_permissionOrderByRelationAggregateInput,
?   categories?: CategoryOrderByRelationAggregateInput,
?   devices?: User_deviceOrderByRelationAggregateInput,
?   _relevance?: UserOrderByRelevanceInput
  }
}

Unknown argument `roleIds`. Did you mean `roles`? Available options are marked with ?.
[2026-01-22T11:37:47.048Z] 
Invalid `prisma.user.findMany()` invocation:

{
  select: {
    id: true,
    first_name: true,
    last_name: true,
    username: true,
    email: true,
    roles: {
      select: {
        role: {
          select: {
            name: true,
            id: true
          }
        }
      }
    }
  },
  skip: 0,
  take: 10,
  orderBy: {
    roles: "desc"
           ~~~~~~
  }
}

Argument `roles`: Invalid value provided. Expected User_RoleOrderByRelationAggregateInput, provided String.
[2026-01-22T11:37:47.101Z] 
Invalid `prisma.user.findMany()` invocation:

{
  select: {
    id: true,
    first_name: true,
    last_name: true,
    username: true,
    email: true,
    roles: {
      select: {
        role: {
          select: {
            name: true,
            id: true
          }
        }
      }
    }
  },
  skip: 0,
  take: 10,
  orderBy: {
    roleIds: "desc",
    ~~~~~~~
?   id?: SortOrder,
?   first_name?: SortOrder,
?   last_name?: SortOrder,
?   username?: SortOrder,
?   email?: SortOrder,
?   password?: SortOrder,
?   created_at?: SortOrder,
?   roles?: User_RoleOrderByRelationAggregateInput,
?   permissions?: User_permissionOrderByRelationAggregateInput,
?   categories?: CategoryOrderByRelationAggregateInput,
?   devices?: User_deviceOrderByRelationAggregateInput,
?   _relevance?: UserOrderByRelevanceInput
  }
}

Unknown argument `roleIds`. Did you mean `roles`? Available options are marked with ?.
[2026-01-22T11:37:47.113Z] 
Invalid `prisma.user.findMany()` invocation:

{
  select: {
    id: true,
    first_name: true,
    last_name: true,
    username: true,
    email: true,
    roles: {
      select: {
        role: {
          select: {
            name: true,
            id: true
          }
        }
      }
    }
  },
  skip: 0,
  take: 10,
  orderBy: {
    roles: "desc"
           ~~~~~~
  }
}

Argument `roles`: Invalid value provided. Expected User_RoleOrderByRelationAggregateInput, provided String.
[2026-01-22T11:37:47.180Z] 
Invalid `prisma.user.findMany()` invocation:

{
  select: {
    id: true,
    first_name: true,
    last_name: true,
    username: true,
    email: true,
    roles: {
      select: {
        role: {
          select: {
            name: true,
            id: true
          }
        }
      }
    }
  },
  skip: 0,
  take: 10,
  orderBy: {
    roleIds: "desc",
    ~~~~~~~
?   id?: SortOrder,
?   first_name?: SortOrder,
?   last_name?: SortOrder,
?   username?: SortOrder,
?   email?: SortOrder,
?   password?: SortOrder,
?   created_at?: SortOrder,
?   roles?: User_RoleOrderByRelationAggregateInput,
?   permissions?: User_permissionOrderByRelationAggregateInput,
?   categories?: CategoryOrderByRelationAggregateInput,
?   devices?: User_deviceOrderByRelationAggregateInput,
?   _relevance?: UserOrderByRelevanceInput
  }
}

Unknown argument `roleIds`. Did you mean `roles`? Available options are marked with ?.
[2026-01-22T11:37:47.194Z] 
Invalid `prisma.user.findMany()` invocation:

{
  select: {
    id: true,
    first_name: true,
    last_name: true,
    username: true,
    email: true,
    roles: {
      select: {
        role: {
          select: {
            name: true,
            id: true
          }
        }
      }
    }
  },
  skip: 0,
  take: 10,
  orderBy: {
    roles: "desc"
           ~~~~~~
  }
}

Argument `roles`: Invalid value provided. Expected User_RoleOrderByRelationAggregateInput, provided String.
[2026-01-22T11:37:47.256Z] 
Invalid `prisma.user.findMany()` invocation:

{
  select: {
    id: true,
    first_name: true,
    last_name: true,
    username: true,
    email: true,
    roles: {
      select: {
        role: {
          select: {
            name: true,
            id: true
          }
        }
      }
    }
  },
  skip: 0,
  take: 10,
  orderBy: {
    roleIds: "desc",
    ~~~~~~~
?   id?: SortOrder,
?   first_name?: SortOrder,
?   last_name?: SortOrder,
?   username?: SortOrder,
?   email?: SortOrder,
?   password?: SortOrder,
?   created_at?: SortOrder,
?   roles?: User_RoleOrderByRelationAggregateInput,
?   permissions?: User_permissionOrderByRelationAggregateInput,
?   categories?: CategoryOrderByRelationAggregateInput,
?   devices?: User_deviceOrderByRelationAggregateInput,
?   _relevance?: UserOrderByRelevanceInput
  }
}

Unknown argument `roleIds`. Did you mean `roles`? Available options are marked with ?.
[2026-01-22T11:37:47.274Z] 
Invalid `prisma.user.findMany()` invocation:

{
  select: {
    id: true,
    first_name: true,
    last_name: true,
    username: true,
    email: true,
    roles: {
      select: {
        role: {
          select: {
            name: true,
            id: true
          }
        }
      }
    }
  },
  skip: 0,
  take: 10,
  orderBy: {
    roles: "desc"
           ~~~~~~
  }
}

Argument `roles`: Invalid value provided. Expected User_RoleOrderByRelationAggregateInput, provided String.
[2026-01-22T11:37:47.318Z] 
Invalid `prisma.user.findMany()` invocation:

{
  select: {
    id: true,
    first_name: true,
    last_name: true,
    username: true,
    email: true,
    roles: {
      select: {
        role: {
          select: {
            name: true,
            id: true
          }
        }
      }
    }
  },
  skip: 0,
  take: 10,
  orderBy: {
    roleIds: "desc",
    ~~~~~~~
?   id?: SortOrder,
?   first_name?: SortOrder,
?   last_name?: SortOrder,
?   username?: SortOrder,
?   email?: SortOrder,
?   password?: SortOrder,
?   created_at?: SortOrder,
?   roles?: User_RoleOrderByRelationAggregateInput,
?   permissions?: User_permissionOrderByRelationAggregateInput,
?   categories?: CategoryOrderByRelationAggregateInput,
?   devices?: User_deviceOrderByRelationAggregateInput,
?   _relevance?: UserOrderByRelevanceInput
  }
}

Unknown argument `roleIds`. Did you mean `roles`? Available options are marked with ?.
[2026-01-22T11:37:47.330Z] 
Invalid `prisma.user.findMany()` invocation:

{
  select: {
    id: true,
    first_name: true,
    last_name: true,
    username: true,
    email: true,
    roles: {
      select: {
        role: {
          select: {
            name: true,
            id: true
          }
        }
      }
    }
  },
  skip: 0,
  take: 10,
  orderBy: {
    roles: "desc"
           ~~~~~~
  }
}

Argument `roles`: Invalid value provided. Expected User_RoleOrderByRelationAggregateInput, provided String.
[2026-01-22T11:37:47.386Z] 
Invalid `prisma.user.findMany()` invocation:

{
  select: {
    id: true,
    first_name: true,
    last_name: true,
    username: true,
    email: true,
    roles: {
      select: {
        role: {
          select: {
            name: true,
            id: true
          }
        }
      }
    }
  },
  skip: 0,
  take: 10,
  orderBy: {
    roleIds: "desc",
    ~~~~~~~
?   id?: SortOrder,
?   first_name?: SortOrder,
?   last_name?: SortOrder,
?   username?: SortOrder,
?   email?: SortOrder,
?   password?: SortOrder,
?   created_at?: SortOrder,
?   roles?: User_RoleOrderByRelationAggregateInput,
?   permissions?: User_permissionOrderByRelationAggregateInput,
?   categories?: CategoryOrderByRelationAggregateInput,
?   devices?: User_deviceOrderByRelationAggregateInput,
?   _relevance?: UserOrderByRelevanceInput
  }
}

Unknown argument `roleIds`. Did you mean `roles`? Available options are marked with ?.
[2026-01-22T11:37:47.401Z] 
Invalid `prisma.user.findMany()` invocation:

{
  select: {
    id: true,
    first_name: true,
    last_name: true,
    username: true,
    email: true,
    roles: {
      select: {
        role: {
          select: {
            name: true,
            id: true
          }
        }
      }
    }
  },
  skip: 0,
  take: 10,
  orderBy: {
    roles: "desc"
           ~~~~~~
  }
}

Argument `roles`: Invalid value provided. Expected User_RoleOrderByRelationAggregateInput, provided String.
[2026-01-22T11:37:47.472Z] 
Invalid `prisma.user.findMany()` invocation:

{
  select: {
    id: true,
    first_name: true,
    last_name: true,
    username: true,
    email: true,
    roles: {
      select: {
        role: {
          select: {
            name: true,
            id: true
          }
        }
      }
    }
  },
  skip: 0,
  take: 10,
  orderBy: {
    roleIds: "desc",
    ~~~~~~~
?   id?: SortOrder,
?   first_name?: SortOrder,
?   last_name?: SortOrder,
?   username?: SortOrder,
?   email?: SortOrder,
?   password?: SortOrder,
?   created_at?: SortOrder,
?   roles?: User_RoleOrderByRelationAggregateInput,
?   permissions?: User_permissionOrderByRelationAggregateInput,
?   categories?: CategoryOrderByRelationAggregateInput,
?   devices?: User_deviceOrderByRelationAggregateInput,
?   _relevance?: UserOrderByRelevanceInput
  }
}

Unknown argument `roleIds`. Did you mean `roles`? Available options are marked with ?.
[2026-01-22T11:37:47.484Z] 
Invalid `prisma.user.findMany()` invocation:

{
  select: {
    id: true,
    first_name: true,
    last_name: true,
    username: true,
    email: true,
    roles: {
      select: {
        role: {
          select: {
            name: true,
            id: true
          }
        }
      }
    }
  },
  skip: 0,
  take: 10,
  orderBy: {
    roles: "desc"
           ~~~~~~
  }
}

Argument `roles`: Invalid value provided. Expected User_RoleOrderByRelationAggregateInput, provided String.
[2026-01-22T11:37:47.557Z] 
Invalid `prisma.user.findMany()` invocation:

{
  select: {
    id: true,
    first_name: true,
    last_name: true,
    username: true,
    email: true,
    roles: {
      select: {
        role: {
          select: {
            name: true,
            id: true
          }
        }
      }
    }
  },
  skip: 0,
  take: 10,
  orderBy: {
    roleIds: "desc",
    ~~~~~~~
?   id?: SortOrder,
?   first_name?: SortOrder,
?   last_name?: SortOrder,
?   username?: SortOrder,
?   email?: SortOrder,
?   password?: SortOrder,
?   created_at?: SortOrder,
?   roles?: User_RoleOrderByRelationAggregateInput,
?   permissions?: User_permissionOrderByRelationAggregateInput,
?   categories?: CategoryOrderByRelationAggregateInput,
?   devices?: User_deviceOrderByRelationAggregateInput,
?   _relevance?: UserOrderByRelevanceInput
  }
}

Unknown argument `roleIds`. Did you mean `roles`? Available options are marked with ?.
[2026-01-22T11:37:47.574Z] 
Invalid `prisma.user.findMany()` invocation:

{
  select: {
    id: true,
    first_name: true,
    last_name: true,
    username: true,
    email: true,
    roles: {
      select: {
        role: {
          select: {
            name: true,
            id: true
          }
        }
      }
    }
  },
  skip: 0,
  take: 10,
  orderBy: {
    roles: "desc"
           ~~~~~~
  }
}

Argument `roles`: Invalid value provided. Expected User_RoleOrderByRelationAggregateInput, provided String.
[2026-01-22T11:37:47.635Z] 
Invalid `prisma.user.findMany()` invocation:

{
  select: {
    id: true,
    first_name: true,
    last_name: true,
    username: true,
    email: true,
    roles: {
      select: {
        role: {
          select: {
            name: true,
            id: true
          }
        }
      }
    }
  },
  skip: 0,
  take: 10,
  orderBy: {
    roleIds: "desc",
    ~~~~~~~
?   id?: SortOrder,
?   first_name?: SortOrder,
?   last_name?: SortOrder,
?   username?: SortOrder,
?   email?: SortOrder,
?   password?: SortOrder,
?   created_at?: SortOrder,
?   roles?: User_RoleOrderByRelationAggregateInput,
?   permissions?: User_permissionOrderByRelationAggregateInput,
?   categories?: CategoryOrderByRelationAggregateInput,
?   devices?: User_deviceOrderByRelationAggregateInput,
?   _relevance?: UserOrderByRelevanceInput
  }
}

Unknown argument `roleIds`. Did you mean `roles`? Available options are marked with ?.
[2026-01-22T11:37:47.649Z] 
Invalid `prisma.user.findMany()` invocation:

{
  select: {
    id: true,
    first_name: true,
    last_name: true,
    username: true,
    email: true,
    roles: {
      select: {
        role: {
          select: {
            name: true,
            id: true
          }
        }
      }
    }
  },
  skip: 0,
  take: 10,
  orderBy: {
    roles: "desc"
           ~~~~~~
  }
}

Argument `roles`: Invalid value provided. Expected User_RoleOrderByRelationAggregateInput, provided String.
[2026-01-22T11:37:47.708Z] 
Invalid `prisma.user.findMany()` invocation:

{
  select: {
    id: true,
    first_name: true,
    last_name: true,
    username: true,
    email: true,
    roles: {
      select: {
        role: {
          select: {
            name: true,
            id: true
          }
        }
      }
    }
  },
  skip: 0,
  take: 10,
  orderBy: {
    roleIds: "desc",
    ~~~~~~~
?   id?: SortOrder,
?   first_name?: SortOrder,
?   last_name?: SortOrder,
?   username?: SortOrder,
?   email?: SortOrder,
?   password?: SortOrder,
?   created_at?: SortOrder,
?   roles?: User_RoleOrderByRelationAggregateInput,
?   permissions?: User_permissionOrderByRelationAggregateInput,
?   categories?: CategoryOrderByRelationAggregateInput,
?   devices?: User_deviceOrderByRelationAggregateInput,
?   _relevance?: UserOrderByRelevanceInput
  }
}

Unknown argument `roleIds`. Did you mean `roles`? Available options are marked with ?.
[2026-01-22T11:37:47.722Z] 
Invalid `prisma.user.findMany()` invocation:

{
  select: {
    id: true,
    first_name: true,
    last_name: true,
    username: true,
    email: true,
    roles: {
      select: {
        role: {
          select: {
            name: true,
            id: true
          }
        }
      }
    }
  },
  skip: 0,
  take: 10,
  orderBy: {
    roles: "desc"
           ~~~~~~
  }
}

Argument `roles`: Invalid value provided. Expected User_RoleOrderByRelationAggregateInput, provided String.
[2026-01-22T11:37:47.808Z] 
Invalid `prisma.user.findMany()` invocation:

{
  select: {
    id: true,
    first_name: true,
    last_name: true,
    username: true,
    email: true,
    roles: {
      select: {
        role: {
          select: {
            name: true,
            id: true
          }
        }
      }
    }
  },
  skip: 0,
  take: 10,
  orderBy: {
    roleIds: "desc",
    ~~~~~~~
?   id?: SortOrder,
?   first_name?: SortOrder,
?   last_name?: SortOrder,
?   username?: SortOrder,
?   email?: SortOrder,
?   password?: SortOrder,
?   created_at?: SortOrder,
?   roles?: User_RoleOrderByRelationAggregateInput,
?   permissions?: User_permissionOrderByRelationAggregateInput,
?   categories?: CategoryOrderByRelationAggregateInput,
?   devices?: User_deviceOrderByRelationAggregateInput,
?   _relevance?: UserOrderByRelevanceInput
  }
}

Unknown argument `roleIds`. Did you mean `roles`? Available options are marked with ?.
[2026-01-22T11:37:47.827Z] 
Invalid `prisma.user.findMany()` invocation:

{
  select: {
    id: true,
    first_name: true,
    last_name: true,
    username: true,
    email: true,
    roles: {
      select: {
        role: {
          select: {
            name: true,
            id: true
          }
        }
      }
    }
  },
  skip: 0,
  take: 10,
  orderBy: {
    roles: "desc"
           ~~~~~~
  }
}

Argument `roles`: Invalid value provided. Expected User_RoleOrderByRelationAggregateInput, provided String.
[2026-01-22T11:37:47.891Z] 
Invalid `prisma.user.findMany()` invocation:

{
  select: {
    id: true,
    first_name: true,
    last_name: true,
    username: true,
    email: true,
    roles: {
      select: {
        role: {
          select: {
            name: true,
            id: true
          }
        }
      }
    }
  },
  skip: 0,
  take: 10,
  orderBy: {
    roleIds: "desc",
    ~~~~~~~
?   id?: SortOrder,
?   first_name?: SortOrder,
?   last_name?: SortOrder,
?   username?: SortOrder,
?   email?: SortOrder,
?   password?: SortOrder,
?   created_at?: SortOrder,
?   roles?: User_RoleOrderByRelationAggregateInput,
?   permissions?: User_permissionOrderByRelationAggregateInput,
?   categories?: CategoryOrderByRelationAggregateInput,
?   devices?: User_deviceOrderByRelationAggregateInput,
?   _relevance?: UserOrderByRelevanceInput
  }
}

Unknown argument `roleIds`. Did you mean `roles`? Available options are marked with ?.
[2026-01-22T11:37:47.904Z] 
Invalid `prisma.user.findMany()` invocation:

{
  select: {
    id: true,
    first_name: true,
    last_name: true,
    username: true,
    email: true,
    roles: {
      select: {
        role: {
          select: {
            name: true,
            id: true
          }
        }
      }
    }
  },
  skip: 0,
  take: 10,
  orderBy: {
    roles: "desc"
           ~~~~~~
  }
}

Argument `roles`: Invalid value provided. Expected User_RoleOrderByRelationAggregateInput, provided String.
[2026-01-22T11:37:47.975Z] 
Invalid `prisma.user.findMany()` invocation:

{
  select: {
    id: true,
    first_name: true,
    last_name: true,
    username: true,
    email: true,
    roles: {
      select: {
        role: {
          select: {
            name: true,
            id: true
          }
        }
      }
    }
  },
  skip: 0,
  take: 10,
  orderBy: {
    roleIds: "desc",
    ~~~~~~~
?   id?: SortOrder,
?   first_name?: SortOrder,
?   last_name?: SortOrder,
?   username?: SortOrder,
?   email?: SortOrder,
?   password?: SortOrder,
?   created_at?: SortOrder,
?   roles?: User_RoleOrderByRelationAggregateInput,
?   permissions?: User_permissionOrderByRelationAggregateInput,
?   categories?: CategoryOrderByRelationAggregateInput,
?   devices?: User_deviceOrderByRelationAggregateInput,
?   _relevance?: UserOrderByRelevanceInput
  }
}

Unknown argument `roleIds`. Did you mean `roles`? Available options are marked with ?.
[2026-01-22T11:37:47.995Z] 
Invalid `prisma.user.findMany()` invocation:

{
  select: {
    id: true,
    first_name: true,
    last_name: true,
    username: true,
    email: true,
    roles: {
      select: {
        role: {
          select: {
            name: true,
            id: true
          }
        }
      }
    }
  },
  skip: 0,
  take: 10,
  orderBy: {
    roles: "desc"
           ~~~~~~
  }
}

Argument `roles`: Invalid value provided. Expected User_RoleOrderByRelationAggregateInput, provided String.
[2026-01-22T11:37:48.064Z] 
Invalid `prisma.user.findMany()` invocation:

{
  select: {
    id: true,
    first_name: true,
    last_name: true,
    username: true,
    email: true,
    roles: {
      select: {
        role: {
          select: {
            name: true,
            id: true
          }
        }
      }
    }
  },
  skip: 0,
  take: 10,
  orderBy: {
    roleIds: "desc",
    ~~~~~~~
?   id?: SortOrder,
?   first_name?: SortOrder,
?   last_name?: SortOrder,
?   username?: SortOrder,
?   email?: SortOrder,
?   password?: SortOrder,
?   created_at?: SortOrder,
?   roles?: User_RoleOrderByRelationAggregateInput,
?   permissions?: User_permissionOrderByRelationAggregateInput,
?   categories?: CategoryOrderByRelationAggregateInput,
?   devices?: User_deviceOrderByRelationAggregateInput,
?   _relevance?: UserOrderByRelevanceInput
  }
}

Unknown argument `roleIds`. Did you mean `roles`? Available options are marked with ?.
[2026-01-22T11:37:48.100Z] 
Invalid `prisma.user.findMany()` invocation:

{
  select: {
    id: true,
    first_name: true,
    last_name: true,
    username: true,
    email: true,
    roles: {
      select: {
        role: {
          select: {
            name: true,
            id: true
          }
        }
      }
    }
  },
  skip: 0,
  take: 10,
  orderBy: {
    roles: "desc"
           ~~~~~~
  }
}

Argument `roles`: Invalid value provided. Expected User_RoleOrderByRelationAggregateInput, provided String.
[2026-01-22T11:37:48.145Z] 
Invalid `prisma.user.findMany()` invocation:

{
  select: {
    id: true,
    first_name: true,
    last_name: true,
    username: true,
    email: true,
    roles: {
      select: {
        role: {
          select: {
            name: true,
            id: true
          }
        }
      }
    }
  },
  skip: 0,
  take: 10,
  orderBy: {
    roleIds: "desc",
    ~~~~~~~
?   id?: SortOrder,
?   first_name?: SortOrder,
?   last_name?: SortOrder,
?   username?: SortOrder,
?   email?: SortOrder,
?   password?: SortOrder,
?   created_at?: SortOrder,
?   roles?: User_RoleOrderByRelationAggregateInput,
?   permissions?: User_permissionOrderByRelationAggregateInput,
?   categories?: CategoryOrderByRelationAggregateInput,
?   devices?: User_deviceOrderByRelationAggregateInput,
?   _relevance?: UserOrderByRelevanceInput
  }
}

Unknown argument `roleIds`. Did you mean `roles`? Available options are marked with ?.
[2026-01-22T11:37:48.166Z] 
Invalid `prisma.user.findMany()` invocation:

{
  select: {
    id: true,
    first_name: true,
    last_name: true,
    username: true,
    email: true,
    roles: {
      select: {
        role: {
          select: {
            name: true,
            id: true
          }
        }
      }
    }
  },
  skip: 0,
  take: 10,
  orderBy: {
    roles: "desc"
           ~~~~~~
  }
}

Argument `roles`: Invalid value provided. Expected User_RoleOrderByRelationAggregateInput, provided String.
[2026-01-22T11:37:48.260Z] 
Invalid `prisma.user.findMany()` invocation:

{
  select: {
    id: true,
    first_name: true,
    last_name: true,
    username: true,
    email: true,
    roles: {
      select: {
        role: {
          select: {
            name: true,
            id: true
          }
        }
      }
    }
  },
  skip: 0,
  take: 10,
  orderBy: {
    roleIds: "desc",
    ~~~~~~~
?   id?: SortOrder,
?   first_name?: SortOrder,
?   last_name?: SortOrder,
?   username?: SortOrder,
?   email?: SortOrder,
?   password?: SortOrder,
?   created_at?: SortOrder,
?   roles?: User_RoleOrderByRelationAggregateInput,
?   permissions?: User_permissionOrderByRelationAggregateInput,
?   categories?: CategoryOrderByRelationAggregateInput,
?   devices?: User_deviceOrderByRelationAggregateInput,
?   _relevance?: UserOrderByRelevanceInput
  }
}

Unknown argument `roleIds`. Did you mean `roles`? Available options are marked with ?.
[2026-01-22T11:37:48.278Z] 
Invalid `prisma.user.findMany()` invocation:

{
  select: {
    id: true,
    first_name: true,
    last_name: true,
    username: true,
    email: true,
    roles: {
      select: {
        role: {
          select: {
            name: true,
            id: true
          }
        }
      }
    }
  },
  skip: 0,
  take: 10,
  orderBy: {
    roles: "desc"
           ~~~~~~
  }
}

Argument `roles`: Invalid value provided. Expected User_RoleOrderByRelationAggregateInput, provided String.
[2026-01-22T11:37:48.325Z] 
Invalid `prisma.user.findMany()` invocation:

{
  select: {
    id: true,
    first_name: true,
    last_name: true,
    username: true,
    email: true,
    roles: {
      select: {
        role: {
          select: {
            name: true,
            id: true
          }
        }
      }
    }
  },
  skip: 0,
  take: 10,
  orderBy: {
    roleIds: "desc",
    ~~~~~~~
?   id?: SortOrder,
?   first_name?: SortOrder,
?   last_name?: SortOrder,
?   username?: SortOrder,
?   email?: SortOrder,
?   password?: SortOrder,
?   created_at?: SortOrder,
?   roles?: User_RoleOrderByRelationAggregateInput,
?   permissions?: User_permissionOrderByRelationAggregateInput,
?   categories?: CategoryOrderByRelationAggregateInput,
?   devices?: User_deviceOrderByRelationAggregateInput,
?   _relevance?: UserOrderByRelevanceInput
  }
}

Unknown argument `roleIds`. Did you mean `roles`? Available options are marked with ?.
[2026-01-22T11:37:48.339Z] 
Invalid `prisma.user.findMany()` invocation:

{
  select: {
    id: true,
    first_name: true,
    last_name: true,
    username: true,
    email: true,
    roles: {
      select: {
        role: {
          select: {
            name: true,
            id: true
          }
        }
      }
    }
  },
  skip: 0,
  take: 10,
  orderBy: {
    roles: "desc"
           ~~~~~~
  }
}

Argument `roles`: Invalid value provided. Expected User_RoleOrderByRelationAggregateInput, provided String.
[2026-01-22T11:37:48.409Z] 
Invalid `prisma.user.findMany()` invocation:

{
  select: {
    id: true,
    first_name: true,
    last_name: true,
    username: true,
    email: true,
    roles: {
      select: {
        role: {
          select: {
            name: true,
            id: true
          }
        }
      }
    }
  },
  skip: 0,
  take: 10,
  orderBy: {
    roleIds: "desc",
    ~~~~~~~
?   id?: SortOrder,
?   first_name?: SortOrder,
?   last_name?: SortOrder,
?   username?: SortOrder,
?   email?: SortOrder,
?   password?: SortOrder,
?   created_at?: SortOrder,
?   roles?: User_RoleOrderByRelationAggregateInput,
?   permissions?: User_permissionOrderByRelationAggregateInput,
?   categories?: CategoryOrderByRelationAggregateInput,
?   devices?: User_deviceOrderByRelationAggregateInput,
?   _relevance?: UserOrderByRelevanceInput
  }
}

Unknown argument `roleIds`. Did you mean `roles`? Available options are marked with ?.
[2026-01-22T11:37:48.423Z] 
Invalid `prisma.user.findMany()` invocation:

{
  select: {
    id: true,
    first_name: true,
    last_name: true,
    username: true,
    email: true,
    roles: {
      select: {
        role: {
          select: {
            name: true,
            id: true
          }
        }
      }
    }
  },
  skip: 0,
  take: 10,
  orderBy: {
    roles: "desc"
           ~~~~~~
  }
}

Argument `roles`: Invalid value provided. Expected User_RoleOrderByRelationAggregateInput, provided String.
[2026-01-22T11:37:48.492Z] 
Invalid `prisma.user.findMany()` invocation:

{
  select: {
    id: true,
    first_name: true,
    last_name: true,
    username: true,
    email: true,
    roles: {
      select: {
        role: {
          select: {
            name: true,
            id: true
          }
        }
      }
    }
  },
  skip: 0,
  take: 10,
  orderBy: {
    roleIds: "desc",
    ~~~~~~~
?   id?: SortOrder,
?   first_name?: SortOrder,
?   last_name?: SortOrder,
?   username?: SortOrder,
?   email?: SortOrder,
?   password?: SortOrder,
?   created_at?: SortOrder,
?   roles?: User_RoleOrderByRelationAggregateInput,
?   permissions?: User_permissionOrderByRelationAggregateInput,
?   categories?: CategoryOrderByRelationAggregateInput,
?   devices?: User_deviceOrderByRelationAggregateInput,
?   _relevance?: UserOrderByRelevanceInput
  }
}

Unknown argument `roleIds`. Did you mean `roles`? Available options are marked with ?.
[2026-01-22T11:37:48.509Z] 
Invalid `prisma.user.findMany()` invocation:

{
  select: {
    id: true,
    first_name: true,
    last_name: true,
    username: true,
    email: true,
    roles: {
      select: {
        role: {
          select: {
            name: true,
            id: true
          }
        }
      }
    }
  },
  skip: 0,
  take: 10,
  orderBy: {
    roles: "desc"
           ~~~~~~
  }
}

Argument `roles`: Invalid value provided. Expected User_RoleOrderByRelationAggregateInput, provided String.
[2026-01-22T11:37:48.579Z] 
Invalid `prisma.user.findMany()` invocation:

{
  select: {
    id: true,
    first_name: true,
    last_name: true,
    username: true,
    email: true,
    roles: {
      select: {
        role: {
          select: {
            name: true,
            id: true
          }
        }
      }
    }
  },
  skip: 0,
  take: 10,
  orderBy: {
    roleIds: "desc",
    ~~~~~~~
?   id?: SortOrder,
?   first_name?: SortOrder,
?   last_name?: SortOrder,
?   username?: SortOrder,
?   email?: SortOrder,
?   password?: SortOrder,
?   created_at?: SortOrder,
?   roles?: User_RoleOrderByRelationAggregateInput,
?   permissions?: User_permissionOrderByRelationAggregateInput,
?   categories?: CategoryOrderByRelationAggregateInput,
?   devices?: User_deviceOrderByRelationAggregateInput,
?   _relevance?: UserOrderByRelevanceInput
  }
}

Unknown argument `roleIds`. Did you mean `roles`? Available options are marked with ?.
[2026-01-22T11:37:48.592Z] 
Invalid `prisma.user.findMany()` invocation:

{
  select: {
    id: true,
    first_name: true,
    last_name: true,
    username: true,
    email: true,
    roles: {
      select: {
        role: {
          select: {
            name: true,
            id: true
          }
        }
      }
    }
  },
  skip: 0,
  take: 10,
  orderBy: {
    roles: "desc"
           ~~~~~~
  }
}

Argument `roles`: Invalid value provided. Expected User_RoleOrderByRelationAggregateInput, provided String.
[2026-01-22T11:37:48.659Z] 
Invalid `prisma.user.findMany()` invocation:

{
  select: {
    id: true,
    first_name: true,
    last_name: true,
    username: true,
    email: true,
    roles: {
      select: {
        role: {
          select: {
            name: true,
            id: true
          }
        }
      }
    }
  },
  skip: 0,
  take: 10,
  orderBy: {
    roleIds: "desc",
    ~~~~~~~
?   id?: SortOrder,
?   first_name?: SortOrder,
?   last_name?: SortOrder,
?   username?: SortOrder,
?   email?: SortOrder,
?   password?: SortOrder,
?   created_at?: SortOrder,
?   roles?: User_RoleOrderByRelationAggregateInput,
?   permissions?: User_permissionOrderByRelationAggregateInput,
?   categories?: CategoryOrderByRelationAggregateInput,
?   devices?: User_deviceOrderByRelationAggregateInput,
?   _relevance?: UserOrderByRelevanceInput
  }
}

Unknown argument `roleIds`. Did you mean `roles`? Available options are marked with ?.
[2026-01-22T11:37:48.674Z] 
Invalid `prisma.user.findMany()` invocation:

{
  select: {
    id: true,
    first_name: true,
    last_name: true,
    username: true,
    email: true,
    roles: {
      select: {
        role: {
          select: {
            name: true,
            id: true
          }
        }
      }
    }
  },
  skip: 0,
  take: 10,
  orderBy: {
    roles: "desc"
           ~~~~~~
  }
}

Argument `roles`: Invalid value provided. Expected User_RoleOrderByRelationAggregateInput, provided String.
[2026-01-22T11:37:48.742Z] 
Invalid `prisma.user.findMany()` invocation:

{
  select: {
    id: true,
    first_name: true,
    last_name: true,
    username: true,
    email: true,
    roles: {
      select: {
        role: {
          select: {
            name: true,
            id: true
          }
        }
      }
    }
  },
  skip: 0,
  take: 10,
  orderBy: {
    roleIds: "desc",
    ~~~~~~~
?   id?: SortOrder,
?   first_name?: SortOrder,
?   last_name?: SortOrder,
?   username?: SortOrder,
?   email?: SortOrder,
?   password?: SortOrder,
?   created_at?: SortOrder,
?   roles?: User_RoleOrderByRelationAggregateInput,
?   permissions?: User_permissionOrderByRelationAggregateInput,
?   categories?: CategoryOrderByRelationAggregateInput,
?   devices?: User_deviceOrderByRelationAggregateInput,
?   _relevance?: UserOrderByRelevanceInput
  }
}

Unknown argument `roleIds`. Did you mean `roles`? Available options are marked with ?.
[2026-01-22T11:37:48.755Z] 
Invalid `prisma.user.findMany()` invocation:

{
  select: {
    id: true,
    first_name: true,
    last_name: true,
    username: true,
    email: true,
    roles: {
      select: {
        role: {
          select: {
            name: true,
            id: true
          }
        }
      }
    }
  },
  skip: 0,
  take: 10,
  orderBy: {
    roles: "desc"
           ~~~~~~
  }
}

Argument `roles`: Invalid value provided. Expected User_RoleOrderByRelationAggregateInput, provided String.
[2026-01-22T11:37:48.815Z] 
Invalid `prisma.user.findMany()` invocation:

{
  select: {
    id: true,
    first_name: true,
    last_name: true,
    username: true,
    email: true,
    roles: {
      select: {
        role: {
          select: {
            name: true,
            id: true
          }
        }
      }
    }
  },
  skip: 0,
  take: 10,
  orderBy: {
    roleIds: "desc",
    ~~~~~~~
?   id?: SortOrder,
?   first_name?: SortOrder,
?   last_name?: SortOrder,
?   username?: SortOrder,
?   email?: SortOrder,
?   password?: SortOrder,
?   created_at?: SortOrder,
?   roles?: User_RoleOrderByRelationAggregateInput,
?   permissions?: User_permissionOrderByRelationAggregateInput,
?   categories?: CategoryOrderByRelationAggregateInput,
?   devices?: User_deviceOrderByRelationAggregateInput,
?   _relevance?: UserOrderByRelevanceInput
  }
}

Unknown argument `roleIds`. Did you mean `roles`? Available options are marked with ?.
[2026-01-22T11:37:48.836Z] 
Invalid `prisma.user.findMany()` invocation:

{
  select: {
    id: true,
    first_name: true,
    last_name: true,
    username: true,
    email: true,
    roles: {
      select: {
        role: {
          select: {
            name: true,
            id: true
          }
        }
      }
    }
  },
  skip: 0,
  take: 10,
  orderBy: {
    roles: "desc"
           ~~~~~~
  }
}

Argument `roles`: Invalid value provided. Expected User_RoleOrderByRelationAggregateInput, provided String.
[2026-01-22T11:37:48.890Z] 
Invalid `prisma.user.findMany()` invocation:

{
  select: {
    id: true,
    first_name: true,
    last_name: true,
    username: true,
    email: true,
    roles: {
      select: {
        role: {
          select: {
            name: true,
            id: true
          }
        }
      }
    }
  },
  skip: 0,
  take: 10,
  orderBy: {
    roleIds: "desc",
    ~~~~~~~
?   id?: SortOrder,
?   first_name?: SortOrder,
?   last_name?: SortOrder,
?   username?: SortOrder,
?   email?: SortOrder,
?   password?: SortOrder,
?   created_at?: SortOrder,
?   roles?: User_RoleOrderByRelationAggregateInput,
?   permissions?: User_permissionOrderByRelationAggregateInput,
?   categories?: CategoryOrderByRelationAggregateInput,
?   devices?: User_deviceOrderByRelationAggregateInput,
?   _relevance?: UserOrderByRelevanceInput
  }
}

Unknown argument `roleIds`. Did you mean `roles`? Available options are marked with ?.
[2026-01-22T11:37:48.905Z] 
Invalid `prisma.user.findMany()` invocation:

{
  select: {
    id: true,
    first_name: true,
    last_name: true,
    username: true,
    email: true,
    roles: {
      select: {
        role: {
          select: {
            name: true,
            id: true
          }
        }
      }
    }
  },
  skip: 0,
  take: 10,
  orderBy: {
    roles: "desc"
           ~~~~~~
  }
}

Argument `roles`: Invalid value provided. Expected User_RoleOrderByRelationAggregateInput, provided String.
[2026-01-22T11:37:48.973Z] 
Invalid `prisma.user.findMany()` invocation:

{
  select: {
    id: true,
    first_name: true,
    last_name: true,
    username: true,
    email: true,
    roles: {
      select: {
        role: {
          select: {
            name: true,
            id: true
          }
        }
      }
    }
  },
  skip: 0,
  take: 10,
  orderBy: {
    roleIds: "desc",
    ~~~~~~~
?   id?: SortOrder,
?   first_name?: SortOrder,
?   last_name?: SortOrder,
?   username?: SortOrder,
?   email?: SortOrder,
?   password?: SortOrder,
?   created_at?: SortOrder,
?   roles?: User_RoleOrderByRelationAggregateInput,
?   permissions?: User_permissionOrderByRelationAggregateInput,
?   categories?: CategoryOrderByRelationAggregateInput,
?   devices?: User_deviceOrderByRelationAggregateInput,
?   _relevance?: UserOrderByRelevanceInput
  }
}

Unknown argument `roleIds`. Did you mean `roles`? Available options are marked with ?.
[2026-01-22T11:37:48.991Z] 
Invalid `prisma.user.findMany()` invocation:

{
  select: {
    id: true,
    first_name: true,
    last_name: true,
    username: true,
    email: true,
    roles: {
      select: {
        role: {
          select: {
            name: true,
            id: true
          }
        }
      }
    }
  },
  skip: 0,
  take: 10,
  orderBy: {
    roles: "desc"
           ~~~~~~
  }
}

Argument `roles`: Invalid value provided. Expected User_RoleOrderByRelationAggregateInput, provided String.
[2026-01-22T11:37:49.083Z] 
Invalid `prisma.user.findMany()` invocation:

{
  select: {
    id: true,
    first_name: true,
    last_name: true,
    username: true,
    email: true,
    roles: {
      select: {
        role: {
          select: {
            name: true,
            id: true
          }
        }
      }
    }
  },
  skip: 0,
  take: 10,
  orderBy: {
    roleIds: "desc",
    ~~~~~~~
?   id?: SortOrder,
?   first_name?: SortOrder,
?   last_name?: SortOrder,
?   username?: SortOrder,
?   email?: SortOrder,
?   password?: SortOrder,
?   created_at?: SortOrder,
?   roles?: User_RoleOrderByRelationAggregateInput,
?   permissions?: User_permissionOrderByRelationAggregateInput,
?   categories?: CategoryOrderByRelationAggregateInput,
?   devices?: User_deviceOrderByRelationAggregateInput,
?   _relevance?: UserOrderByRelevanceInput
  }
}

Unknown argument `roleIds`. Did you mean `roles`? Available options are marked with ?.
[2026-01-22T11:37:49.115Z] 
Invalid `prisma.user.findMany()` invocation:

{
  select: {
    id: true,
    first_name: true,
    last_name: true,
    username: true,
    email: true,
    roles: {
      select: {
        role: {
          select: {
            name: true,
            id: true
          }
        }
      }
    }
  },
  skip: 0,
  take: 10,
  orderBy: {
    roles: "desc"
           ~~~~~~
  }
}

Argument `roles`: Invalid value provided. Expected User_RoleOrderByRelationAggregateInput, provided String.
[2026-01-22T11:37:49.175Z] 
Invalid `prisma.user.findMany()` invocation:

{
  select: {
    id: true,
    first_name: true,
    last_name: true,
    username: true,
    email: true,
    roles: {
      select: {
        role: {
          select: {
            name: true,
            id: true
          }
        }
      }
    }
  },
  skip: 0,
  take: 10,
  orderBy: {
    roleIds: "desc",
    ~~~~~~~
?   id?: SortOrder,
?   first_name?: SortOrder,
?   last_name?: SortOrder,
?   username?: SortOrder,
?   email?: SortOrder,
?   password?: SortOrder,
?   created_at?: SortOrder,
?   roles?: User_RoleOrderByRelationAggregateInput,
?   permissions?: User_permissionOrderByRelationAggregateInput,
?   categories?: CategoryOrderByRelationAggregateInput,
?   devices?: User_deviceOrderByRelationAggregateInput,
?   _relevance?: UserOrderByRelevanceInput
  }
}

Unknown argument `roleIds`. Did you mean `roles`? Available options are marked with ?.
[2026-01-22T11:37:49.207Z] 
Invalid `prisma.user.findMany()` invocation:

{
  select: {
    id: true,
    first_name: true,
    last_name: true,
    username: true,
    email: true,
    roles: {
      select: {
        role: {
          select: {
            name: true,
            id: true
          }
        }
      }
    }
  },
  skip: 0,
  take: 10,
  orderBy: {
    roles: "desc"
           ~~~~~~
  }
}

Argument `roles`: Invalid value provided. Expected User_RoleOrderByRelationAggregateInput, provided String.
[2026-01-22T11:37:49.263Z] 
Invalid `prisma.user.findMany()` invocation:

{
  select: {
    id: true,
    first_name: true,
    last_name: true,
    username: true,
    email: true,
    roles: {
      select: {
        role: {
          select: {
            name: true,
            id: true
          }
        }
      }
    }
  },
  skip: 0,
  take: 10,
  orderBy: {
    roleIds: "desc",
    ~~~~~~~
?   id?: SortOrder,
?   first_name?: SortOrder,
?   last_name?: SortOrder,
?   username?: SortOrder,
?   email?: SortOrder,
?   password?: SortOrder,
?   created_at?: SortOrder,
?   roles?: User_RoleOrderByRelationAggregateInput,
?   permissions?: User_permissionOrderByRelationAggregateInput,
?   categories?: CategoryOrderByRelationAggregateInput,
?   devices?: User_deviceOrderByRelationAggregateInput,
?   _relevance?: UserOrderByRelevanceInput
  }
}

Unknown argument `roleIds`. Did you mean `roles`? Available options are marked with ?.
[2026-01-22T11:37:49.287Z] 
Invalid `prisma.user.findMany()` invocation:

{
  select: {
    id: true,
    first_name: true,
    last_name: true,
    username: true,
    email: true,
    roles: {
      select: {
        role: {
          select: {
            name: true,
            id: true
          }
        }
      }
    }
  },
  skip: 0,
  take: 10,
  orderBy: {
    roles: "desc"
           ~~~~~~
  }
}

Argument `roles`: Invalid value provided. Expected User_RoleOrderByRelationAggregateInput, provided String.
[2026-01-22T11:37:49.378Z] 
Invalid `prisma.user.findMany()` invocation:

{
  select: {
    id: true,
    first_name: true,
    last_name: true,
    username: true,
    email: true,
    roles: {
      select: {
        role: {
          select: {
            name: true,
            id: true
          }
        }
      }
    }
  },
  skip: 0,
  take: 10,
  orderBy: {
    roleIds: "desc",
    ~~~~~~~
?   id?: SortOrder,
?   first_name?: SortOrder,
?   last_name?: SortOrder,
?   username?: SortOrder,
?   email?: SortOrder,
?   password?: SortOrder,
?   created_at?: SortOrder,
?   roles?: User_RoleOrderByRelationAggregateInput,
?   permissions?: User_permissionOrderByRelationAggregateInput,
?   categories?: CategoryOrderByRelationAggregateInput,
?   devices?: User_deviceOrderByRelationAggregateInput,
?   _relevance?: UserOrderByRelevanceInput
  }
}

Unknown argument `roleIds`. Did you mean `roles`? Available options are marked with ?.
[2026-01-22T11:37:49.391Z] 
Invalid `prisma.user.findMany()` invocation:

{
  select: {
    id: true,
    first_name: true,
    last_name: true,
    username: true,
    email: true,
    roles: {
      select: {
        role: {
          select: {
            name: true,
            id: true
          }
        }
      }
    }
  },
  skip: 0,
  take: 10,
  orderBy: {
    roles: "desc"
           ~~~~~~
  }
}

Argument `roles`: Invalid value provided. Expected User_RoleOrderByRelationAggregateInput, provided String.
[2026-01-22T11:37:49.511Z] 
Invalid `prisma.user.findMany()` invocation:

{
  select: {
    id: true,
    first_name: true,
    last_name: true,
    username: true,
    email: true,
    roles: {
      select: {
        role: {
          select: {
            name: true,
            id: true
          }
        }
      }
    }
  },
  skip: 0,
  take: 10,
  orderBy: {
    roleIds: "desc",
    ~~~~~~~
?   id?: SortOrder,
?   first_name?: SortOrder,
?   last_name?: SortOrder,
?   username?: SortOrder,
?   email?: SortOrder,
?   password?: SortOrder,
?   created_at?: SortOrder,
?   roles?: User_RoleOrderByRelationAggregateInput,
?   permissions?: User_permissionOrderByRelationAggregateInput,
?   categories?: CategoryOrderByRelationAggregateInput,
?   devices?: User_deviceOrderByRelationAggregateInput,
?   _relevance?: UserOrderByRelevanceInput
  }
}

Unknown argument `roleIds`. Did you mean `roles`? Available options are marked with ?.
[2026-01-22T11:37:49.526Z] 
Invalid `prisma.user.findMany()` invocation:

{
  select: {
    id: true,
    first_name: true,
    last_name: true,
    username: true,
    email: true,
    roles: {
      select: {
        role: {
          select: {
            name: true,
            id: true
          }
        }
      }
    }
  },
  skip: 0,
  take: 10,
  orderBy: {
    roles: "desc"
           ~~~~~~
  }
}

Argument `roles`: Invalid value provided. Expected User_RoleOrderByRelationAggregateInput, provided String.
[2026-01-22T11:37:49.613Z] 
Invalid `prisma.user.findMany()` invocation:

{
  select: {
    id: true,
    first_name: true,
    last_name: true,
    username: true,
    email: true,
    roles: {
      select: {
        role: {
          select: {
            name: true,
            id: true
          }
        }
      }
    }
  },
  skip: 0,
  take: 10,
  orderBy: {
    roleIds: "desc",
    ~~~~~~~
?   id?: SortOrder,
?   first_name?: SortOrder,
?   last_name?: SortOrder,
?   username?: SortOrder,
?   email?: SortOrder,
?   password?: SortOrder,
?   created_at?: SortOrder,
?   roles?: User_RoleOrderByRelationAggregateInput,
?   permissions?: User_permissionOrderByRelationAggregateInput,
?   categories?: CategoryOrderByRelationAggregateInput,
?   devices?: User_deviceOrderByRelationAggregateInput,
?   _relevance?: UserOrderByRelevanceInput
  }
}

Unknown argument `roleIds`. Did you mean `roles`? Available options are marked with ?.
[2026-01-22T11:37:49.629Z] 
Invalid `prisma.user.findMany()` invocation:

{
  select: {
    id: true,
    first_name: true,
    last_name: true,
    username: true,
    email: true,
    roles: {
      select: {
        role: {
          select: {
            name: true,
            id: true
          }
        }
      }
    }
  },
  skip: 0,
  take: 10,
  orderBy: {
    roles: "desc"
           ~~~~~~
  }
}

Argument `roles`: Invalid value provided. Expected User_RoleOrderByRelationAggregateInput, provided String.
[2026-01-22T11:37:49.724Z] 
Invalid `prisma.user.findMany()` invocation:

{
  select: {
    id: true,
    first_name: true,
    last_name: true,
    username: true,
    email: true,
    roles: {
      select: {
        role: {
          select: {
            name: true,
            id: true
          }
        }
      }
    }
  },
  skip: 0,
  take: 10,
  orderBy: {
    roleIds: "desc",
    ~~~~~~~
?   id?: SortOrder,
?   first_name?: SortOrder,
?   last_name?: SortOrder,
?   username?: SortOrder,
?   email?: SortOrder,
?   password?: SortOrder,
?   created_at?: SortOrder,
?   roles?: User_RoleOrderByRelationAggregateInput,
?   permissions?: User_permissionOrderByRelationAggregateInput,
?   categories?: CategoryOrderByRelationAggregateInput,
?   devices?: User_deviceOrderByRelationAggregateInput,
?   _relevance?: UserOrderByRelevanceInput
  }
}

Unknown argument `roleIds`. Did you mean `roles`? Available options are marked with ?.
[2026-01-22T11:37:49.748Z] 
Invalid `prisma.user.findMany()` invocation:

{
  select: {
    id: true,
    first_name: true,
    last_name: true,
    username: true,
    email: true,
    roles: {
      select: {
        role: {
          select: {
            name: true,
            id: true
          }
        }
      }
    }
  },
  skip: 0,
  take: 10,
  orderBy: {
    roles: "desc"
           ~~~~~~
  }
}

Argument `roles`: Invalid value provided. Expected User_RoleOrderByRelationAggregateInput, provided String.
[2026-01-22T11:37:49.801Z] 
Invalid `prisma.user.findMany()` invocation:

{
  select: {
    id: true,
    first_name: true,
    last_name: true,
    username: true,
    email: true,
    roles: {
      select: {
        role: {
          select: {
            name: true,
            id: true
          }
        }
      }
    }
  },
  skip: 0,
  take: 10,
  orderBy: {
    roleIds: "desc",
    ~~~~~~~
?   id?: SortOrder,
?   first_name?: SortOrder,
?   last_name?: SortOrder,
?   username?: SortOrder,
?   email?: SortOrder,
?   password?: SortOrder,
?   created_at?: SortOrder,
?   roles?: User_RoleOrderByRelationAggregateInput,
?   permissions?: User_permissionOrderByRelationAggregateInput,
?   categories?: CategoryOrderByRelationAggregateInput,
?   devices?: User_deviceOrderByRelationAggregateInput,
?   _relevance?: UserOrderByRelevanceInput
  }
}

Unknown argument `roleIds`. Did you mean `roles`? Available options are marked with ?.
[2026-01-22T11:37:49.813Z] 
Invalid `prisma.user.findMany()` invocation:

{
  select: {
    id: true,
    first_name: true,
    last_name: true,
    username: true,
    email: true,
    roles: {
      select: {
        role: {
          select: {
            name: true,
            id: true
          }
        }
      }
    }
  },
  skip: 0,
  take: 10,
  orderBy: {
    roles: "desc"
           ~~~~~~
  }
}

Argument `roles`: Invalid value provided. Expected User_RoleOrderByRelationAggregateInput, provided String.
[2026-01-22T11:37:49.879Z] 
Invalid `prisma.user.findMany()` invocation:

{
  select: {
    id: true,
    first_name: true,
    last_name: true,
    username: true,
    email: true,
    roles: {
      select: {
        role: {
          select: {
            name: true,
            id: true
          }
        }
      }
    }
  },
  skip: 0,
  take: 10,
  orderBy: {
    roleIds: "desc",
    ~~~~~~~
?   id?: SortOrder,
?   first_name?: SortOrder,
?   last_name?: SortOrder,
?   username?: SortOrder,
?   email?: SortOrder,
?   password?: SortOrder,
?   created_at?: SortOrder,
?   roles?: User_RoleOrderByRelationAggregateInput,
?   permissions?: User_permissionOrderByRelationAggregateInput,
?   categories?: CategoryOrderByRelationAggregateInput,
?   devices?: User_deviceOrderByRelationAggregateInput,
?   _relevance?: UserOrderByRelevanceInput
  }
}

Unknown argument `roleIds`. Did you mean `roles`? Available options are marked with ?.
[2026-01-22T11:37:49.898Z] 
Invalid `prisma.user.findMany()` invocation:

{
  select: {
    id: true,
    first_name: true,
    last_name: true,
    username: true,
    email: true,
    roles: {
      select: {
        role: {
          select: {
            name: true,
            id: true
          }
        }
      }
    }
  },
  skip: 0,
  take: 10,
  orderBy: {
    roles: "desc"
           ~~~~~~
  }
}

Argument `roles`: Invalid value provided. Expected User_RoleOrderByRelationAggregateInput, provided String.
[2026-01-22T11:37:49.963Z] 
Invalid `prisma.user.findMany()` invocation:

{
  select: {
    id: true,
    first_name: true,
    last_name: true,
    username: true,
    email: true,
    roles: {
      select: {
        role: {
          select: {
            name: true,
            id: true
          }
        }
      }
    }
  },
  skip: 0,
  take: 10,
  orderBy: {
    roleIds: "desc",
    ~~~~~~~
?   id?: SortOrder,
?   first_name?: SortOrder,
?   last_name?: SortOrder,
?   username?: SortOrder,
?   email?: SortOrder,
?   password?: SortOrder,
?   created_at?: SortOrder,
?   roles?: User_RoleOrderByRelationAggregateInput,
?   permissions?: User_permissionOrderByRelationAggregateInput,
?   categories?: CategoryOrderByRelationAggregateInput,
?   devices?: User_deviceOrderByRelationAggregateInput,
?   _relevance?: UserOrderByRelevanceInput
  }
}

Unknown argument `roleIds`. Did you mean `roles`? Available options are marked with ?.
[2026-01-22T11:37:49.975Z] 
Invalid `prisma.user.findMany()` invocation:

{
  select: {
    id: true,
    first_name: true,
    last_name: true,
    username: true,
    email: true,
    roles: {
      select: {
        role: {
          select: {
            name: true,
            id: true
          }
        }
      }
    }
  },
  skip: 0,
  take: 10,
  orderBy: {
    roles: "desc"
           ~~~~~~
  }
}

Argument `roles`: Invalid value provided. Expected User_RoleOrderByRelationAggregateInput, provided String.
[2026-01-22T11:37:50.049Z] 
Invalid `prisma.user.findMany()` invocation:

{
  select: {
    id: true,
    first_name: true,
    last_name: true,
    username: true,
    email: true,
    roles: {
      select: {
        role: {
          select: {
            name: true,
            id: true
          }
        }
      }
    }
  },
  skip: 0,
  take: 10,
  orderBy: {
    roleIds: "desc",
    ~~~~~~~
?   id?: SortOrder,
?   first_name?: SortOrder,
?   last_name?: SortOrder,
?   username?: SortOrder,
?   email?: SortOrder,
?   password?: SortOrder,
?   created_at?: SortOrder,
?   roles?: User_RoleOrderByRelationAggregateInput,
?   permissions?: User_permissionOrderByRelationAggregateInput,
?   categories?: CategoryOrderByRelationAggregateInput,
?   devices?: User_deviceOrderByRelationAggregateInput,
?   _relevance?: UserOrderByRelevanceInput
  }
}

Unknown argument `roleIds`. Did you mean `roles`? Available options are marked with ?.
[2026-01-22T11:37:50.073Z] 
Invalid `prisma.user.findMany()` invocation:

{
  select: {
    id: true,
    first_name: true,
    last_name: true,
    username: true,
    email: true,
    roles: {
      select: {
        role: {
          select: {
            name: true,
            id: true
          }
        }
      }
    }
  },
  skip: 0,
  take: 10,
  orderBy: {
    roles: "desc"
           ~~~~~~
  }
}

Argument `roles`: Invalid value provided. Expected User_RoleOrderByRelationAggregateInput, provided String.
[2026-01-22T11:37:50.117Z] 
Invalid `prisma.user.findMany()` invocation:

{
  select: {
    id: true,
    first_name: true,
    last_name: true,
    username: true,
    email: true,
    roles: {
      select: {
        role: {
          select: {
            name: true,
            id: true
          }
        }
      }
    }
  },
  skip: 0,
  take: 10,
  orderBy: {
    roleIds: "desc",
    ~~~~~~~
?   id?: SortOrder,
?   first_name?: SortOrder,
?   last_name?: SortOrder,
?   username?: SortOrder,
?   email?: SortOrder,
?   password?: SortOrder,
?   created_at?: SortOrder,
?   roles?: User_RoleOrderByRelationAggregateInput,
?   permissions?: User_permissionOrderByRelationAggregateInput,
?   categories?: CategoryOrderByRelationAggregateInput,
?   devices?: User_deviceOrderByRelationAggregateInput,
?   _relevance?: UserOrderByRelevanceInput
  }
}

Unknown argument `roleIds`. Did you mean `roles`? Available options are marked with ?.
[2026-01-22T11:37:50.130Z] 
Invalid `prisma.user.findMany()` invocation:

{
  select: {
    id: true,
    first_name: true,
    last_name: true,
    username: true,
    email: true,
    roles: {
      select: {
        role: {
          select: {
            name: true,
            id: true
          }
        }
      }
    }
  },
  skip: 0,
  take: 10,
  orderBy: {
    roles: "desc"
           ~~~~~~
  }
}

Argument `roles`: Invalid value provided. Expected User_RoleOrderByRelationAggregateInput, provided String.
[2026-01-22T11:37:50.186Z] 
Invalid `prisma.user.findMany()` invocation:

{
  select: {
    id: true,
    first_name: true,
    last_name: true,
    username: true,
    email: true,
    roles: {
      select: {
        role: {
          select: {
            name: true,
            id: true
          }
        }
      }
    }
  },
  skip: 0,
  take: 10,
  orderBy: {
    roleIds: "desc",
    ~~~~~~~
?   id?: SortOrder,
?   first_name?: SortOrder,
?   last_name?: SortOrder,
?   username?: SortOrder,
?   email?: SortOrder,
?   password?: SortOrder,
?   created_at?: SortOrder,
?   roles?: User_RoleOrderByRelationAggregateInput,
?   permissions?: User_permissionOrderByRelationAggregateInput,
?   categories?: CategoryOrderByRelationAggregateInput,
?   devices?: User_deviceOrderByRelationAggregateInput,
?   _relevance?: UserOrderByRelevanceInput
  }
}

Unknown argument `roleIds`. Did you mean `roles`? Available options are marked with ?.
[2026-01-22T11:37:50.207Z] 
Invalid `prisma.user.findMany()` invocation:

{
  select: {
    id: true,
    first_name: true,
    last_name: true,
    username: true,
    email: true,
    roles: {
      select: {
        role: {
          select: {
            name: true,
            id: true
          }
        }
      }
    }
  },
  skip: 0,
  take: 10,
  orderBy: {
    roles: "desc"
           ~~~~~~
  }
}

Argument `roles`: Invalid value provided. Expected User_RoleOrderByRelationAggregateInput, provided String.
[2026-01-22T11:37:50.271Z] 
Invalid `prisma.user.findMany()` invocation:

{
  select: {
    id: true,
    first_name: true,
    last_name: true,
    username: true,
    email: true,
    roles: {
      select: {
        role: {
          select: {
            name: true,
            id: true
          }
        }
      }
    }
  },
  skip: 0,
  take: 10,
  orderBy: {
    roleIds: "desc",
    ~~~~~~~
?   id?: SortOrder,
?   first_name?: SortOrder,
?   last_name?: SortOrder,
?   username?: SortOrder,
?   email?: SortOrder,
?   password?: SortOrder,
?   created_at?: SortOrder,
?   roles?: User_RoleOrderByRelationAggregateInput,
?   permissions?: User_permissionOrderByRelationAggregateInput,
?   categories?: CategoryOrderByRelationAggregateInput,
?   devices?: User_deviceOrderByRelationAggregateInput,
?   _relevance?: UserOrderByRelevanceInput
  }
}

Unknown argument `roleIds`. Did you mean `roles`? Available options are marked with ?.
[2026-01-22T11:37:50.287Z] 
Invalid `prisma.user.findMany()` invocation:

{
  select: {
    id: true,
    first_name: true,
    last_name: true,
    username: true,
    email: true,
    roles: {
      select: {
        role: {
          select: {
            name: true,
            id: true
          }
        }
      }
    }
  },
  skip: 0,
  take: 10,
  orderBy: {
    roles: "desc"
           ~~~~~~
  }
}

Argument `roles`: Invalid value provided. Expected User_RoleOrderByRelationAggregateInput, provided String.
[2026-01-22T11:37:50.352Z] 
Invalid `prisma.user.findMany()` invocation:

{
  select: {
    id: true,
    first_name: true,
    last_name: true,
    username: true,
    email: true,
    roles: {
      select: {
        role: {
          select: {
            name: true,
            id: true
          }
        }
      }
    }
  },
  skip: 0,
  take: 10,
  orderBy: {
    roleIds: "desc",
    ~~~~~~~
?   id?: SortOrder,
?   first_name?: SortOrder,
?   last_name?: SortOrder,
?   username?: SortOrder,
?   email?: SortOrder,
?   password?: SortOrder,
?   created_at?: SortOrder,
?   roles?: User_RoleOrderByRelationAggregateInput,
?   permissions?: User_permissionOrderByRelationAggregateInput,
?   categories?: CategoryOrderByRelationAggregateInput,
?   devices?: User_deviceOrderByRelationAggregateInput,
?   _relevance?: UserOrderByRelevanceInput
  }
}

Unknown argument `roleIds`. Did you mean `roles`? Available options are marked with ?.
[2026-01-22T11:37:50.365Z] 
Invalid `prisma.user.findMany()` invocation:

{
  select: {
    id: true,
    first_name: true,
    last_name: true,
    username: true,
    email: true,
    roles: {
      select: {
        role: {
          select: {
            name: true,
            id: true
          }
        }
      }
    }
  },
  skip: 0,
  take: 10,
  orderBy: {
    roles: "desc"
           ~~~~~~
  }
}

Argument `roles`: Invalid value provided. Expected User_RoleOrderByRelationAggregateInput, provided String.
[2026-01-22T11:37:50.449Z] 
Invalid `prisma.user.findMany()` invocation:

{
  select: {
    id: true,
    first_name: true,
    last_name: true,
    username: true,
    email: true,
    roles: {
      select: {
        role: {
          select: {
            name: true,
            id: true
          }
        }
      }
    }
  },
  skip: 0,
  take: 10,
  orderBy: {
    roleIds: "desc",
    ~~~~~~~
?   id?: SortOrder,
?   first_name?: SortOrder,
?   last_name?: SortOrder,
?   username?: SortOrder,
?   email?: SortOrder,
?   password?: SortOrder,
?   created_at?: SortOrder,
?   roles?: User_RoleOrderByRelationAggregateInput,
?   permissions?: User_permissionOrderByRelationAggregateInput,
?   categories?: CategoryOrderByRelationAggregateInput,
?   devices?: User_deviceOrderByRelationAggregateInput,
?   _relevance?: UserOrderByRelevanceInput
  }
}

Unknown argument `roleIds`. Did you mean `roles`? Available options are marked with ?.
[2026-01-22T11:37:50.471Z] 
Invalid `prisma.user.findMany()` invocation:

{
  select: {
    id: true,
    first_name: true,
    last_name: true,
    username: true,
    email: true,
    roles: {
      select: {
        role: {
          select: {
            name: true,
            id: true
          }
        }
      }
    }
  },
  skip: 0,
  take: 10,
  orderBy: {
    roles: "desc"
           ~~~~~~
  }
}

Argument `roles`: Invalid value provided. Expected User_RoleOrderByRelationAggregateInput, provided String.
[2026-01-22T11:37:50.528Z] 
Invalid `prisma.user.findMany()` invocation:

{
  select: {
    id: true,
    first_name: true,
    last_name: true,
    username: true,
    email: true,
    roles: {
      select: {
        role: {
          select: {
            name: true,
            id: true
          }
        }
      }
    }
  },
  skip: 0,
  take: 10,
  orderBy: {
    roleIds: "desc",
    ~~~~~~~
?   id?: SortOrder,
?   first_name?: SortOrder,
?   last_name?: SortOrder,
?   username?: SortOrder,
?   email?: SortOrder,
?   password?: SortOrder,
?   created_at?: SortOrder,
?   roles?: User_RoleOrderByRelationAggregateInput,
?   permissions?: User_permissionOrderByRelationAggregateInput,
?   categories?: CategoryOrderByRelationAggregateInput,
?   devices?: User_deviceOrderByRelationAggregateInput,
?   _relevance?: UserOrderByRelevanceInput
  }
}

Unknown argument `roleIds`. Did you mean `roles`? Available options are marked with ?.
[2026-01-22T11:37:50.549Z] 
Invalid `prisma.user.findMany()` invocation:

{
  select: {
    id: true,
    first_name: true,
    last_name: true,
    username: true,
    email: true,
    roles: {
      select: {
        role: {
          select: {
            name: true,
            id: true
          }
        }
      }
    }
  },
  skip: 0,
  take: 10,
  orderBy: {
    roles: "desc"
           ~~~~~~
  }
}

Argument `roles`: Invalid value provided. Expected User_RoleOrderByRelationAggregateInput, provided String.
[2026-01-22T11:37:50.604Z] 
Invalid `prisma.user.findMany()` invocation:

{
  select: {
    id: true,
    first_name: true,
    last_name: true,
    username: true,
    email: true,
    roles: {
      select: {
        role: {
          select: {
            name: true,
            id: true
          }
        }
      }
    }
  },
  skip: 0,
  take: 10,
  orderBy: {
    roleIds: "desc",
    ~~~~~~~
?   id?: SortOrder,
?   first_name?: SortOrder,
?   last_name?: SortOrder,
?   username?: SortOrder,
?   email?: SortOrder,
?   password?: SortOrder,
?   created_at?: SortOrder,
?   roles?: User_RoleOrderByRelationAggregateInput,
?   permissions?: User_permissionOrderByRelationAggregateInput,
?   categories?: CategoryOrderByRelationAggregateInput,
?   devices?: User_deviceOrderByRelationAggregateInput,
?   _relevance?: UserOrderByRelevanceInput
  }
}

Unknown argument `roleIds`. Did you mean `roles`? Available options are marked with ?.
[2026-01-22T11:37:50.615Z] 
Invalid `prisma.user.findMany()` invocation:

{
  select: {
    id: true,
    first_name: true,
    last_name: true,
    username: true,
    email: true,
    roles: {
      select: {
        role: {
          select: {
            name: true,
            id: true
          }
        }
      }
    }
  },
  skip: 0,
  take: 10,
  orderBy: {
    roles: "desc"
           ~~~~~~
  }
}

Argument `roles`: Invalid value provided. Expected User_RoleOrderByRelationAggregateInput, provided String.
[2026-01-22T11:37:50.691Z] 
Invalid `prisma.user.findMany()` invocation:

{
  select: {
    id: true,
    first_name: true,
    last_name: true,
    username: true,
    email: true,
    roles: {
      select: {
        role: {
          select: {
            name: true,
            id: true
          }
        }
      }
    }
  },
  skip: 0,
  take: 10,
  orderBy: {
    roleIds: "desc",
    ~~~~~~~
?   id?: SortOrder,
?   first_name?: SortOrder,
?   last_name?: SortOrder,
?   username?: SortOrder,
?   email?: SortOrder,
?   password?: SortOrder,
?   created_at?: SortOrder,
?   roles?: User_RoleOrderByRelationAggregateInput,
?   permissions?: User_permissionOrderByRelationAggregateInput,
?   categories?: CategoryOrderByRelationAggregateInput,
?   devices?: User_deviceOrderByRelationAggregateInput,
?   _relevance?: UserOrderByRelevanceInput
  }
}

Unknown argument `roleIds`. Did you mean `roles`? Available options are marked with ?.
[2026-01-22T11:37:50.703Z] 
Invalid `prisma.user.findMany()` invocation:

{
  select: {
    id: true,
    first_name: true,
    last_name: true,
    username: true,
    email: true,
    roles: {
      select: {
        role: {
          select: {
            name: true,
            id: true
          }
        }
      }
    }
  },
  skip: 0,
  take: 10,
  orderBy: {
    roles: "desc"
           ~~~~~~
  }
}

Argument `roles`: Invalid value provided. Expected User_RoleOrderByRelationAggregateInput, provided String.
[2026-01-22T11:37:50.766Z] 
Invalid `prisma.user.findMany()` invocation:

{
  select: {
    id: true,
    first_name: true,
    last_name: true,
    username: true,
    email: true,
    roles: {
      select: {
        role: {
          select: {
            name: true,
            id: true
          }
        }
      }
    }
  },
  skip: 0,
  take: 10,
  orderBy: {
    roleIds: "desc",
    ~~~~~~~
?   id?: SortOrder,
?   first_name?: SortOrder,
?   last_name?: SortOrder,
?   username?: SortOrder,
?   email?: SortOrder,
?   password?: SortOrder,
?   created_at?: SortOrder,
?   roles?: User_RoleOrderByRelationAggregateInput,
?   permissions?: User_permissionOrderByRelationAggregateInput,
?   categories?: CategoryOrderByRelationAggregateInput,
?   devices?: User_deviceOrderByRelationAggregateInput,
?   _relevance?: UserOrderByRelevanceInput
  }
}

Unknown argument `roleIds`. Did you mean `roles`? Available options are marked with ?.
[2026-01-22T11:37:50.782Z] 
Invalid `prisma.user.findMany()` invocation:

{
  select: {
    id: true,
    first_name: true,
    last_name: true,
    username: true,
    email: true,
    roles: {
      select: {
        role: {
          select: {
            name: true,
            id: true
          }
        }
      }
    }
  },
  skip: 0,
  take: 10,
  orderBy: {
    roles: "desc"
           ~~~~~~
  }
}

Argument `roles`: Invalid value provided. Expected User_RoleOrderByRelationAggregateInput, provided String.
[2026-01-22T11:37:50.861Z] 
Invalid `prisma.user.findMany()` invocation:

{
  select: {
    id: true,
    first_name: true,
    last_name: true,
    username: true,
    email: true,
    roles: {
      select: {
        role: {
          select: {
            name: true,
            id: true
          }
        }
      }
    }
  },
  skip: 0,
  take: 10,
  orderBy: {
    roleIds: "desc",
    ~~~~~~~
?   id?: SortOrder,
?   first_name?: SortOrder,
?   last_name?: SortOrder,
?   username?: SortOrder,
?   email?: SortOrder,
?   password?: SortOrder,
?   created_at?: SortOrder,
?   roles?: User_RoleOrderByRelationAggregateInput,
?   permissions?: User_permissionOrderByRelationAggregateInput,
?   categories?: CategoryOrderByRelationAggregateInput,
?   devices?: User_deviceOrderByRelationAggregateInput,
?   _relevance?: UserOrderByRelevanceInput
  }
}

Unknown argument `roleIds`. Did you mean `roles`? Available options are marked with ?.
[2026-01-22T11:37:50.888Z] 
Invalid `prisma.user.findMany()` invocation:

{
  select: {
    id: true,
    first_name: true,
    last_name: true,
    username: true,
    email: true,
    roles: {
      select: {
        role: {
          select: {
            name: true,
            id: true
          }
        }
      }
    }
  },
  skip: 0,
  take: 10,
  orderBy: {
    roles: "desc"
           ~~~~~~
  }
}

Argument `roles`: Invalid value provided. Expected User_RoleOrderByRelationAggregateInput, provided String.
[2026-01-22T11:37:50.950Z] 
Invalid `prisma.user.findMany()` invocation:

{
  select: {
    id: true,
    first_name: true,
    last_name: true,
    username: true,
    email: true,
    roles: {
      select: {
        role: {
          select: {
            name: true,
            id: true
          }
        }
      }
    }
  },
  skip: 0,
  take: 10,
  orderBy: {
    roleIds: "desc",
    ~~~~~~~
?   id?: SortOrder,
?   first_name?: SortOrder,
?   last_name?: SortOrder,
?   username?: SortOrder,
?   email?: SortOrder,
?   password?: SortOrder,
?   created_at?: SortOrder,
?   roles?: User_RoleOrderByRelationAggregateInput,
?   permissions?: User_permissionOrderByRelationAggregateInput,
?   categories?: CategoryOrderByRelationAggregateInput,
?   devices?: User_deviceOrderByRelationAggregateInput,
?   _relevance?: UserOrderByRelevanceInput
  }
}

Unknown argument `roleIds`. Did you mean `roles`? Available options are marked with ?.
[2026-01-22T11:37:50.963Z] 
Invalid `prisma.user.findMany()` invocation:

{
  select: {
    id: true,
    first_name: true,
    last_name: true,
    username: true,
    email: true,
    roles: {
      select: {
        role: {
          select: {
            name: true,
            id: true
          }
        }
      }
    }
  },
  skip: 0,
  take: 10,
  orderBy: {
    roles: "desc"
           ~~~~~~
  }
}

Argument `roles`: Invalid value provided. Expected User_RoleOrderByRelationAggregateInput, provided String.
[2026-01-22T11:37:51.037Z] 
Invalid `prisma.user.findMany()` invocation:

{
  select: {
    id: true,
    first_name: true,
    last_name: true,
    username: true,
    email: true,
    roles: {
      select: {
        role: {
          select: {
            name: true,
            id: true
          }
        }
      }
    }
  },
  skip: 0,
  take: 10,
  orderBy: {
    roleIds: "desc",
    ~~~~~~~
?   id?: SortOrder,
?   first_name?: SortOrder,
?   last_name?: SortOrder,
?   username?: SortOrder,
?   email?: SortOrder,
?   password?: SortOrder,
?   created_at?: SortOrder,
?   roles?: User_RoleOrderByRelationAggregateInput,
?   permissions?: User_permissionOrderByRelationAggregateInput,
?   categories?: CategoryOrderByRelationAggregateInput,
?   devices?: User_deviceOrderByRelationAggregateInput,
?   _relevance?: UserOrderByRelevanceInput
  }
}

Unknown argument `roleIds`. Did you mean `roles`? Available options are marked with ?.
[2026-01-22T11:37:51.054Z] 
Invalid `prisma.user.findMany()` invocation:

{
  select: {
    id: true,
    first_name: true,
    last_name: true,
    username: true,
    email: true,
    roles: {
      select: {
        role: {
          select: {
            name: true,
            id: true
          }
        }
      }
    }
  },
  skip: 0,
  take: 10,
  orderBy: {
    roles: "desc"
           ~~~~~~
  }
}

Argument `roles`: Invalid value provided. Expected User_RoleOrderByRelationAggregateInput, provided String.
[2026-01-22T11:37:51.169Z] 
Invalid `prisma.user.findMany()` invocation:

{
  select: {
    id: true,
    first_name: true,
    last_name: true,
    username: true,
    email: true,
    roles: {
      select: {
        role: {
          select: {
            name: true,
            id: true
          }
        }
      }
    }
  },
  skip: 0,
  take: 10,
  orderBy: {
    roleIds: "desc",
    ~~~~~~~
?   id?: SortOrder,
?   first_name?: SortOrder,
?   last_name?: SortOrder,
?   username?: SortOrder,
?   email?: SortOrder,
?   password?: SortOrder,
?   created_at?: SortOrder,
?   roles?: User_RoleOrderByRelationAggregateInput,
?   permissions?: User_permissionOrderByRelationAggregateInput,
?   categories?: CategoryOrderByRelationAggregateInput,
?   devices?: User_deviceOrderByRelationAggregateInput,
?   _relevance?: UserOrderByRelevanceInput
  }
}

Unknown argument `roleIds`. Did you mean `roles`? Available options are marked with ?.
[2026-01-22T11:37:51.192Z] 
Invalid `prisma.user.findMany()` invocation:

{
  select: {
    id: true,
    first_name: true,
    last_name: true,
    username: true,
    email: true,
    roles: {
      select: {
        role: {
          select: {
            name: true,
            id: true
          }
        }
      }
    }
  },
  skip: 0,
  take: 10,
  orderBy: {
    roles: "desc"
           ~~~~~~
  }
}

Argument `roles`: Invalid value provided. Expected User_RoleOrderByRelationAggregateInput, provided String.
[2026-01-22T11:37:51.274Z] 
Invalid `prisma.user.findMany()` invocation:

{
  select: {
    id: true,
    first_name: true,
    last_name: true,
    username: true,
    email: true,
    roles: {
      select: {
        role: {
          select: {
            name: true,
            id: true
          }
        }
      }
    }
  },
  skip: 0,
  take: 10,
  orderBy: {
    roleIds: "desc",
    ~~~~~~~
?   id?: SortOrder,
?   first_name?: SortOrder,
?   last_name?: SortOrder,
?   username?: SortOrder,
?   email?: SortOrder,
?   password?: SortOrder,
?   created_at?: SortOrder,
?   roles?: User_RoleOrderByRelationAggregateInput,
?   permissions?: User_permissionOrderByRelationAggregateInput,
?   categories?: CategoryOrderByRelationAggregateInput,
?   devices?: User_deviceOrderByRelationAggregateInput,
?   _relevance?: UserOrderByRelevanceInput
  }
}

Unknown argument `roleIds`. Did you mean `roles`? Available options are marked with ?.
[2026-01-22T11:37:51.291Z] 
Invalid `prisma.user.findMany()` invocation:

{
  select: {
    id: true,
    first_name: true,
    last_name: true,
    username: true,
    email: true,
    roles: {
      select: {
        role: {
          select: {
            name: true,
            id: true
          }
        }
      }
    }
  },
  skip: 0,
  take: 10,
  orderBy: {
    roles: "desc"
           ~~~~~~
  }
}

Argument `roles`: Invalid value provided. Expected User_RoleOrderByRelationAggregateInput, provided String.
[2026-01-22T11:37:51.345Z] 
Invalid `prisma.user.findMany()` invocation:

{
  select: {
    id: true,
    first_name: true,
    last_name: true,
    username: true,
    email: true,
    roles: {
      select: {
        role: {
          select: {
            name: true,
            id: true
          }
        }
      }
    }
  },
  skip: 0,
  take: 10,
  orderBy: {
    roleIds: "desc",
    ~~~~~~~
?   id?: SortOrder,
?   first_name?: SortOrder,
?   last_name?: SortOrder,
?   username?: SortOrder,
?   email?: SortOrder,
?   password?: SortOrder,
?   created_at?: SortOrder,
?   roles?: User_RoleOrderByRelationAggregateInput,
?   permissions?: User_permissionOrderByRelationAggregateInput,
?   categories?: CategoryOrderByRelationAggregateInput,
?   devices?: User_deviceOrderByRelationAggregateInput,
?   _relevance?: UserOrderByRelevanceInput
  }
}

Unknown argument `roleIds`. Did you mean `roles`? Available options are marked with ?.
[2026-01-22T11:37:51.360Z] 
Invalid `prisma.user.findMany()` invocation:

{
  select: {
    id: true,
    first_name: true,
    last_name: true,
    username: true,
    email: true,
    roles: {
      select: {
        role: {
          select: {
            name: true,
            id: true
          }
        }
      }
    }
  },
  skip: 0,
  take: 10,
  orderBy: {
    roles: "desc"
           ~~~~~~
  }
}

Argument `roles`: Invalid value provided. Expected User_RoleOrderByRelationAggregateInput, provided String.
[2026-01-22T11:37:51.418Z] 
Invalid `prisma.user.findMany()` invocation:

{
  select: {
    id: true,
    first_name: true,
    last_name: true,
    username: true,
    email: true,
    roles: {
      select: {
        role: {
          select: {
            name: true,
            id: true
          }
        }
      }
    }
  },
  skip: 0,
  take: 10,
  orderBy: {
    roleIds: "desc",
    ~~~~~~~
?   id?: SortOrder,
?   first_name?: SortOrder,
?   last_name?: SortOrder,
?   username?: SortOrder,
?   email?: SortOrder,
?   password?: SortOrder,
?   created_at?: SortOrder,
?   roles?: User_RoleOrderByRelationAggregateInput,
?   permissions?: User_permissionOrderByRelationAggregateInput,
?   categories?: CategoryOrderByRelationAggregateInput,
?   devices?: User_deviceOrderByRelationAggregateInput,
?   _relevance?: UserOrderByRelevanceInput
  }
}

Unknown argument `roleIds`. Did you mean `roles`? Available options are marked with ?.
[2026-01-22T11:37:51.435Z] 
Invalid `prisma.user.findMany()` invocation:

{
  select: {
    id: true,
    first_name: true,
    last_name: true,
    username: true,
    email: true,
    roles: {
      select: {
        role: {
          select: {
            name: true,
            id: true
          }
        }
      }
    }
  },
  skip: 0,
  take: 10,
  orderBy: {
    roles: "desc"
           ~~~~~~
  }
}

Argument `roles`: Invalid value provided. Expected User_RoleOrderByRelationAggregateInput, provided String.
[2026-01-22T11:37:51.504Z] 
Invalid `prisma.user.findMany()` invocation:

{
  select: {
    id: true,
    first_name: true,
    last_name: true,
    username: true,
    email: true,
    roles: {
      select: {
        role: {
          select: {
            name: true,
            id: true
          }
        }
      }
    }
  },
  skip: 0,
  take: 10,
  orderBy: {
    roleIds: "desc",
    ~~~~~~~
?   id?: SortOrder,
?   first_name?: SortOrder,
?   last_name?: SortOrder,
?   username?: SortOrder,
?   email?: SortOrder,
?   password?: SortOrder,
?   created_at?: SortOrder,
?   roles?: User_RoleOrderByRelationAggregateInput,
?   permissions?: User_permissionOrderByRelationAggregateInput,
?   categories?: CategoryOrderByRelationAggregateInput,
?   devices?: User_deviceOrderByRelationAggregateInput,
?   _relevance?: UserOrderByRelevanceInput
  }
}

Unknown argument `roleIds`. Did you mean `roles`? Available options are marked with ?.
[2026-01-22T11:37:51.516Z] 
Invalid `prisma.user.findMany()` invocation:

{
  select: {
    id: true,
    first_name: true,
    last_name: true,
    username: true,
    email: true,
    roles: {
      select: {
        role: {
          select: {
            name: true,
            id: true
          }
        }
      }
    }
  },
  skip: 0,
  take: 10,
  orderBy: {
    roles: "desc"
           ~~~~~~
  }
}

Argument `roles`: Invalid value provided. Expected User_RoleOrderByRelationAggregateInput, provided String.
[2026-01-22T11:37:51.603Z] 
Invalid `prisma.user.findMany()` invocation:

{
  select: {
    id: true,
    first_name: true,
    last_name: true,
    username: true,
    email: true,
    roles: {
      select: {
        role: {
          select: {
            name: true,
            id: true
          }
        }
      }
    }
  },
  skip: 0,
  take: 10,
  orderBy: {
    roleIds: "desc",
    ~~~~~~~
?   id?: SortOrder,
?   first_name?: SortOrder,
?   last_name?: SortOrder,
?   username?: SortOrder,
?   email?: SortOrder,
?   password?: SortOrder,
?   created_at?: SortOrder,
?   roles?: User_RoleOrderByRelationAggregateInput,
?   permissions?: User_permissionOrderByRelationAggregateInput,
?   categories?: CategoryOrderByRelationAggregateInput,
?   devices?: User_deviceOrderByRelationAggregateInput,
?   _relevance?: UserOrderByRelevanceInput
  }
}

Unknown argument `roleIds`. Did you mean `roles`? Available options are marked with ?.
[2026-01-22T11:37:51.613Z] 
Invalid `prisma.user.findMany()` invocation:

{
  select: {
    id: true,
    first_name: true,
    last_name: true,
    username: true,
    email: true,
    roles: {
      select: {
        role: {
          select: {
            name: true,
            id: true
          }
        }
      }
    }
  },
  skip: 0,
  take: 10,
  orderBy: {
    roles: "desc"
           ~~~~~~
  }
}

Argument `roles`: Invalid value provided. Expected User_RoleOrderByRelationAggregateInput, provided String.
[2026-01-22T11:37:51.681Z] 
Invalid `prisma.user.findMany()` invocation:

{
  select: {
    id: true,
    first_name: true,
    last_name: true,
    username: true,
    email: true,
    roles: {
      select: {
        role: {
          select: {
            name: true,
            id: true
          }
        }
      }
    }
  },
  skip: 0,
  take: 10,
  orderBy: {
    roleIds: "desc",
    ~~~~~~~
?   id?: SortOrder,
?   first_name?: SortOrder,
?   last_name?: SortOrder,
?   username?: SortOrder,
?   email?: SortOrder,
?   password?: SortOrder,
?   created_at?: SortOrder,
?   roles?: User_RoleOrderByRelationAggregateInput,
?   permissions?: User_permissionOrderByRelationAggregateInput,
?   categories?: CategoryOrderByRelationAggregateInput,
?   devices?: User_deviceOrderByRelationAggregateInput,
?   _relevance?: UserOrderByRelevanceInput
  }
}

Unknown argument `roleIds`. Did you mean `roles`? Available options are marked with ?.
[2026-01-22T11:37:51.700Z] 
Invalid `prisma.user.findMany()` invocation:

{
  select: {
    id: true,
    first_name: true,
    last_name: true,
    username: true,
    email: true,
    roles: {
      select: {
        role: {
          select: {
            name: true,
            id: true
          }
        }
      }
    }
  },
  skip: 0,
  take: 10,
  orderBy: {
    roles: "desc"
           ~~~~~~
  }
}

Argument `roles`: Invalid value provided. Expected User_RoleOrderByRelationAggregateInput, provided String.
[2026-01-22T11:37:51.746Z] 
Invalid `prisma.user.findMany()` invocation:

{
  select: {
    id: true,
    first_name: true,
    last_name: true,
    username: true,
    email: true,
    roles: {
      select: {
        role: {
          select: {
            name: true,
            id: true
          }
        }
      }
    }
  },
  skip: 0,
  take: 10,
  orderBy: {
    roleIds: "desc",
    ~~~~~~~
?   id?: SortOrder,
?   first_name?: SortOrder,
?   last_name?: SortOrder,
?   username?: SortOrder,
?   email?: SortOrder,
?   password?: SortOrder,
?   created_at?: SortOrder,
?   roles?: User_RoleOrderByRelationAggregateInput,
?   permissions?: User_permissionOrderByRelationAggregateInput,
?   categories?: CategoryOrderByRelationAggregateInput,
?   devices?: User_deviceOrderByRelationAggregateInput,
?   _relevance?: UserOrderByRelevanceInput
  }
}

Unknown argument `roleIds`. Did you mean `roles`? Available options are marked with ?.
[2026-01-22T11:37:51.767Z] 
Invalid `prisma.user.findMany()` invocation:

{
  select: {
    id: true,
    first_name: true,
    last_name: true,
    username: true,
    email: true,
    roles: {
      select: {
        role: {
          select: {
            name: true,
            id: true
          }
        }
      }
    }
  },
  skip: 0,
  take: 10,
  orderBy: {
    roles: "desc"
           ~~~~~~
  }
}

Argument `roles`: Invalid value provided. Expected User_RoleOrderByRelationAggregateInput, provided String.
[2026-01-22T11:37:51.825Z] 
Invalid `prisma.user.findMany()` invocation:

{
  select: {
    id: true,
    first_name: true,
    last_name: true,
    username: true,
    email: true,
    roles: {
      select: {
        role: {
          select: {
            name: true,
            id: true
          }
        }
      }
    }
  },
  skip: 0,
  take: 10,
  orderBy: {
    roleIds: "desc",
    ~~~~~~~
?   id?: SortOrder,
?   first_name?: SortOrder,
?   last_name?: SortOrder,
?   username?: SortOrder,
?   email?: SortOrder,
?   password?: SortOrder,
?   created_at?: SortOrder,
?   roles?: User_RoleOrderByRelationAggregateInput,
?   permissions?: User_permissionOrderByRelationAggregateInput,
?   categories?: CategoryOrderByRelationAggregateInput,
?   devices?: User_deviceOrderByRelationAggregateInput,
?   _relevance?: UserOrderByRelevanceInput
  }
}

Unknown argument `roleIds`. Did you mean `roles`? Available options are marked with ?.
[2026-01-22T11:37:51.837Z] 
Invalid `prisma.user.findMany()` invocation:

{
  select: {
    id: true,
    first_name: true,
    last_name: true,
    username: true,
    email: true,
    roles: {
      select: {
        role: {
          select: {
            name: true,
            id: true
          }
        }
      }
    }
  },
  skip: 0,
  take: 10,
  orderBy: {
    roles: "desc"
           ~~~~~~
  }
}

Argument `roles`: Invalid value provided. Expected User_RoleOrderByRelationAggregateInput, provided String.
[2026-01-22T11:37:51.902Z] 
Invalid `prisma.user.findMany()` invocation:

{
  select: {
    id: true,
    first_name: true,
    last_name: true,
    username: true,
    email: true,
    roles: {
      select: {
        role: {
          select: {
            name: true,
            id: true
          }
        }
      }
    }
  },
  skip: 0,
  take: 10,
  orderBy: {
    roleIds: "desc",
    ~~~~~~~
?   id?: SortOrder,
?   first_name?: SortOrder,
?   last_name?: SortOrder,
?   username?: SortOrder,
?   email?: SortOrder,
?   password?: SortOrder,
?   created_at?: SortOrder,
?   roles?: User_RoleOrderByRelationAggregateInput,
?   permissions?: User_permissionOrderByRelationAggregateInput,
?   categories?: CategoryOrderByRelationAggregateInput,
?   devices?: User_deviceOrderByRelationAggregateInput,
?   _relevance?: UserOrderByRelevanceInput
  }
}

Unknown argument `roleIds`. Did you mean `roles`? Available options are marked with ?.
[2026-01-22T11:37:51.923Z] 
Invalid `prisma.user.findMany()` invocation:

{
  select: {
    id: true,
    first_name: true,
    last_name: true,
    username: true,
    email: true,
    roles: {
      select: {
        role: {
          select: {
            name: true,
            id: true
          }
        }
      }
    }
  },
  skip: 0,
  take: 10,
  orderBy: {
    roles: "desc"
           ~~~~~~
  }
}

Argument `roles`: Invalid value provided. Expected User_RoleOrderByRelationAggregateInput, provided String.
[2026-01-22T11:37:51.993Z] 
Invalid `prisma.user.findMany()` invocation:

{
  select: {
    id: true,
    first_name: true,
    last_name: true,
    username: true,
    email: true,
    roles: {
      select: {
        role: {
          select: {
            name: true,
            id: true
          }
        }
      }
    }
  },
  skip: 0,
  take: 10,
  orderBy: {
    roleIds: "desc",
    ~~~~~~~
?   id?: SortOrder,
?   first_name?: SortOrder,
?   last_name?: SortOrder,
?   username?: SortOrder,
?   email?: SortOrder,
?   password?: SortOrder,
?   created_at?: SortOrder,
?   roles?: User_RoleOrderByRelationAggregateInput,
?   permissions?: User_permissionOrderByRelationAggregateInput,
?   categories?: CategoryOrderByRelationAggregateInput,
?   devices?: User_deviceOrderByRelationAggregateInput,
?   _relevance?: UserOrderByRelevanceInput
  }
}

Unknown argument `roleIds`. Did you mean `roles`? Available options are marked with ?.
[2026-01-22T11:37:52.007Z] 
Invalid `prisma.user.findMany()` invocation:

{
  select: {
    id: true,
    first_name: true,
    last_name: true,
    username: true,
    email: true,
    roles: {
      select: {
        role: {
          select: {
            name: true,
            id: true
          }
        }
      }
    }
  },
  skip: 0,
  take: 10,
  orderBy: {
    roles: "desc"
           ~~~~~~
  }
}

Argument `roles`: Invalid value provided. Expected User_RoleOrderByRelationAggregateInput, provided String.
[2026-01-22T11:37:52.086Z] 
Invalid `prisma.user.findMany()` invocation:

{
  select: {
    id: true,
    first_name: true,
    last_name: true,
    username: true,
    email: true,
    roles: {
      select: {
        role: {
          select: {
            name: true,
            id: true
          }
        }
      }
    }
  },
  skip: 0,
  take: 10,
  orderBy: {
    roleIds: "desc",
    ~~~~~~~
?   id?: SortOrder,
?   first_name?: SortOrder,
?   last_name?: SortOrder,
?   username?: SortOrder,
?   email?: SortOrder,
?   password?: SortOrder,
?   created_at?: SortOrder,
?   roles?: User_RoleOrderByRelationAggregateInput,
?   permissions?: User_permissionOrderByRelationAggregateInput,
?   categories?: CategoryOrderByRelationAggregateInput,
?   devices?: User_deviceOrderByRelationAggregateInput,
?   _relevance?: UserOrderByRelevanceInput
  }
}

Unknown argument `roleIds`. Did you mean `roles`? Available options are marked with ?.
[2026-01-22T11:37:52.115Z] 
Invalid `prisma.user.findMany()` invocation:

{
  select: {
    id: true,
    first_name: true,
    last_name: true,
    username: true,
    email: true,
    roles: {
      select: {
        role: {
          select: {
            name: true,
            id: true
          }
        }
      }
    }
  },
  skip: 0,
  take: 10,
  orderBy: {
    roles: "desc"
           ~~~~~~
  }
}

Argument `roles`: Invalid value provided. Expected User_RoleOrderByRelationAggregateInput, provided String.
[2026-01-22T11:37:52.197Z] 
Invalid `prisma.user.findMany()` invocation:

{
  select: {
    id: true,
    first_name: true,
    last_name: true,
    username: true,
    email: true,
    roles: {
      select: {
        role: {
          select: {
            name: true,
            id: true
          }
        }
      }
    }
  },
  skip: 0,
  take: 10,
  orderBy: {
    roleIds: "desc",
    ~~~~~~~
?   id?: SortOrder,
?   first_name?: SortOrder,
?   last_name?: SortOrder,
?   username?: SortOrder,
?   email?: SortOrder,
?   password?: SortOrder,
?   created_at?: SortOrder,
?   roles?: User_RoleOrderByRelationAggregateInput,
?   permissions?: User_permissionOrderByRelationAggregateInput,
?   categories?: CategoryOrderByRelationAggregateInput,
?   devices?: User_deviceOrderByRelationAggregateInput,
?   _relevance?: UserOrderByRelevanceInput
  }
}

Unknown argument `roleIds`. Did you mean `roles`? Available options are marked with ?.
[2026-01-22T11:37:52.225Z] 
Invalid `prisma.user.findMany()` invocation:

{
  select: {
    id: true,
    first_name: true,
    last_name: true,
    username: true,
    email: true,
    roles: {
      select: {
        role: {
          select: {
            name: true,
            id: true
          }
        }
      }
    }
  },
  skip: 0,
  take: 10,
  orderBy: {
    roles: "desc"
           ~~~~~~
  }
}

Argument `roles`: Invalid value provided. Expected User_RoleOrderByRelationAggregateInput, provided String.
[2026-01-22T11:37:52.447Z] 
Invalid `prisma.user.findMany()` invocation:

{
  select: {
    id: true,
    first_name: true,
    last_name: true,
    username: true,
    email: true,
    roles: {
      select: {
        role: {
          select: {
            name: true,
            id: true
          }
        }
      }
    }
  },
  skip: 0,
  take: 10,
  orderBy: {
    roleIds: "desc",
    ~~~~~~~
?   id?: SortOrder,
?   first_name?: SortOrder,
?   last_name?: SortOrder,
?   username?: SortOrder,
?   email?: SortOrder,
?   password?: SortOrder,
?   created_at?: SortOrder,
?   roles?: User_RoleOrderByRelationAggregateInput,
?   permissions?: User_permissionOrderByRelationAggregateInput,
?   categories?: CategoryOrderByRelationAggregateInput,
?   devices?: User_deviceOrderByRelationAggregateInput,
?   _relevance?: UserOrderByRelevanceInput
  }
}

Unknown argument `roleIds`. Did you mean `roles`? Available options are marked with ?.
[2026-01-22T11:37:52.496Z] 
Invalid `prisma.user.findMany()` invocation:

{
  select: {
    id: true,
    first_name: true,
    last_name: true,
    username: true,
    email: true,
    roles: {
      select: {
        role: {
          select: {
            name: true,
            id: true
          }
        }
      }
    }
  },
  skip: 0,
  take: 10,
  orderBy: {
    roles: "desc"
           ~~~~~~
  }
}

Argument `roles`: Invalid value provided. Expected User_RoleOrderByRelationAggregateInput, provided String.
[2026-01-22T11:37:52.522Z] 
Invalid `prisma.user.findMany()` invocation:

{
  select: {
    id: true,
    first_name: true,
    last_name: true,
    username: true,
    email: true,
    roles: {
      select: {
        role: {
          select: {
            name: true,
            id: true
          }
        }
      }
    }
  },
  skip: 0,
  take: 10,
  orderBy: {
    roleIds: "desc",
    ~~~~~~~
?   id?: SortOrder,
?   first_name?: SortOrder,
?   last_name?: SortOrder,
?   username?: SortOrder,
?   email?: SortOrder,
?   password?: SortOrder,
?   created_at?: SortOrder,
?   roles?: User_RoleOrderByRelationAggregateInput,
?   permissions?: User_permissionOrderByRelationAggregateInput,
?   categories?: CategoryOrderByRelationAggregateInput,
?   devices?: User_deviceOrderByRelationAggregateInput,
?   _relevance?: UserOrderByRelevanceInput
  }
}

Unknown argument `roleIds`. Did you mean `roles`? Available options are marked with ?.
[2026-01-22T11:37:52.581Z] 
Invalid `prisma.user.findMany()` invocation:

{
  select: {
    id: true,
    first_name: true,
    last_name: true,
    username: true,
    email: true,
    roles: {
      select: {
        role: {
          select: {
            name: true,
            id: true
          }
        }
      }
    }
  },
  skip: 0,
  take: 10,
  orderBy: {
    roles: "desc"
           ~~~~~~
  }
}

Argument `roles`: Invalid value provided. Expected User_RoleOrderByRelationAggregateInput, provided String.
[2026-01-22T11:37:52.624Z] 
Invalid `prisma.user.findMany()` invocation:

{
  select: {
    id: true,
    first_name: true,
    last_name: true,
    username: true,
    email: true,
    roles: {
      select: {
        role: {
          select: {
            name: true,
            id: true
          }
        }
      }
    }
  },
  skip: 0,
  take: 10,
  orderBy: {
    roleIds: "desc",
    ~~~~~~~
?   id?: SortOrder,
?   first_name?: SortOrder,
?   last_name?: SortOrder,
?   username?: SortOrder,
?   email?: SortOrder,
?   password?: SortOrder,
?   created_at?: SortOrder,
?   roles?: User_RoleOrderByRelationAggregateInput,
?   permissions?: User_permissionOrderByRelationAggregateInput,
?   categories?: CategoryOrderByRelationAggregateInput,
?   devices?: User_deviceOrderByRelationAggregateInput,
?   _relevance?: UserOrderByRelevanceInput
  }
}

Unknown argument `roleIds`. Did you mean `roles`? Available options are marked with ?.
[2026-01-22T11:37:52.664Z] 
Invalid `prisma.user.findMany()` invocation:

{
  select: {
    id: true,
    first_name: true,
    last_name: true,
    username: true,
    email: true,
    roles: {
      select: {
        role: {
          select: {
            name: true,
            id: true
          }
        }
      }
    }
  },
  skip: 0,
  take: 10,
  orderBy: {
    roles: "desc"
           ~~~~~~
  }
}

Argument `roles`: Invalid value provided. Expected User_RoleOrderByRelationAggregateInput, provided String.
[2026-01-22T11:37:52.723Z] 
Invalid `prisma.user.findMany()` invocation:

{
  select: {
    id: true,
    first_name: true,
    last_name: true,
    username: true,
    email: true,
    roles: {
      select: {
        role: {
          select: {
            name: true,
            id: true
          }
        }
      }
    }
  },
  skip: 0,
  take: 10,
  orderBy: {
    roleIds: "desc",
    ~~~~~~~
?   id?: SortOrder,
?   first_name?: SortOrder,
?   last_name?: SortOrder,
?   username?: SortOrder,
?   email?: SortOrder,
?   password?: SortOrder,
?   created_at?: SortOrder,
?   roles?: User_RoleOrderByRelationAggregateInput,
?   permissions?: User_permissionOrderByRelationAggregateInput,
?   categories?: CategoryOrderByRelationAggregateInput,
?   devices?: User_deviceOrderByRelationAggregateInput,
?   _relevance?: UserOrderByRelevanceInput
  }
}

Unknown argument `roleIds`. Did you mean `roles`? Available options are marked with ?.
[2026-01-22T11:37:52.727Z] 
Invalid `prisma.user.findMany()` invocation:

{
  select: {
    id: true,
    first_name: true,
    last_name: true,
    username: true,
    email: true,
    roles: {
      select: {
        role: {
          select: {
            name: true,
            id: true
          }
        }
      }
    }
  },
  skip: 0,
  take: 10,
  orderBy: {
    roles: "desc"
           ~~~~~~
  }
}

Argument `roles`: Invalid value provided. Expected User_RoleOrderByRelationAggregateInput, provided String.
[2026-01-22T11:37:52.779Z] 
Invalid `prisma.user.findMany()` invocation:

{
  select: {
    id: true,
    first_name: true,
    last_name: true,
    username: true,
    email: true,
    roles: {
      select: {
        role: {
          select: {
            name: true,
            id: true
          }
        }
      }
    }
  },
  skip: 0,
  take: 10,
  orderBy: {
    roleIds: "desc",
    ~~~~~~~
?   id?: SortOrder,
?   first_name?: SortOrder,
?   last_name?: SortOrder,
?   username?: SortOrder,
?   email?: SortOrder,
?   password?: SortOrder,
?   created_at?: SortOrder,
?   roles?: User_RoleOrderByRelationAggregateInput,
?   permissions?: User_permissionOrderByRelationAggregateInput,
?   categories?: CategoryOrderByRelationAggregateInput,
?   devices?: User_deviceOrderByRelationAggregateInput,
?   _relevance?: UserOrderByRelevanceInput
  }
}

Unknown argument `roleIds`. Did you mean `roles`? Available options are marked with ?.
[2026-01-22T11:37:52.808Z] 
Invalid `prisma.user.findMany()` invocation:

{
  select: {
    id: true,
    first_name: true,
    last_name: true,
    username: true,
    email: true,
    roles: {
      select: {
        role: {
          select: {
            name: true,
            id: true
          }
        }
      }
    }
  },
  skip: 0,
  take: 10,
  orderBy: {
    roles: "desc"
           ~~~~~~
  }
}

Argument `roles`: Invalid value provided. Expected User_RoleOrderByRelationAggregateInput, provided String.
[2026-01-22T11:46:25.029Z] 
Invalid `prisma.user.findMany()` invocation:

{
  select: {
    id: true,
    first_name: true,
    last_name: true,
    username: true,
    email: true,
    roles: {
      select: {
        role: {
          select: {
            name: true,
            id: true
          }
        }
      }
    }
  },
  skip: 0,
  take: 10,
  orderBy: {
    roles: "desc"
           ~~~~~~
  }
}

Argument `roles`: Invalid value provided. Expected User_RoleOrderByRelationAggregateInput, provided String.
[2026-01-22T11:46:25.098Z] 
Invalid `prisma.user.findMany()` invocation:

{
  select: {
    id: true,
    first_name: true,
    last_name: true,
    username: true,
    email: true,
    roles: {
      select: {
        role: {
          select: {
            name: true,
            id: true
          }
        }
      }
    }
  },
  skip: 0,
  take: 10,
  orderBy: {
    roles: "desc"
           ~~~~~~
  }
}

Argument `roles`: Invalid value provided. Expected User_RoleOrderByRelationAggregateInput, provided String.
[2026-01-22T11:46:25.247Z] 
Invalid `prisma.user.findMany()` invocation:

{
  select: {
    id: true,
    first_name: true,
    last_name: true,
    username: true,
    email: true,
    roles: {
      select: {
        role: {
          select: {
            name: true,
            id: true
          }
        }
      }
    }
  },
  skip: 0,
  take: 10,
  orderBy: {
    roles: "desc"
           ~~~~~~
  }
}

Argument `roles`: Invalid value provided. Expected User_RoleOrderByRelationAggregateInput, provided String.
[2026-01-22T11:46:25.328Z] 
Invalid `prisma.user.findMany()` invocation:

{
  select: {
    id: true,
    first_name: true,
    last_name: true,
    username: true,
    email: true,
    roles: {
      select: {
        role: {
          select: {
            name: true,
            id: true
          }
        }
      }
    }
  },
  skip: 0,
  take: 10,
  orderBy: {
    roles: "desc"
           ~~~~~~
  }
}

Argument `roles`: Invalid value provided. Expected User_RoleOrderByRelationAggregateInput, provided String.
[2026-01-22T11:46:25.426Z] 
Invalid `prisma.user.findMany()` invocation:

{
  select: {
    id: true,
    first_name: true,
    last_name: true,
    username: true,
    email: true,
    roles: {
      select: {
        role: {
          select: {
            name: true,
            id: true
          }
        }
      }
    }
  },
  skip: 0,
  take: 10,
  orderBy: {
    roles: "desc"
           ~~~~~~
  }
}

Argument `roles`: Invalid value provided. Expected User_RoleOrderByRelationAggregateInput, provided String.
[2026-01-22T11:46:25.498Z] 
Invalid `prisma.user.findMany()` invocation:

{
  select: {
    id: true,
    first_name: true,
    last_name: true,
    username: true,
    email: true,
    roles: {
      select: {
        role: {
          select: {
            name: true,
            id: true
          }
        }
      }
    }
  },
  skip: 0,
  take: 10,
  orderBy: {
    roles: "desc"
           ~~~~~~
  }
}

Argument `roles`: Invalid value provided. Expected User_RoleOrderByRelationAggregateInput, provided String.
[2026-01-22T11:46:25.556Z] 
Invalid `prisma.user.findMany()` invocation:

{
  select: {
    id: true,
    first_name: true,
    last_name: true,
    username: true,
    email: true,
    roles: {
      select: {
        role: {
          select: {
            name: true,
            id: true
          }
        }
      }
    }
  },
  skip: 0,
  take: 10,
  orderBy: {
    roles: "desc"
           ~~~~~~
  }
}

Argument `roles`: Invalid value provided. Expected User_RoleOrderByRelationAggregateInput, provided String.
[2026-01-22T11:46:25.639Z] 
Invalid `prisma.user.findMany()` invocation:

{
  select: {
    id: true,
    first_name: true,
    last_name: true,
    username: true,
    email: true,
    roles: {
      select: {
        role: {
          select: {
            name: true,
            id: true
          }
        }
      }
    }
  },
  skip: 0,
  take: 10,
  orderBy: {
    roles: "desc"
           ~~~~~~
  }
}

Argument `roles`: Invalid value provided. Expected User_RoleOrderByRelationAggregateInput, provided String.
[2026-01-22T11:46:25.761Z] 
Invalid `prisma.user.findMany()` invocation:

{
  select: {
    id: true,
    first_name: true,
    last_name: true,
    username: true,
    email: true,
    roles: {
      select: {
        role: {
          select: {
            name: true,
            id: true
          }
        }
      }
    }
  },
  skip: 0,
  take: 10,
  orderBy: {
    roles: "desc"
           ~~~~~~
  }
}

Argument `roles`: Invalid value provided. Expected User_RoleOrderByRelationAggregateInput, provided String.
[2026-01-22T11:46:25.809Z] 
Invalid `prisma.user.findMany()` invocation:

{
  select: {
    id: true,
    first_name: true,
    last_name: true,
    username: true,
    email: true,
    roles: {
      select: {
        role: {
          select: {
            name: true,
            id: true
          }
        }
      }
    }
  },
  skip: 0,
  take: 10,
  orderBy: {
    roles: "desc"
           ~~~~~~
  }
}

Argument `roles`: Invalid value provided. Expected User_RoleOrderByRelationAggregateInput, provided String.
[2026-01-22T11:46:25.891Z] 
Invalid `prisma.user.findMany()` invocation:

{
  select: {
    id: true,
    first_name: true,
    last_name: true,
    username: true,
    email: true,
    roles: {
      select: {
        role: {
          select: {
            name: true,
            id: true
          }
        }
      }
    }
  },
  skip: 0,
  take: 10,
  orderBy: {
    roles: "desc"
           ~~~~~~
  }
}

Argument `roles`: Invalid value provided. Expected User_RoleOrderByRelationAggregateInput, provided String.
[2026-01-22T11:46:25.960Z] 
Invalid `prisma.user.findMany()` invocation:

{
  select: {
    id: true,
    first_name: true,
    last_name: true,
    username: true,
    email: true,
    roles: {
      select: {
        role: {
          select: {
            name: true,
            id: true
          }
        }
      }
    }
  },
  skip: 0,
  take: 10,
  orderBy: {
    roles: "desc"
           ~~~~~~
  }
}

Argument `roles`: Invalid value provided. Expected User_RoleOrderByRelationAggregateInput, provided String.
[2026-01-22T11:46:26.048Z] 
Invalid `prisma.user.findMany()` invocation:

{
  select: {
    id: true,
    first_name: true,
    last_name: true,
    username: true,
    email: true,
    roles: {
      select: {
        role: {
          select: {
            name: true,
            id: true
          }
        }
      }
    }
  },
  skip: 0,
  take: 10,
  orderBy: {
    roles: "desc"
           ~~~~~~
  }
}

Argument `roles`: Invalid value provided. Expected User_RoleOrderByRelationAggregateInput, provided String.
[2026-01-22T11:46:26.110Z] 
Invalid `prisma.user.findMany()` invocation:

{
  select: {
    id: true,
    first_name: true,
    last_name: true,
    username: true,
    email: true,
    roles: {
      select: {
        role: {
          select: {
            name: true,
            id: true
          }
        }
      }
    }
  },
  skip: 0,
  take: 10,
  orderBy: {
    roles: "desc"
           ~~~~~~
  }
}

Argument `roles`: Invalid value provided. Expected User_RoleOrderByRelationAggregateInput, provided String.
[2026-01-22T11:46:26.194Z] 
Invalid `prisma.user.findMany()` invocation:

{
  select: {
    id: true,
    first_name: true,
    last_name: true,
    username: true,
    email: true,
    roles: {
      select: {
        role: {
          select: {
            name: true,
            id: true
          }
        }
      }
    }
  },
  skip: 0,
  take: 10,
  orderBy: {
    roles: "desc"
           ~~~~~~
  }
}

Argument `roles`: Invalid value provided. Expected User_RoleOrderByRelationAggregateInput, provided String.
[2026-01-22T11:46:26.261Z] 
Invalid `prisma.user.findMany()` invocation:

{
  select: {
    id: true,
    first_name: true,
    last_name: true,
    username: true,
    email: true,
    roles: {
      select: {
        role: {
          select: {
            name: true,
            id: true
          }
        }
      }
    }
  },
  skip: 0,
  take: 10,
  orderBy: {
    roles: "desc"
           ~~~~~~
  }
}

Argument `roles`: Invalid value provided. Expected User_RoleOrderByRelationAggregateInput, provided String.
[2026-01-22T11:46:26.319Z] 
Invalid `prisma.user.findMany()` invocation:

{
  select: {
    id: true,
    first_name: true,
    last_name: true,
    username: true,
    email: true,
    roles: {
      select: {
        role: {
          select: {
            name: true,
            id: true
          }
        }
      }
    }
  },
  skip: 0,
  take: 10,
  orderBy: {
    roles: "desc"
           ~~~~~~
  }
}

Argument `roles`: Invalid value provided. Expected User_RoleOrderByRelationAggregateInput, provided String.
[2026-01-22T11:46:26.371Z] 
Invalid `prisma.user.findMany()` invocation:

{
  select: {
    id: true,
    first_name: true,
    last_name: true,
    username: true,
    email: true,
    roles: {
      select: {
        role: {
          select: {
            name: true,
            id: true
          }
        }
      }
    }
  },
  skip: 0,
  take: 10,
  orderBy: {
    roles: "desc"
           ~~~~~~
  }
}

Argument `roles`: Invalid value provided. Expected User_RoleOrderByRelationAggregateInput, provided String.
[2026-01-22T11:46:26.455Z] 
Invalid `prisma.user.findMany()` invocation:

{
  select: {
    id: true,
    first_name: true,
    last_name: true,
    username: true,
    email: true,
    roles: {
      select: {
        role: {
          select: {
            name: true,
            id: true
          }
        }
      }
    }
  },
  skip: 0,
  take: 10,
  orderBy: {
    roles: "desc"
           ~~~~~~
  }
}

Argument `roles`: Invalid value provided. Expected User_RoleOrderByRelationAggregateInput, provided String.
[2026-01-22T11:46:26.506Z] 
Invalid `prisma.user.findMany()` invocation:

{
  select: {
    id: true,
    first_name: true,
    last_name: true,
    username: true,
    email: true,
    roles: {
      select: {
        role: {
          select: {
            name: true,
            id: true
          }
        }
      }
    }
  },
  skip: 0,
  take: 10,
  orderBy: {
    roles: "desc"
           ~~~~~~
  }
}

Argument `roles`: Invalid value provided. Expected User_RoleOrderByRelationAggregateInput, provided String.
[2026-01-22T11:46:26.557Z] 
Invalid `prisma.user.findMany()` invocation:

{
  select: {
    id: true,
    first_name: true,
    last_name: true,
    username: true,
    email: true,
    roles: {
      select: {
        role: {
          select: {
            name: true,
            id: true
          }
        }
      }
    }
  },
  skip: 0,
  take: 10,
  orderBy: {
    roles: "desc"
           ~~~~~~
  }
}

Argument `roles`: Invalid value provided. Expected User_RoleOrderByRelationAggregateInput, provided String.
[2026-01-22T11:46:26.610Z] 
Invalid `prisma.user.findMany()` invocation:

{
  select: {
    id: true,
    first_name: true,
    last_name: true,
    username: true,
    email: true,
    roles: {
      select: {
        role: {
          select: {
            name: true,
            id: true
          }
        }
      }
    }
  },
  skip: 0,
  take: 10,
  orderBy: {
    roles: "desc"
           ~~~~~~
  }
}

Argument `roles`: Invalid value provided. Expected User_RoleOrderByRelationAggregateInput, provided String.
[2026-01-22T11:46:26.662Z] 
Invalid `prisma.user.findMany()` invocation:

{
  select: {
    id: true,
    first_name: true,
    last_name: true,
    username: true,
    email: true,
    roles: {
      select: {
        role: {
          select: {
            name: true,
            id: true
          }
        }
      }
    }
  },
  skip: 0,
  take: 10,
  orderBy: {
    roles: "desc"
           ~~~~~~
  }
}

Argument `roles`: Invalid value provided. Expected User_RoleOrderByRelationAggregateInput, provided String.
[2026-01-22T11:46:26.726Z] 
Invalid `prisma.user.findMany()` invocation:

{
  select: {
    id: true,
    first_name: true,
    last_name: true,
    username: true,
    email: true,
    roles: {
      select: {
        role: {
          select: {
            name: true,
            id: true
          }
        }
      }
    }
  },
  skip: 0,
  take: 10,
  orderBy: {
    roles: "desc"
           ~~~~~~
  }
}

Argument `roles`: Invalid value provided. Expected User_RoleOrderByRelationAggregateInput, provided String.
[2026-01-22T11:46:26.775Z] 
Invalid `prisma.user.findMany()` invocation:

{
  select: {
    id: true,
    first_name: true,
    last_name: true,
    username: true,
    email: true,
    roles: {
      select: {
        role: {
          select: {
            name: true,
            id: true
          }
        }
      }
    }
  },
  skip: 0,
  take: 10,
  orderBy: {
    roles: "desc"
           ~~~~~~
  }
}

Argument `roles`: Invalid value provided. Expected User_RoleOrderByRelationAggregateInput, provided String.
[2026-01-22T11:46:26.829Z] 
Invalid `prisma.user.findMany()` invocation:

{
  select: {
    id: true,
    first_name: true,
    last_name: true,
    username: true,
    email: true,
    roles: {
      select: {
        role: {
          select: {
            name: true,
            id: true
          }
        }
      }
    }
  },
  skip: 0,
  take: 10,
  orderBy: {
    roles: "desc"
           ~~~~~~
  }
}

Argument `roles`: Invalid value provided. Expected User_RoleOrderByRelationAggregateInput, provided String.
[2026-01-22T11:46:26.885Z] 
Invalid `prisma.user.findMany()` invocation:

{
  select: {
    id: true,
    first_name: true,
    last_name: true,
    username: true,
    email: true,
    roles: {
      select: {
        role: {
          select: {
            name: true,
            id: true
          }
        }
      }
    }
  },
  skip: 0,
  take: 10,
  orderBy: {
    roles: "desc"
           ~~~~~~
  }
}

Argument `roles`: Invalid value provided. Expected User_RoleOrderByRelationAggregateInput, provided String.
[2026-01-22T11:46:26.937Z] 
Invalid `prisma.user.findMany()` invocation:

{
  select: {
    id: true,
    first_name: true,
    last_name: true,
    username: true,
    email: true,
    roles: {
      select: {
        role: {
          select: {
            name: true,
            id: true
          }
        }
      }
    }
  },
  skip: 0,
  take: 10,
  orderBy: {
    roles: "desc"
           ~~~~~~
  }
}

Argument `roles`: Invalid value provided. Expected User_RoleOrderByRelationAggregateInput, provided String.
[2026-01-22T11:46:26.988Z] 
Invalid `prisma.user.findMany()` invocation:

{
  select: {
    id: true,
    first_name: true,
    last_name: true,
    username: true,
    email: true,
    roles: {
      select: {
        role: {
          select: {
            name: true,
            id: true
          }
        }
      }
    }
  },
  skip: 0,
  take: 10,
  orderBy: {
    roles: "desc"
           ~~~~~~
  }
}

Argument `roles`: Invalid value provided. Expected User_RoleOrderByRelationAggregateInput, provided String.
[2026-01-22T11:46:27.051Z] 
Invalid `prisma.user.findMany()` invocation:

{
  select: {
    id: true,
    first_name: true,
    last_name: true,
    username: true,
    email: true,
    roles: {
      select: {
        role: {
          select: {
            name: true,
            id: true
          }
        }
      }
    }
  },
  skip: 0,
  take: 10,
  orderBy: {
    roles: "desc"
           ~~~~~~
  }
}

Argument `roles`: Invalid value provided. Expected User_RoleOrderByRelationAggregateInput, provided String.
[2026-01-22T11:46:27.102Z] 
Invalid `prisma.user.findMany()` invocation:

{
  select: {
    id: true,
    first_name: true,
    last_name: true,
    username: true,
    email: true,
    roles: {
      select: {
        role: {
          select: {
            name: true,
            id: true
          }
        }
      }
    }
  },
  skip: 0,
  take: 10,
  orderBy: {
    roles: "desc"
           ~~~~~~
  }
}

Argument `roles`: Invalid value provided. Expected User_RoleOrderByRelationAggregateInput, provided String.
[2026-01-22T11:46:27.152Z] 
Invalid `prisma.user.findMany()` invocation:

{
  select: {
    id: true,
    first_name: true,
    last_name: true,
    username: true,
    email: true,
    roles: {
      select: {
        role: {
          select: {
            name: true,
            id: true
          }
        }
      }
    }
  },
  skip: 0,
  take: 10,
  orderBy: {
    roles: "desc"
           ~~~~~~
  }
}

Argument `roles`: Invalid value provided. Expected User_RoleOrderByRelationAggregateInput, provided String.
[2026-01-22T11:46:27.204Z] 
Invalid `prisma.user.findMany()` invocation:

{
  select: {
    id: true,
    first_name: true,
    last_name: true,
    username: true,
    email: true,
    roles: {
      select: {
        role: {
          select: {
            name: true,
            id: true
          }
        }
      }
    }
  },
  skip: 0,
  take: 10,
  orderBy: {
    roles: "desc"
           ~~~~~~
  }
}

Argument `roles`: Invalid value provided. Expected User_RoleOrderByRelationAggregateInput, provided String.
[2026-01-22T11:46:27.248Z] 
Invalid `prisma.user.findMany()` invocation:

{
  select: {
    id: true,
    first_name: true,
    last_name: true,
    username: true,
    email: true,
    roles: {
      select: {
        role: {
          select: {
            name: true,
            id: true
          }
        }
      }
    }
  },
  skip: 0,
  take: 10,
  orderBy: {
    roles: "desc"
           ~~~~~~
  }
}

Argument `roles`: Invalid value provided. Expected User_RoleOrderByRelationAggregateInput, provided String.
[2026-01-22T11:46:27.304Z] 
Invalid `prisma.user.findMany()` invocation:

{
  select: {
    id: true,
    first_name: true,
    last_name: true,
    username: true,
    email: true,
    roles: {
      select: {
        role: {
          select: {
            name: true,
            id: true
          }
        }
      }
    }
  },
  skip: 0,
  take: 10,
  orderBy: {
    roles: "desc"
           ~~~~~~
  }
}

Argument `roles`: Invalid value provided. Expected User_RoleOrderByRelationAggregateInput, provided String.
[2026-01-22T11:46:27.347Z] 
Invalid `prisma.user.findMany()` invocation:

{
  select: {
    id: true,
    first_name: true,
    last_name: true,
    username: true,
    email: true,
    roles: {
      select: {
        role: {
          select: {
            name: true,
            id: true
          }
        }
      }
    }
  },
  skip: 0,
  take: 10,
  orderBy: {
    roles: "desc"
           ~~~~~~
  }
}

Argument `roles`: Invalid value provided. Expected User_RoleOrderByRelationAggregateInput, provided String.
[2026-01-22T11:46:27.396Z] 
Invalid `prisma.user.findMany()` invocation:

{
  select: {
    id: true,
    first_name: true,
    last_name: true,
    username: true,
    email: true,
    roles: {
      select: {
        role: {
          select: {
            name: true,
            id: true
          }
        }
      }
    }
  },
  skip: 0,
  take: 10,
  orderBy: {
    roles: "desc"
           ~~~~~~
  }
}

Argument `roles`: Invalid value provided. Expected User_RoleOrderByRelationAggregateInput, provided String.
[2026-01-22T11:46:27.453Z] 
Invalid `prisma.user.findMany()` invocation:

{
  select: {
    id: true,
    first_name: true,
    last_name: true,
    username: true,
    email: true,
    roles: {
      select: {
        role: {
          select: {
            name: true,
            id: true
          }
        }
      }
    }
  },
  skip: 0,
  take: 10,
  orderBy: {
    roles: "desc"
           ~~~~~~
  }
}

Argument `roles`: Invalid value provided. Expected User_RoleOrderByRelationAggregateInput, provided String.
[2026-01-22T11:46:27.503Z] 
Invalid `prisma.user.findMany()` invocation:

{
  select: {
    id: true,
    first_name: true,
    last_name: true,
    username: true,
    email: true,
    roles: {
      select: {
        role: {
          select: {
            name: true,
            id: true
          }
        }
      }
    }
  },
  skip: 0,
  take: 10,
  orderBy: {
    roles: "desc"
           ~~~~~~
  }
}

Argument `roles`: Invalid value provided. Expected User_RoleOrderByRelationAggregateInput, provided String.
[2026-01-22T11:46:27.552Z] 
Invalid `prisma.user.findMany()` invocation:

{
  select: {
    id: true,
    first_name: true,
    last_name: true,
    username: true,
    email: true,
    roles: {
      select: {
        role: {
          select: {
            name: true,
            id: true
          }
        }
      }
    }
  },
  skip: 0,
  take: 10,
  orderBy: {
    roles: "desc"
           ~~~~~~
  }
}

Argument `roles`: Invalid value provided. Expected User_RoleOrderByRelationAggregateInput, provided String.
[2026-01-22T11:46:27.602Z] 
Invalid `prisma.user.findMany()` invocation:

{
  select: {
    id: true,
    first_name: true,
    last_name: true,
    username: true,
    email: true,
    roles: {
      select: {
        role: {
          select: {
            name: true,
            id: true
          }
        }
      }
    }
  },
  skip: 0,
  take: 10,
  orderBy: {
    roles: "desc"
           ~~~~~~
  }
}

Argument `roles`: Invalid value provided. Expected User_RoleOrderByRelationAggregateInput, provided String.
[2026-01-22T11:46:27.649Z] 
Invalid `prisma.user.findMany()` invocation:

{
  select: {
    id: true,
    first_name: true,
    last_name: true,
    username: true,
    email: true,
    roles: {
      select: {
        role: {
          select: {
            name: true,
            id: true
          }
        }
      }
    }
  },
  skip: 0,
  take: 10,
  orderBy: {
    roles: "desc"
           ~~~~~~
  }
}

Argument `roles`: Invalid value provided. Expected User_RoleOrderByRelationAggregateInput, provided String.
[2026-01-22T11:46:27.696Z] 
Invalid `prisma.user.findMany()` invocation:

{
  select: {
    id: true,
    first_name: true,
    last_name: true,
    username: true,
    email: true,
    roles: {
      select: {
        role: {
          select: {
            name: true,
            id: true
          }
        }
      }
    }
  },
  skip: 0,
  take: 10,
  orderBy: {
    roles: "desc"
           ~~~~~~
  }
}

Argument `roles`: Invalid value provided. Expected User_RoleOrderByRelationAggregateInput, provided String.
[2026-01-22T11:46:27.747Z] 
Invalid `prisma.user.findMany()` invocation:

{
  select: {
    id: true,
    first_name: true,
    last_name: true,
    username: true,
    email: true,
    roles: {
      select: {
        role: {
          select: {
            name: true,
            id: true
          }
        }
      }
    }
  },
  skip: 0,
  take: 10,
  orderBy: {
    roles: "desc"
           ~~~~~~
  }
}

Argument `roles`: Invalid value provided. Expected User_RoleOrderByRelationAggregateInput, provided String.
[2026-01-22T11:46:27.791Z] 
Invalid `prisma.user.findMany()` invocation:

{
  select: {
    id: true,
    first_name: true,
    last_name: true,
    username: true,
    email: true,
    roles: {
      select: {
        role: {
          select: {
            name: true,
            id: true
          }
        }
      }
    }
  },
  skip: 0,
  take: 10,
  orderBy: {
    roles: "desc"
           ~~~~~~
  }
}

Argument `roles`: Invalid value provided. Expected User_RoleOrderByRelationAggregateInput, provided String.
[2026-01-22T11:46:27.843Z] 
Invalid `prisma.user.findMany()` invocation:

{
  select: {
    id: true,
    first_name: true,
    last_name: true,
    username: true,
    email: true,
    roles: {
      select: {
        role: {
          select: {
            name: true,
            id: true
          }
        }
      }
    }
  },
  skip: 0,
  take: 10,
  orderBy: {
    roles: "desc"
           ~~~~~~
  }
}

Argument `roles`: Invalid value provided. Expected User_RoleOrderByRelationAggregateInput, provided String.
[2026-01-22T11:46:27.880Z] 
Invalid `prisma.user.findMany()` invocation:

{
  select: {
    id: true,
    first_name: true,
    last_name: true,
    username: true,
    email: true,
    roles: {
      select: {
        role: {
          select: {
            name: true,
            id: true
          }
        }
      }
    }
  },
  skip: 0,
  take: 10,
  orderBy: {
    roles: "desc"
           ~~~~~~
  }
}

Argument `roles`: Invalid value provided. Expected User_RoleOrderByRelationAggregateInput, provided String.
[2026-01-22T11:46:27.925Z] 
Invalid `prisma.user.findMany()` invocation:

{
  select: {
    id: true,
    first_name: true,
    last_name: true,
    username: true,
    email: true,
    roles: {
      select: {
        role: {
          select: {
            name: true,
            id: true
          }
        }
      }
    }
  },
  skip: 0,
  take: 10,
  orderBy: {
    roles: "desc"
           ~~~~~~
  }
}

Argument `roles`: Invalid value provided. Expected User_RoleOrderByRelationAggregateInput, provided String.
[2026-01-22T11:46:28.000Z] 
Invalid `prisma.user.findMany()` invocation:

{
  select: {
    id: true,
    first_name: true,
    last_name: true,
    username: true,
    email: true,
    roles: {
      select: {
        role: {
          select: {
            name: true,
            id: true
          }
        }
      }
    }
  },
  skip: 0,
  take: 10,
  orderBy: {
    roles: "desc"
           ~~~~~~
  }
}

Argument `roles`: Invalid value provided. Expected User_RoleOrderByRelationAggregateInput, provided String.
[2026-01-22T11:46:28.043Z] 
Invalid `prisma.user.findMany()` invocation:

{
  select: {
    id: true,
    first_name: true,
    last_name: true,
    username: true,
    email: true,
    roles: {
      select: {
        role: {
          select: {
            name: true,
            id: true
          }
        }
      }
    }
  },
  skip: 0,
  take: 10,
  orderBy: {
    roles: "desc"
           ~~~~~~
  }
}

Argument `roles`: Invalid value provided. Expected User_RoleOrderByRelationAggregateInput, provided String.
[2026-01-22T11:46:28.149Z] 
Invalid `prisma.user.findMany()` invocation:

{
  select: {
    id: true,
    first_name: true,
    last_name: true,
    username: true,
    email: true,
    roles: {
      select: {
        role: {
          select: {
            name: true,
            id: true
          }
        }
      }
    }
  },
  skip: 0,
  take: 10,
  orderBy: {
    roles: "desc"
           ~~~~~~
  }
}

Argument `roles`: Invalid value provided. Expected User_RoleOrderByRelationAggregateInput, provided String.
[2026-01-22T11:46:28.303Z] 
Invalid `prisma.user.findMany()` invocation:

{
  select: {
    id: true,
    first_name: true,
    last_name: true,
    username: true,
    email: true,
    roles: {
      select: {
        role: {
          select: {
            name: true,
            id: true
          }
        }
      }
    }
  },
  skip: 0,
  take: 10,
  orderBy: {
    roles: "desc"
           ~~~~~~
  }
}

Argument `roles`: Invalid value provided. Expected User_RoleOrderByRelationAggregateInput, provided String.
[2026-01-22T11:46:28.469Z] 
Invalid `prisma.user.findMany()` invocation:

{
  select: {
    id: true,
    first_name: true,
    last_name: true,
    username: true,
    email: true,
    roles: {
      select: {
        role: {
          select: {
            name: true,
            id: true
          }
        }
      }
    }
  },
  skip: 0,
  take: 10,
  orderBy: {
    roles: "desc"
           ~~~~~~
  }
}

Argument `roles`: Invalid value provided. Expected User_RoleOrderByRelationAggregateInput, provided String.
[2026-01-22T11:46:28.921Z] 
Invalid `prisma.user.findMany()` invocation:

{
  select: {
    id: true,
    first_name: true,
    last_name: true,
    username: true,
    email: true,
    roles: {
      select: {
        role: {
          select: {
            name: true,
            id: true
          }
        }
      }
    }
  },
  skip: 0,
  take: 10,
  orderBy: {
    roles: "desc"
           ~~~~~~
  }
}

Argument `roles`: Invalid value provided. Expected User_RoleOrderByRelationAggregateInput, provided String.
[2026-01-22T11:46:29.408Z] 
Invalid `prisma.user.findMany()` invocation:

{
  select: {
    id: true,
    first_name: true,
    last_name: true,
    username: true,
    email: true,
    roles: {
      select: {
        role: {
          select: {
            name: true,
            id: true
          }
        }
      }
    }
  },
  skip: 0,
  take: 10,
  orderBy: {
    roles: "desc"
           ~~~~~~
  }
}

Argument `roles`: Invalid value provided. Expected User_RoleOrderByRelationAggregateInput, provided String.
[2026-01-22T11:46:29.517Z] 
Invalid `prisma.user.findMany()` invocation:

{
  select: {
    id: true,
    first_name: true,
    last_name: true,
    username: true,
    email: true,
    roles: {
      select: {
        role: {
          select: {
            name: true,
            id: true
          }
        }
      }
    }
  },
  skip: 0,
  take: 10,
  orderBy: {
    roles: "desc"
           ~~~~~~
  }
}

Argument `roles`: Invalid value provided. Expected User_RoleOrderByRelationAggregateInput, provided String.
[2026-01-22T11:46:29.525Z] 
Invalid `prisma.user.findMany()` invocation:

{
  select: {
    id: true,
    first_name: true,
    last_name: true,
    username: true,
    email: true,
    roles: {
      select: {
        role: {
          select: {
            name: true,
            id: true
          }
        }
      }
    }
  },
  skip: 0,
  take: 10,
  orderBy: {
    roles: "desc"
           ~~~~~~
  }
}

Argument `roles`: Invalid value provided. Expected User_RoleOrderByRelationAggregateInput, provided String.
[2026-01-22T11:46:29.534Z] 
Invalid `prisma.user.findMany()` invocation:

{
  select: {
    id: true,
    first_name: true,
    last_name: true,
    username: true,
    email: true,
    roles: {
      select: {
        role: {
          select: {
            name: true,
            id: true
          }
        }
      }
    }
  },
  skip: 0,
  take: 10,
  orderBy: {
    roles: "desc"
           ~~~~~~
  }
}

Argument `roles`: Invalid value provided. Expected User_RoleOrderByRelationAggregateInput, provided String.
[2026-01-22T11:46:29.590Z] 
Invalid `prisma.user.findMany()` invocation:

{
  select: {
    id: true,
    first_name: true,
    last_name: true,
    username: true,
    email: true,
    roles: {
      select: {
        role: {
          select: {
            name: true,
            id: true
          }
        }
      }
    }
  },
  skip: 0,
  take: 10,
  orderBy: {
    roles: "desc"
           ~~~~~~
  }
}

Argument `roles`: Invalid value provided. Expected User_RoleOrderByRelationAggregateInput, provided String.
[2026-01-22T11:46:29.596Z] 
Invalid `prisma.user.findMany()` invocation:

{
  select: {
    id: true,
    first_name: true,
    last_name: true,
    username: true,
    email: true,
    roles: {
      select: {
        role: {
          select: {
            name: true,
            id: true
          }
        }
      }
    }
  },
  skip: 0,
  take: 10,
  orderBy: {
    roles: "desc"
           ~~~~~~
  }
}

Argument `roles`: Invalid value provided. Expected User_RoleOrderByRelationAggregateInput, provided String.
[2026-01-22T11:48:19.569Z] 
Invalid `prisma.user.findMany()` invocation:

{
  select: {
    id: true,
    first_name: true,
    last_name: true,
    username: true,
    email: true,
    roles: {
      select: {
        role: {
          select: {
            name: true,
            id: true
          }
        }
      }
    }
  },
  skip: 0,
  take: 10,
  orderBy: {
    roles: "asc"
           ~~~~~
  }
}

Argument `roles`: Invalid value provided. Expected User_RoleOrderByRelationAggregateInput, provided String.
[2026-01-22T11:48:20.857Z] 
Invalid `prisma.user.findMany()` invocation:

{
  select: {
    id: true,
    first_name: true,
    last_name: true,
    username: true,
    email: true,
    roles: {
      select: {
        role: {
          select: {
            name: true,
            id: true
          }
        }
      }
    }
  },
  skip: 0,
  take: 10,
  orderBy: {
    roles: "desc"
           ~~~~~~
  }
}

Argument `roles`: Invalid value provided. Expected User_RoleOrderByRelationAggregateInput, provided String.
[2026-01-22T12:33:08.683Z] 
Invalid `prisma.user.findMany()` invocation:

{
  where: {
    roles: {
      some: {
        role: {
          is: {
            name: "USER"
          }
        }
      }
    }
  },
  include: {
    roles: {
      select: {
        role: {
          select: {
            name: true,
            id: true
          }
        }
      }
    }
  },
  skip: 0,
  take: 10,
  orderBy: {
    roles: "asc"
           ~~~~~
  }
}

Argument `roles`: Invalid value provided. Expected User_RoleOrderByRelationAggregateInput, provided String.
[2026-01-22T12:33:09.856Z] 
Invalid `prisma.user.findMany()` invocation:

{
  where: {
    roles: {
      some: {
        role: {
          is: {
            name: "USER"
          }
        }
      }
    }
  },
  include: {
    roles: {
      select: {
        role: {
          select: {
            name: true,
            id: true
          }
        }
      }
    }
  },
  skip: 0,
  take: 10,
  orderBy: {
    roles: "desc"
           ~~~~~~
  }
}

Argument `roles`: Invalid value provided. Expected User_RoleOrderByRelationAggregateInput, provided String.
[2026-01-22T12:38:20.928Z] 
Invalid `prisma.user.findMany()` invocation:

{
  select: {
    id: true,
    first_name: true,
    last_name: true,
    username: true,
    email: true,
    roles: {
      select: {
        role: {
          select: {
            name: true,
            id: true
          }
        }
      }
    }
  },
  skip: 0,
  take: 10,
  orderBy: {
    roles: "asc"
           ~~~~~
  }
}

Argument `roles`: Invalid value provided. Expected User_RoleOrderByRelationAggregateInput, provided String.
[2026-01-22T12:38:44.150Z] 
Invalid `prisma.user.findMany()` invocation:

{
  where: {
    roles: {
      some: {
        role: {
          is: {
            name: "SUPER_ADMIN"
          }
        }
      }
    }
  },
  include: {
    roles: {
      select: {
        role: {
          select: {
            name: true,
            id: true
          }
        }
      }
    }
  },
  skip: 0,
  take: 10,
  orderBy: {
    roles: "asc"
           ~~~~~
  }
}

Argument `roles`: Invalid value provided. Expected User_RoleOrderByRelationAggregateInput, provided String.
[2026-01-22T14:33:58.823Z] 
Invalid `prisma.user.findMany()` invocation:

{
  select: {
    id: true,
    first_name: true,
    last_name: true,
    username: true,
    email: true,
    roles: {
      select: {
        role: {
          select: {
            name: true,
            id: true
          }
        }
      }
    }
  },
  skip: 0,
  take: 5,
  orderBy: {
    EMAIL: "asc",
    ~~~~~
?   id?: SortOrder,
?   first_name?: SortOrder,
?   last_name?: SortOrder,
?   username?: SortOrder,
?   email?: SortOrder,
?   password?: SortOrder,
?   created_at?: SortOrder,
?   roles?: User_RoleOrderByRelationAggregateInput,
?   permissions?: User_permissionOrderByRelationAggregateInput,
?   categories?: CategoryOrderByRelationAggregateInput,
?   devices?: User_deviceOrderByRelationAggregateInput,
?   _relevance?: UserOrderByRelevanceInput
  }
}

Unknown argument `EMAIL`. Available options are marked with ?.
[2026-01-22T14:33:59.942Z] 
Invalid `prisma.user.findMany()` invocation:

{
  select: {
    id: true,
    first_name: true,
    last_name: true,
    username: true,
    email: true,
    roles: {
      select: {
        role: {
          select: {
            name: true,
            id: true
          }
        }
      }
    }
  },
  skip: 0,
  take: 5,
  orderBy: {
    EMAIL: "desc",
    ~~~~~
?   id?: SortOrder,
?   first_name?: SortOrder,
?   last_name?: SortOrder,
?   username?: SortOrder,
?   email?: SortOrder,
?   password?: SortOrder,
?   created_at?: SortOrder,
?   roles?: User_RoleOrderByRelationAggregateInput,
?   permissions?: User_permissionOrderByRelationAggregateInput,
?   categories?: CategoryOrderByRelationAggregateInput,
?   devices?: User_deviceOrderByRelationAggregateInput,
?   _relevance?: UserOrderByRelevanceInput
  }
}

Unknown argument `EMAIL`. Available options are marked with ?.
[2026-01-22T14:34:39.220Z] 
Invalid `prisma.user.findMany()` invocation:

{
  select: {
    id: true,
    first_name: true,
    last_name: true,
    username: true,
    email: true,
    roles: {
      select: {
        role: {
          select: {
            name: true,
            id: true
          }
        }
      }
    }
  },
  skip: 0,
  take: 5,
  orderBy: {
    EMAIL: "asc",
    ~~~~~
?   id?: SortOrder,
?   first_name?: SortOrder,
?   last_name?: SortOrder,
?   username?: SortOrder,
?   email?: SortOrder,
?   password?: SortOrder,
?   created_at?: SortOrder,
?   roles?: User_RoleOrderByRelationAggregateInput,
?   permissions?: User_permissionOrderByRelationAggregateInput,
?   categories?: CategoryOrderByRelationAggregateInput,
?   devices?: User_deviceOrderByRelationAggregateInput,
?   _relevance?: UserOrderByRelevanceInput
  }
}

Unknown argument `EMAIL`. Available options are marked with ?.
[2026-01-22T14:35:46.784Z] 
Invalid `prisma.user.findMany()` invocation:

{
  select: {
    id: true,
    first_name: true,
    last_name: true,
    username: true,
    email: true,
    roles: {
      select: {
        role: {
          select: {
            name: true,
            id: true
          }
        }
      }
    }
  },
  skip: 0,
  take: 5,
  orderBy: {
    ID: "desc",
    ~~
?   id?: SortOrder,
?   first_name?: SortOrder,
?   last_name?: SortOrder,
?   username?: SortOrder,
?   email?: SortOrder,
?   password?: SortOrder,
?   created_at?: SortOrder,
?   roles?: User_RoleOrderByRelationAggregateInput,
?   permissions?: User_permissionOrderByRelationAggregateInput,
?   categories?: CategoryOrderByRelationAggregateInput,
?   devices?: User_deviceOrderByRelationAggregateInput,
?   _relevance?: UserOrderByRelevanceInput
  }
}

Unknown argument `ID`. Did you mean `id`? Available options are marked with ?.
[2026-01-22T14:35:48.055Z] 
Invalid `prisma.user.findMany()` invocation:

{
  select: {
    id: true,
    first_name: true,
    last_name: true,
    username: true,
    email: true,
    roles: {
      select: {
        role: {
          select: {
            name: true,
            id: true
          }
        }
      }
    }
  },
  skip: 0,
  take: 5,
  orderBy: {
    ID: "desc",
    ~~
?   id?: SortOrder,
?   first_name?: SortOrder,
?   last_name?: SortOrder,
?   username?: SortOrder,
?   email?: SortOrder,
?   password?: SortOrder,
?   created_at?: SortOrder,
?   roles?: User_RoleOrderByRelationAggregateInput,
?   permissions?: User_permissionOrderByRelationAggregateInput,
?   categories?: CategoryOrderByRelationAggregateInput,
?   devices?: User_deviceOrderByRelationAggregateInput,
?   _relevance?: UserOrderByRelevanceInput
  }
}

Unknown argument `ID`. Did you mean `id`? Available options are marked with ?.
[2026-01-22T14:42:14.134Z] 
Invalid `prisma.user.findMany()` invocation:

{
  select: {
    id: true,
    first_name: true,
    last_name: true,
    username: true,
    email: true,
    roles: {
      select: {
        role: {
          select: {
            name: true,
            id: true
          }
        }
      }
    }
  },
  skip: 0,
  take: 10,
  orderBy: {
    undefined: "asc",
    ~~~~~~~~~
?   id?: SortOrder,
?   first_name?: SortOrder,
?   last_name?: SortOrder,
?   username?: SortOrder,
?   email?: SortOrder,
?   password?: SortOrder,
?   created_at?: SortOrder,
?   roles?: User_RoleOrderByRelationAggregateInput,
?   permissions?: User_permissionOrderByRelationAggregateInput,
?   categories?: CategoryOrderByRelationAggregateInput,
?   devices?: User_deviceOrderByRelationAggregateInput,
?   _relevance?: UserOrderByRelevanceInput
  }
}

Unknown argument `undefined`. Available options are marked with ?.
[2026-01-22T14:42:14.159Z] 
Invalid `prisma.user.findMany()` invocation:

{
  select: {
    id: true,
    first_name: true,
    last_name: true,
    username: true,
    email: true,
    roles: {
      select: {
        role: {
          select: {
            name: true,
            id: true
          }
        }
      }
    }
  },
  skip: 0,
  take: 10,
  orderBy: {
    undefined: "asc",
    ~~~~~~~~~
?   id?: SortOrder,
?   first_name?: SortOrder,
?   last_name?: SortOrder,
?   username?: SortOrder,
?   email?: SortOrder,
?   password?: SortOrder,
?   created_at?: SortOrder,
?   roles?: User_RoleOrderByRelationAggregateInput,
?   permissions?: User_permissionOrderByRelationAggregateInput,
?   categories?: CategoryOrderByRelationAggregateInput,
?   devices?: User_deviceOrderByRelationAggregateInput,
?   _relevance?: UserOrderByRelevanceInput
  }
}

Unknown argument `undefined`. Available options are marked with ?.
[2026-01-22T14:42:16.151Z] 
Invalid `prisma.user.findMany()` invocation:

{
  select: {
    id: true,
    first_name: true,
    last_name: true,
    username: true,
    email: true,
    roles: {
      select: {
        role: {
          select: {
            name: true,
            id: true
          }
        }
      }
    }
  },
  skip: 0,
  take: 10,
  orderBy: {
    undefined: "asc",
    ~~~~~~~~~
?   id?: SortOrder,
?   first_name?: SortOrder,
?   last_name?: SortOrder,
?   username?: SortOrder,
?   email?: SortOrder,
?   password?: SortOrder,
?   created_at?: SortOrder,
?   roles?: User_RoleOrderByRelationAggregateInput,
?   permissions?: User_permissionOrderByRelationAggregateInput,
?   categories?: CategoryOrderByRelationAggregateInput,
?   devices?: User_deviceOrderByRelationAggregateInput,
?   _relevance?: UserOrderByRelevanceInput
  }
}

Unknown argument `undefined`. Available options are marked with ?.
[2026-01-22T14:42:16.193Z] 
Invalid `prisma.user.findMany()` invocation:

{
  select: {
    id: true,
    first_name: true,
    last_name: true,
    username: true,
    email: true,
    roles: {
      select: {
        role: {
          select: {
            name: true,
            id: true
          }
        }
      }
    }
  },
  skip: 0,
  take: 10,
  orderBy: {
    undefined: "asc",
    ~~~~~~~~~
?   id?: SortOrder,
?   first_name?: SortOrder,
?   last_name?: SortOrder,
?   username?: SortOrder,
?   email?: SortOrder,
?   password?: SortOrder,
?   created_at?: SortOrder,
?   roles?: User_RoleOrderByRelationAggregateInput,
?   permissions?: User_permissionOrderByRelationAggregateInput,
?   categories?: CategoryOrderByRelationAggregateInput,
?   devices?: User_deviceOrderByRelationAggregateInput,
?   _relevance?: UserOrderByRelevanceInput
  }
}

Unknown argument `undefined`. Available options are marked with ?.
[2026-01-22T14:42:31.867Z] 
Invalid `prisma.user.findMany()` invocation:

{
  select: {
    id: true,
    first_name: true,
    last_name: true,
    username: true,
    email: true,
    roles: {
      select: {
        role: {
          select: {
            name: true,
            id: true
          }
        }
      }
    }
  },
  skip: 0,
  take: 10,
  orderBy: {
    role: "asc",
    ~~~~
?   id?: SortOrder,
?   first_name?: SortOrder,
?   last_name?: SortOrder,
?   username?: SortOrder,
?   email?: SortOrder,
?   password?: SortOrder,
?   created_at?: SortOrder,
?   roles?: User_RoleOrderByRelationAggregateInput,
?   permissions?: User_permissionOrderByRelationAggregateInput,
?   categories?: CategoryOrderByRelationAggregateInput,
?   devices?: User_deviceOrderByRelationAggregateInput,
?   _relevance?: UserOrderByRelevanceInput
  }
}

Unknown argument `role`. Did you mean `roles`? Available options are marked with ?.
[2026-01-22T14:42:32.857Z] 
Invalid `prisma.user.findMany()` invocation:

{
  select: {
    id: true,
    first_name: true,
    last_name: true,
    username: true,
    email: true,
    roles: {
      select: {
        role: {
          select: {
            name: true,
            id: true
          }
        }
      }
    }
  },
  skip: 0,
  take: 10,
  orderBy: {
    role: "desc",
    ~~~~
?   id?: SortOrder,
?   first_name?: SortOrder,
?   last_name?: SortOrder,
?   username?: SortOrder,
?   email?: SortOrder,
?   password?: SortOrder,
?   created_at?: SortOrder,
?   roles?: User_RoleOrderByRelationAggregateInput,
?   permissions?: User_permissionOrderByRelationAggregateInput,
?   categories?: CategoryOrderByRelationAggregateInput,
?   devices?: User_deviceOrderByRelationAggregateInput,
?   _relevance?: UserOrderByRelevanceInput
  }
}

Unknown argument `role`. Did you mean `roles`? Available options are marked with ?.
[2026-01-22T14:43:00.853Z] 
Invalid `prisma.user.findMany()` invocation:

{
  select: {
    id: true,
    first_name: true,
    last_name: true,
    username: true,
    email: true,
    roles: {
      select: {
        role: {
          select: {
            name: true,
            id: true
          }
        }
      }
    }
  },
  skip: 0,
  take: 10,
  orderBy: {
    last name: "desc",
    ~~~~~~~~~
?   id?: SortOrder,
?   first_name?: SortOrder,
?   last_name?: SortOrder,
?   username?: SortOrder,
?   email?: SortOrder,
?   password?: SortOrder,
?   created_at?: SortOrder,
?   roles?: User_RoleOrderByRelationAggregateInput,
?   permissions?: User_permissionOrderByRelationAggregateInput,
?   categories?: CategoryOrderByRelationAggregateInput,
?   devices?: User_deviceOrderByRelationAggregateInput,
?   _relevance?: UserOrderByRelevanceInput
  }
}

Unknown argument `last name`. Did you mean `last_name`? Available options are marked with ?.
[2026-01-23T12:55:46.538Z] total is not defined
[2026-01-23T12:55:46.573Z] total is not defined
